timestamp,open,high,low,close,volume
2026-07-20 15:21:20.889982,2502.7350657917336,2503.422247553959,2501.3683251555567,2502.7350657917336,269.76925268942614
2026-07-20 15:26:20.889982,2502.7350657917336,2503.2706688982025,2501.1033936325343,2502.2933004617917,50.0
2026-07-20 15:31:20.889982,2502.2933004617917,2506.584659808502,2501.625930254098,2505.787380383764,338.1238357834492
2026-07-20 15:36:20.889982,2505.787380383764,2516.1138448272827,2505.386268710309,2513.683150880312,691.3406372771317
2026-07-20 15:41:20.889982,2513.683150880312,2515.662238572181,2510.2845469815065,2512.757514879329,603.3893031496742
2026-07-20 15:46:20.889982,2512.757514879329,2512.807522482154,2510.0764625722272,2511.832302210949,455.69734740957523
2026-07-20 15:51:20.889982,2511.832302210949,2520.667615351627,2511.7306035859547,2520.030269945998,495.5399432563894
2026-07-20 15:56:20.889982,2520.030269945998,2525.17051523553,2517.673492755375,2524.153560070491,362.2228914849189
2026-07-20 16:01:20.889982,2524.153560070491,2524.183256975322,2520.5541432301234,2522.0368125867635,540.9517764803568
2026-07-20 16:06:20.889982,2522.0368125867635,2526.2935407835994,2519.8341055726896,2525.0275008862986,653.175655896123
2026-07-20 16:11:20.889982,2525.0275008862986,2525.239607525585,2521.221132008828,2522.9405816871054,176.82264251790542
2026-07-20 16:16:20.889982,2522.9405816871054,2524.6564580452814,2519.1570844329217,2520.8437305986977,559.9295375674697
2026-07-20 16:21:20.889982,2520.8437305986977,2524.6930084780697,2518.768855561467,2522.316142969418,686.4869741909334
2026-07-20 16:26:20.889982,2522.316142969418,2522.4220114543864,2511.750271429275,2512.934071575345,416.9799422073261
2026-07-20 16:31:20.889982,2512.934071575345,2513.934101369161,2503.75346589239,2504.5302389861495,640.1401224241167
2026-07-20 16:36:20.889982,2504.5302389861495,2505.660625462263,2501.004233305654,2501.965473891609,1062.9308888945106
2026-07-20 16:41:20.889982,2501.965473891609,2503.047158382298,2494.706803445821,2497.1521693378754,479.1314414026216
2026-07-20 16:46:20.889982,2497.1521693378754,2499.1934854789192,2494.8492185206273,2498.971994157261,578.6614100010647
2026-07-20 16:51:20.889982,2498.971994157261,2500.1720922547916,2493.131273428405,2494.687315296267,352.3885832677217
2026-07-20 16:56:20.889982,2494.687315296267,2496.7583622124635,2487.0027272050356,2487.8995230033165,536.2502325204101
2026-07-20 17:01:20.889982,2487.8995230033165,2496.526626060812,2486.8806821715702,2495.4525286218995,592.0543249964608
2026-07-20 17:06:20.889982,2495.4525286218995,2496.3876520996396,2492.266597304576,2494.5753999823187,538.9684680540277
2026-07-20 17:11:20.889982,2494.5753999823187,2497.2301490669533,2494.303491289008,2495.1618348386914,296.06093605822866
2026-07-20 17:16:20.889982,2495.1618348386914,2495.431620101247,2487.2461468195456,2488.3108191625442,541.2723542650901
2026-07-20 17:21:20.889982,2488.3108191625442,2488.5563093804585,2484.3127057440893,2485.851679354646,792.4391877435273
2026-07-20 17:26:20.889982,2485.851679354646,2487.00917849938,2484.553136899164,2486.6518674958393,589.7271529029055
2026-07-20 17:31:20.889982,2486.6518674958393,2486.6698209905394,2480.3967829149096,2481.182316175957,692.3974378143682
2026-07-20 17:36:20.889982,2481.182316175957,2484.9773492969794,2479.981327317123,2483.295684495303,452.59760599747443
2026-07-20 17:41:20.889982,2483.295684495303,2485.7250168881574,2478.39412345948,2480.562392463111,649.9800478847421
2026-07-20 17:46:20.889982,2480.562392463111,2481.4530899338374,2479.2508316967305,2479.363609372373,555.8535676433052
2026-07-20 17:51:20.889982,2479.363609372373,2481.4602244480066,2474.3725659181546,2476.629355560874,309.8178540625536
2026-07-20 17:56:20.889982,2476.629355560874,2488.109915434762,2476.31247098115,2486.069778472596,563.7042009597749
2026-07-20 18:01:20.889982,2486.069778472596,2488.732349772967,2485.426920054204,2486.2512819907165,301.6606673119379
2026-07-20 18:06:20.889982,2486.2512819907165,2488.0518373836103,2478.9924254703806,2481.245482905609,373.4239450230416
2026-07-20 18:11:20.889982,2481.245482905609,2486.165078467158,2478.9918704695065,2485.5792594640543,537.8656614584748
2026-07-20 18:16:20.889982,2485.5792594640543,2486.3485004584873,2477.3443436596876,2479.7656195990776,559.4488546760248
2026-07-20 18:21:20.889982,2479.7656195990776,2481.747614198183,2477.401322220349,2481.049794082534,262.15350698457416
2026-07-20 18:26:20.889982,2481.049794082534,2481.1826410276053,2469.8388627597324,2471.5918937142137,710.7971542365752
2026-07-20 18:31:20.889982,2471.5918937142137,2472.9070552791604,2464.103552665272,2465.281654256493,614.4012556600945
2026-07-20 18:36:20.889982,2465.281654256493,2467.0503682580397,2463.5421619006365,2466.4991197286636,359.05431287782324
2026-07-20 18:41:20.889982,2466.4991197286636,2470.8630665189066,2465.1355359255176,2470.391692336419,192.48304071016491
2026-07-20 18:46:20.889982,2470.391692336419,2472.1115595005276,2468.030933218788,2471.485667215485,471.01908418371374
2026-07-20 18:51:20.889982,2471.485667215485,2471.556428800685,2470.6676301647176,2471.161190939262,410.81125722776795
2026-07-20 18:56:20.889982,2471.161190939262,2471.759979505919,2468.8977525031646,2469.9204671007965,522.6280914106046
2026-07-20 19:01:20.889982,2469.9204671007965,2470.495292288505,2461.663735880398,2462.8738667142547,427.3766677688867
2026-07-20 19:06:20.889982,2462.8738667142547,2465.0226392510976,2457.825217752829,2459.576592276343,98.50862785099804
2026-07-20 19:11:20.889982,2459.576592276343,2461.0030531880775,2457.338696098678,2457.5574265197133,422.3306123397683
2026-07-20 19:16:20.889982,2457.5574265197133,2464.71439451402,2457.148453859426,2463.005088419734,438.8761777863374
2026-07-20 19:21:20.889982,2463.005088419734,2466.88317174768,2462.3891973511295,2464.944819533404,626.7322049548118
2026-07-20 19:26:20.889982,2464.944819533404,2465.972821635771,2455.6532358879317,2456.514170906406,360.36006507779007
2026-07-20 19:31:20.889982,2456.514170906406,2460.464011288631,2456.203312650327,2458.3527437451235,835.7349346745132
2026-07-20 19:36:20.889982,2458.3527437451235,2459.743298393719,2456.3567912041585,2456.7057947832936,117.67188986964857
2026-07-20 19:41:20.889982,2456.7057947832936,2458.4372707980588,2451.4066747855613,2453.6273992784054,762.2334995605249
2026-07-20 19:46:20.889982,2453.6273992784054,2457.9443402010397,2452.4298027352434,2456.8765628422216,455.13620582437903
2026-07-20 19:51:20.889982,2456.8765628422216,2464.477568792134,2455.5965513100064,2462.194073780258,671.9169744687113
2026-07-20 19:56:20.889982,2462.194073780258,2468.2339432910267,2460.770115290885,2467.0310228176813,515.9602968117466
2026-07-20 20:01:20.889982,2467.0310228176813,2468.7313739591373,2462.8767775039046,2463.1400462253573,727.9111072050939
2026-07-20 20:06:20.889982,2463.1400462253573,2465.162556448615,2460.791270505022,2461.8634244032532,422.52760708943777
2026-07-20 20:11:20.889982,2461.8634244032532,2463.919625318115,2459.927950045055,2463.7413773006942,280.27591496443756
2026-07-20 20:16:20.889982,2463.7413773006942,2469.7305332778897,2463.494097750093,2468.799919218241,784.1008574542127
2026-07-20 20:21:20.889982,2468.799919218241,2470.3645928598676,2464.5107338334,2466.6817377697535,477.30387082357174
2026-07-20 20:26:20.889982,2466.6817377697535,2468.871543139066,2463.650963341323,2466.0125735113943,544.3116947248421
2026-07-20 20:31:20.889982,2466.0125735113943,2468.1523460852836,2460.8029339590603,2460.808202350946,746.950382808959
2026-07-20 20:36:20.889982,2460.808202350946,2461.743902932127,2453.1638100276327,2455.1734740572033,293.60895158111305
2026-07-20 20:41:20.889982,2455.1734740572033,2460.3131974504267,2453.6965681209813,2459.4124302548557,619.0981795278515
2026-07-20 20:46:20.889982,2459.4124302548557,2467.8345980869535,2458.514682484745,2466.3392148230323,382.0210487074218
2026-07-20 20:51:20.889982,2466.3392148230323,2468.569954338671,2464.9895711921426,2466.2306483606576,473.5661288711256
2026-07-20 20:56:20.889982,2466.2306483606576,2472.5813200018197,2463.7705493889453,2471.4326371460356,514.4557930768577
2026-07-20 21:01:20.889982,2471.4326371460356,2474.688793755517,2470.9917378838095,2473.4681363297163,199.95562771061282
2026-07-20 21:06:20.889982,2473.4681363297163,2474.737197198894,2468.514818776104,2470.525868178336,344.23259143591304
2026-07-20 21:11:20.889982,2470.525868178336,2474.4802649619414,2468.577656528462,2472.5594316336073,770.2145784826279
2026-07-20 21:16:20.889982,2472.5594316336073,2482.181145181158,2471.930862942659,2480.424945325446,677.2382377169591
2026-07-20 21:21:20.889982,2480.424945325446,2482.6336567041226,2478.208825866689,2480.4952612144275,487.472084534553
2026-07-20 21:26:20.889982,2480.4952612144275,2489.001593257368,2480.171666626163,2488.5184406915228,548.6246917025786
2026-07-20 21:31:20.889982,2488.5184406915228,2490.946251646687,2473.611771541321,2475.761534610107,441.1514988727085
2026-07-20 21:36:20.889982,2475.761534610107,2482.2978457591435,2473.567078051867,2480.0825463806514,771.3166771655965
2026-07-20 21:41:20.889982,2480.0825463806514,2482.1062119485305,2478.4794167155965,2480.762415634423,459.92948444116723
2026-07-20 21:46:20.889982,2480.762415634423,2482.1153313008795,2479.400299529454,2479.5272670685185,546.3684184269696
2026-07-20 21:51:20.889982,2479.5272670685185,2482.0793855476786,2478.274282512939,2480.230366157323,729.2060288284131
2026-07-20 21:56:20.889982,2480.230366157323,2481.8368338730534,2469.3958891711904,2470.637730037982,344.5257030308187
2026-07-20 22:01:20.889982,2470.637730037982,2471.8528176469713,2469.3751920857117,2469.7994767384093,811.7578368993788
2026-07-20 22:06:20.889982,2469.7994767384093,2472.5001961869298,2469.4071424429676,2471.811268485162,193.90771805132465
2026-07-20 22:11:20.889982,2471.811268485162,2479.861282720448,2469.406252032258,2479.3761523732514,825.9284262225597
2026-07-20 22:16:20.889982,2479.3761523732514,2479.755778199307,2476.3882056444586,2477.055203350092,425.4648832096051
2026-07-20 22:21:20.889982,2477.055203350092,2478.518126534838,2471.791236108582,2473.30039101978,451.46025043494365
2026-07-20 22:26:20.889982,2473.30039101978,2473.6812152950824,2469.1054097642827,2471.0667384949047,121.9979657634114
2026-07-20 22:31:20.889982,2471.0667384949047,2477.786532286559,2470.4803106095906,2475.8424936600372,409.0410565244614
2026-07-20 22:36:20.889982,2475.8424936600372,2478.433894238928,2473.520183444195,2477.7186603541736,292.03869379462316
2026-07-20 22:41:20.889982,2477.7186603541736,2479.764441903199,2473.6150923951423,2475.3423789629965,378.4707309253055
2026-07-20 22:46:20.889982,2475.3423789629965,2478.3362945730873,2474.3070321579403,2478.13250975348,472.5378068422241
2026-07-20 22:51:20.889982,2478.13250975348,2480.248004207944,2477.6680797480326,2478.861572289943,691.5583228945811
2026-07-20 22:56:20.889982,2478.861572289943,2485.030237524258,2477.3717123382844,2483.916879950917,541.5206702801252
2026-07-20 23:01:20.889982,2483.916879950917,2484.730056412758,2478.7424258909186,2480.679699849992,561.5353306802227
2026-07-20 23:06:20.889982,2480.679699849992,2482.764586065911,2478.5001748137465,2479.302500580526,280.8961222308875
2026-07-20 23:11:20.889982,2479.302500580526,2481.3817853607893,2477.350079599979,2477.606701594284,323.84918207945395
2026-07-20 23:16:20.889982,2477.606701594284,2479.682264823152,2470.234937593228,2470.612324692308,859.7450036702623
2026-07-20 23:21:20.889982,2470.612324692308,2472.5281975495673,2469.0267464684116,2472.323174828595,352.9597930473507
2026-07-20 23:26:20.889982,2472.323174828595,2475.0292194445406,2470.078575856985,2473.8617116650944,831.2416504114592
2026-07-20 23:31:20.889982,2473.8617116650944,2475.0329917231115,2473.151336675158,2474.134412834693,451.3877602238267
2026-07-20 23:36:20.889982,2474.134412834693,2475.3732982976917,2472.0935388854255,2473.221194655691,500.4575872287008
2026-07-20 23:41:20.889982,2473.221194655691,2474.0730413996293,2464.7655831592174,2466.4766798943365,2052.7694169434003
2026-07-20 23:46:20.889982,2466.4766798943365,2468.3501214446233,2462.546675245387,2464.648981315736,2168.6368369272377
2026-07-20 23:51:20.889982,2464.648981315736,2467.0467313555014,2462.5496972416486,2463.2065265144447,1373.655267039562
2026-07-20 23:56:20.889982,2463.2065265144447,2464.9704126541083,2458.5336050940605,2459.503284519211,1214.1475398750522
2026-07-21 00:01:20.889982,2459.503284519211,2461.1685698531132,2457.785512287258,2458.9559302874504,1405.215301710832
2026-07-21 00:06:20.889982,2458.9559302874504,2463.635790925724,2457.1635920580484,2461.18992657589,1631.674117098994
2026-07-21 00:11:20.889982,2461.18992657589,2473.092403432653,2459.134907931709,2470.7390459857083,678.2607373739511
2026-07-21 00:16:20.889982,2470.7390459857083,2474.080876588578,2468.7268286753497,2471.8490415894835,500.8459717988303
2026-07-21 00:21:20.889982,2471.8490415894835,2474.50561596655,2471.226658542395,2473.3699455732426,623.7772596046307
2026-07-21 00:26:20.889982,2473.3699455732426,2474.2858843654417,2473.1989717001193,2473.2490209426837,827.6719464541882
2026-07-21 00:31:20.889982,2473.2490209426837,2474.5449865310966,2462.7779272343723,2464.0224009680223,576.2619224529569
2026-07-21 00:36:20.889982,2464.0224009680223,2465.432434066107,2461.622366210449,2464.138144360375,562.3305712009557
2026-07-21 00:41:20.889982,2464.138144360375,2466.927892950825,2463.7396617348613,2464.681449176732,196.2178349819864
2026-07-21 00:46:20.889982,2464.681449176732,2478.0150789733234,2463.636532245945,2477.1013195924024,50.0
2026-07-21 00:51:20.889982,2477.1013195924024,2477.994396158969,2474.418742602483,2476.396134920501,577.6751458460337
2026-07-21 00:56:20.889982,2476.396134920501,2479.436525721549,2474.979389144964,2478.1378881170494,481.03515374382556
2026-07-21 01:01:20.889982,2478.1378881170494,2480.3276118166846,2476.1406870249707,2478.213661960963,397.04346501705163
2026-07-21 01:06:20.889982,2478.213661960963,2478.541310363085,2470.909934722797,2472.6752136195023,548.7060408372689
2026-07-21 01:11:20.889982,2472.6752136195023,2479.6604462033793,2471.9466425801793,2478.581182408142,487.9192541606183
2026-07-21 01:16:20.889982,2478.581182408142,2482.683859004339,2477.3734948167335,2482.559684296111,725.5560501267797
2026-07-21 01:21:20.889982,2482.559684296111,2487.622900541248,2481.9352881637355,2486.7390222773415,517.2221736517956
2026-07-21 01:26:20.889982,2486.7390222773415,2488.4664895750034,2480.5583254092217,2482.468548681903,350.6153429859665
2026-07-21 01:31:20.889982,2482.468548681903,2490.3015207845583,2482.3457969755336,2489.692070260148,698.0332477918578
2026-07-21 01:36:20.889982,2489.692070260148,2491.805203128357,2482.945046416779,2482.9697761531675,456.5737850107595
2026-07-21 01:41:20.889982,2482.9697761531675,2488.4641725538777,2481.4114149751554,2486.1343849601635,605.3073367344614
2026-07-21 01:46:20.889982,2486.1343849601635,2498.1032762769355,2485.5216077540317,2497.299528826493,404.5178587614399
2026-07-21 01:51:20.889982,2497.299528826493,2497.3220186676176,2492.01940493191,2492.606342479424,370.0346229005127
2026-07-21 01:56:20.889982,2492.606342479424,2492.9496449173243,2488.5095023151175,2490.0338169062857,516.8336460371393
2026-07-21 02:01:20.889982,2490.0338169062857,2491.1940306566175,2488.7175107341936,2490.779202368302,502.565728708737
2026-07-21 02:06:20.889982,2490.779202368302,2492.2490520800534,2487.77952792298,2488.521211011082,595.9654070733666
2026-07-21 02:11:20.889982,2488.521211011082,2488.608470880478,2480.9711132570915,2481.0635425021,446.2708493380515
2026-07-21 02:16:20.889982,2481.0635425021,2481.717321717655,2479.2297272371034,2481.651936809686,132.72804324592056
2026-07-21 02:21:20.889982,2481.651936809686,2482.4411262095628,2474.6605055859864,2476.63264862466,413.4452232823223
2026-07-21 02:26:20.889982,2476.63264862466,2480.2978631374467,2475.510738738379,2479.2274992482476,658.7636934287632
2026-07-21 02:31:20.889982,2479.2274992482476,2480.4990519002754,2473.155548239227,2474.920244225379,440.5247841513787
2026-07-21 02:36:20.889982,2474.920244225379,2483.5314156331206,2474.619325232577,2482.8523484004013,450.7233194970904
2026-07-21 02:41:20.889982,2482.8523484004013,2484.232956660927,2478.403250173024,2479.213897640785,697.2753011811874
2026-07-21 02:46:20.889982,2479.213897640785,2480.310928255216,2476.2622204222016,2477.8652672005205,357.6053545482155
2026-07-21 02:51:20.889982,2477.8652672005205,2483.374816649567,2476.3282998636464,2482.1483232697087,191.4393563514201
2026-07-21 02:56:20.889982,2482.1483232697087,2483.4991083924783,2474.461126837631,2476.2930794736762,467.87377609490113
2026-07-21 03:01:20.889982,2476.2930794736762,2479.416681334882,2474.9702687414656,2477.6676050459623,403.1652097502526
2026-07-21 03:06:20.889982,2477.6676050459623,2486.08850541422,2475.5032147183347,2484.401837501711,306.7507360493492
2026-07-21 03:11:20.889982,2484.401837501711,2485.4757730833912,2475.652769668626,2476.6750496723294,464.92430882026184
2026-07-21 03:16:20.889982,2476.6750496723294,2479.7312225522383,2475.2322531190366,2477.83754605848,598.3011294493567
2026-07-21 03:21:20.889982,2477.83754605848,2479.549752825506,2475.6270374107107,2479.3737004820664,498.1422876864369
2026-07-21 03:26:20.889982,2479.3737004820664,2483.5783828855388,2477.5181462389432,2483.501932991628,561.3962145372476
2026-07-21 03:31:20.889982,2483.501932991628,2485.386399711777,2475.251895725166,2477.6133364611896,862.6815397030846
2026-07-21 03:36:20.889982,2477.6133364611896,2477.747460593409,2469.850899393733,2471.325927228634,431.4242276884872
2026-07-21 03:41:20.889982,2471.325927228634,2475.2129963643124,2470.5088254348934,2474.1544527114447,555.6697269289339
2026-07-21 03:46:20.889982,2474.1544527114447,2476.0956531639563,2472.7623595159234,2475.872035966183,398.1573274801731
2026-07-21 03:51:20.889982,2475.872035966183,2478.5472034148015,2475.6131725070113,2477.360446868576,330.7280560226054
2026-07-21 03:56:20.889982,2477.360446868576,2480.844076903913,2475.532270996818,2479.3255160406597,383.01846931644604
2026-07-21 04:01:20.889982,2479.3255160406597,2481.2278487103667,2473.9615225446382,2476.2034107213894,404.2482856956623
2026-07-21 04:06:20.889982,2476.2034107213894,2478.6161458568035,2473.8434086810616,2477.6016404749735,571.8951595094251
2026-07-21 04:11:20.889982,2477.6016404749735,2481.4478787180365,2476.867027696201,2479.302217674774,969.8151573401515
2026-07-21 04:16:20.889982,2479.302217674774,2479.6971284625124,2474.932120797565,2476.010149361302,356.79131274483194
2026-07-21 04:21:20.889982,2476.010149361302,2486.5142271166897,2474.584662518119,2485.5153017283205,416.6749388769075
2026-07-21 04:26:20.889982,2485.5153017283205,2489.572191076099,2483.6511976025467,2488.1206557411697,487.37539737775035
2026-07-21 04:31:20.889982,2488.1206557411697,2489.389323453455,2482.1875143941193,2482.4477311212927,579.1597697419494
2026-07-21 04:36:20.889982,2482.4477311212927,2488.091852022443,2481.6787567345827,2485.958175659727,552.710162390957
2026-07-21 04:41:20.889982,2485.958175659727,2488.3727805221743,2481.0725303460154,2481.3649842927384,756.8191587896234
2026-07-21 04:46:20.889982,2481.3649842927384,2487.904443550939,2481.139150781983,2485.522688521053,50.0
2026-07-21 04:51:20.889982,2485.522688521053,2492.113574366161,2485.406913018167,2491.5379390631715,50.0
2026-07-21 04:56:20.889982,2491.5379390631715,2493.2947552193546,2485.5852401603074,2487.7005287768957,400.82436559797014
2026-07-21 05:01:20.889982,2487.7005287768957,2493.829623935036,2485.3906439198317,2492.7475942900883,719.4600375087417
2026-07-21 05:06:20.889982,2492.7475942900883,2496.5286835835277,2491.1771455188186,2495.05585442868,186.87039367888076
2026-07-21 05:11:20.889982,2495.05585442868,2501.524379506438,2494.31532133947,2499.4113291758044,50.0
2026-07-21 05:16:20.889982,2499.4113291758044,2510.0508822897527,2497.146982685281,2509.161972213739,614.2358812438417
2026-07-21 05:21:20.889982,2509.161972213739,2511.4226355563524,2505.732446736031,2508.181642909916,548.7314447405429
2026-07-21 05:26:20.889982,2508.181642909916,2510.4436172200876,2504.3349069431733,2504.6539298137727,281.95831864011404
2026-07-21 05:31:20.889982,2504.6539298137727,2506.717074084129,2499.4272906186925,2500.452072090504,302.892079855814
2026-07-21 05:36:20.889982,2500.452072090504,2502.929523394009,2495.4461510380247,2496.625259623207,306.05125607306513
2026-07-21 05:41:20.889982,2496.625259623207,2498.007980776473,2495.1673599209257,2496.4899376660924,522.107063494788
2026-07-21 05:46:20.889982,2496.4899376660924,2499.24755758942,2496.3026457760684,2498.443715729053,374.7369447633986
2026-07-21 05:51:20.889982,2498.443715729053,2502.3158830567454,2496.4382753894793,2500.0766862965647,598.8127837951039
2026-07-21 05:56:20.889982,2500.0766862965647,2504.816026858636,2498.1347060507073,2504.466586698775,50.0
2026-07-21 06:01:20.889982,2504.466586698775,2506.349788423289,2503.4418997527796,2504.782178847474,328.62962697444016
2026-07-21 06:06:20.889982,2504.782178847474,2512.963749452912,2502.6287455119154,2512.3255656258298,274.78920781778993
2026-07-21 06:11:20.889982,2512.3255656258298,2514.084666490405,2509.8717110906723,2511.2472214163854,448.73186432550153
2026-07-21 06:16:20.889982,2511.2472214163854,2526.7382755913663,2511.0185317196665,2525.1989937429485,392.3904483019723
2026-07-21 06:21:20.889982,2525.1989937429485,2529.8120494301934,2524.7098619585186,2528.6136894350598,659.5687559791534
2026-07-21 06:26:20.889982,2528.6136894350598,2529.1406112584564,2522.8655181693593,2524.5350031698877,128.13264566798853
2026-07-21 06:31:20.889982,2524.5350031698877,2526.8355012220472,2518.3684855154806,2519.385704147875,509.0982952661504
2026-07-21 06:36:20.889982,2519.385704147875,2522.5940983019655,2517.7512603885916,2522.0701400638814,611.6672846423411
2026-07-21 06:41:20.889982,2522.0701400638814,2524.267334899892,2519.308663338452,2521.195321198607,871.3294873123909
2026-07-21 06:46:20.889982,2521.195321198607,2527.244310881404,2519.8425620724875,2525.0506548675166,403.646805781305
2026-07-21 06:51:20.889982,2525.0506548675166,2529.5949543709553,2524.6969847601836,2527.6944409677676,564.8917208705034
2026-07-21 06:56:20.889982,2527.6944409677676,2528.5747727769512,2526.5944182700796,2527.579034571158,139.22744148752702
2026-07-21 07:01:20.889982,2527.579034571158,2528.871374979835,2521.2097494272452,2523.5543240935845,50.0
2026-07-21 07:06:20.889982,2523.5543240935845,2525.7606589586735,2515.833411137217,2516.1719004008028,668.95487515634
2026-07-21 07:11:20.889982,2516.1719004008028,2516.606668867549,2513.2781200880795,2514.177291836496,498.8879412703859
2026-07-21 07:16:20.889982,2514.177291836496,2519.47142790371,2512.63164866639,2518.739119954804,735.7025379596846
2026-07-21 07:21:20.889982,2518.739119954804,2522.344896535792,2516.3153586039916,2520.0698378474895,225.31942220605015
2026-07-21 07:26:20.889982,2520.0698378474895,2521.7169629341015,2511.943173561498,2514.050347993454,603.9804279057505
2026-07-21 07:31:20.889982,2514.050347993454,2516.4937489228464,2513.5266035602044,2515.172774647641,873.7635681087706
2026-07-21 07:36:20.889982,2515.172774647641,2518.6843564952287,2513.7766460008243,2517.3635250246216,583.9411216714532
2026-07-21 07:41:20.889982,2517.3635250246216,2519.2325606156514,2512.6161761620833,2513.168779226899,555.3163011182097
2026-07-21 07:46:20.889982,2513.168779226899,2515.1189823962973,2512.253916756488,2514.192979019555,501.71121616486994
2026-07-21 07:51:20.889982,2514.192979019555,2517.1498914997496,2513.07681571723,2514.737153102182,185.82370857481754
2026-07-21 07:56:20.889982,2514.737153102182,2516.6360159558303,2507.3621203026196,2509.2460908262815,771.1145871420697
2026-07-21 08:01:20.889982,2509.2460908262815,2511.960262620187,2507.8111290437632,2511.2934032606167,377.82847203898683
2026-07-21 08:06:20.889982,2511.2934032606167,2516.6115981446565,2510.1000423625,2514.3629960424423,600.8966512766034
2026-07-21 08:11:20.889982,2514.3629960424423,2522.4490207509916,2513.823770206433,2520.0672610628803,187.3931386857493
2026-07-21 08:16:20.889982,2520.0672610628803,2525.82401616661,2517.8207373424207,2525.636717206152,264.10806709844394
2026-07-21 08:21:20.889982,2525.636717206152,2527.7776519642107,2516.438918691809,2518.9391922321115,787.017479844447
2026-07-21 08:26:20.889982,2518.9391922321115,2520.650543116265,2512.1151322569394,2514.470406328509,430.5395422084314
2026-07-21 08:31:20.889982,2514.470406328509,2519.395231392289,2512.347121303554,2517.3135414133862,790.6550952085089
2026-07-21 08:36:20.889982,2517.3135414133862,2521.587918486235,2516.3510098332936,2520.1535943117824,484.3538681882964
2026-07-21 08:41:20.889982,2520.1535943117824,2525.3611111215628,2519.0645926584903,2523.0032180970375,131.6204454084285
2026-07-21 08:46:20.889982,2523.0032180970375,2544.1435795809602,2521.8776702645214,2542.773483981262,678.4135199463441
2026-07-21 08:51:20.889982,2542.773483981262,2547.3710027429725,2541.577096142322,2545.933013151029,382.02153644887846
2026-07-21 08:56:20.889982,2545.933013151029,2552.099329271719,2543.687377555082,2551.9769171694516,639.7377627034086
2026-07-21 09:01:20.889982,2551.9769171694516,2558.2428064485866,2550.473946572947,2557.1064441504964,505.04217350801645
2026-07-21 09:06:20.889982,2557.1064441504964,2561.0524430932587,2557.097781062588,2560.696025439947,191.37635441142595
2026-07-21 09:11:20.889982,2560.696025439947,2561.32413880782,2557.5345642641946,2559.3378379563287,532.8589530741139
2026-07-21 09:16:20.889982,2559.3378379563287,2563.736324052701,2557.0116879397046,2563.4820406562253,939.2446284305598
2026-07-21 09:21:20.889982,2563.4820406562253,2564.0332471511056,2559.255104770635,2559.778819171037,598.5972917028919
2026-07-21 09:26:20.889982,2559.778819171037,2560.2434394067063,2558.7867924796215,2558.822569202329,488.4964493989074
2026-07-21 09:31:20.889982,2558.822569202329,2560.7974824541047,2554.358393435226,2556.595502782587,715.0686803913795
2026-07-21 09:36:20.889982,2556.595502782587,2558.8404691627843,2556.1143515558006,2557.2698893762063,542.1336930406221
2026-07-21 09:41:20.889982,2557.2698893762063,2570.1256645234657,2556.0528163634845,2569.392673328264,541.9068460525589
2026-07-21 09:46:20.889982,2569.392673328264,2571.8447628241856,2559.4378505446803,2560.071087640159,281.67496556817946
2026-07-21 09:51:20.889982,2560.071087640159,2565.719447061485,2558.946068949192,2563.8436213776126,546.7696051579197
2026-07-21 09:56:20.889982,2563.8436213776126,2564.607255401849,2554.6777627704587,2555.8430123323074,707.088683283389
2026-07-21 10:01:20.889982,2555.8430123323074,2556.025005523766,2551.647541203114,2553.687138870237,332.7875695799951
2026-07-21 10:06:20.889982,2553.687138870237,2560.1335501316985,2551.8346632608586,2559.5108162154197,784.8991642493895
2026-07-21 10:11:20.889982,2559.5108162154197,2560.2708633489333,2557.0662311303618,2560.095884964445,481.6587951709748
2026-07-21 10:16:20.889982,2560.095884964445,2560.5900218343186,2552.583775239794,2554.8390391575945,322.44609769229186
2026-07-21 10:21:20.889982,2554.8390391575945,2556.907112914672,2548.972373789461,2551.4418120679875,699.526415384049
2026-07-21 10:26:20.889982,2551.4418120679875,2556.388672850237,2549.5859001984836,2555.167582125588,442.6411528523461
2026-07-21 10:31:20.889982,2555.167582125588,2556.1148099787997,2551.222593947423,2551.693045098115,651.9029774972216
2026-07-21 10:36:20.889982,2551.693045098115,2554.1844450134417,2551.2701044883165,2553.053248563506,441.6482735482926
2026-07-21 10:41:20.889982,2553.053248563506,2556.048986696223,2552.807526146636,2553.5412951982107,488.03477129401927
2026-07-21 10:46:20.889982,2553.5412951982107,2555.045871665662,2548.8729424459525,2550.4707201660203,598.7120408668583
2026-07-21 10:51:20.889982,2550.4707201660203,2563.0648803591935,2548.781834453205,2561.6864892640638,558.1794115180012
2026-07-21 10:56:20.889982,2561.6864892640638,2565.490885123212,2560.2647058093157,2565.1928590287953,100.89364390965227
2026-07-21 11:01:20.889982,2565.1928590287953,2565.929614665274,2552.6773792995505,2555.0796039830443,275.75125198112164
2026-07-21 11:06:20.889982,2555.0796039830443,2558.236283716308,2552.5947520651,2556.288208934257,685.8819969581631
2026-07-21 11:11:20.889982,2556.288208934257,2556.3842130725075,2552.434325372192,2553.16231665029,473.57268221969053
2026-07-21 11:16:20.889982,2553.16231665029,2558.274442167001,2553.1338371783077,2557.774595239561,395.25373944571567
2026-07-21 11:21:20.889982,2557.774595239561,2558.3944098361585,2552.2454332569746,2553.979012873328,228.28519694850513
2026-07-21 11:26:20.889982,2553.979012873328,2554.5692091305673,2552.3485474376735,2553.6483632531204,284.05273574483033
2026-07-21 11:31:20.889982,2553.6483632531204,2558.7541148316327,2551.876749475327,2556.484421651465,95.64027200761052
2026-07-21 11:36:20.889982,2556.484421651465,2562.1816523265074,2555.532210611587,2561.170939820656,479.7438562596934
2026-07-21 11:41:20.889982,2561.170939820656,2562.33815714373,2554.8331095283993,2555.285500955808,380.3124838837906
2026-07-21 11:46:20.889982,2555.285500955808,2556.905553924381,2552.901965661563,2553.831950765954,306.682421802937
2026-07-21 11:51:20.889982,2553.831950765954,2556.008748628625,2549.7319280406314,2551.662395013148,486.3753149664094
2026-07-21 11:56:20.889982,2551.662395013148,2553.2202184956222,2547.6570664599185,2548.5852668787275,572.7941261705477
2026-07-21 12:01:20.889982,2548.5852668787275,2558.3927420673886,2546.6071776730073,2557.855766721124,918.639586441989
2026-07-21 12:06:20.889982,2557.855766721124,2561.4296782018437,2557.2808885399013,2560.1843812237216,197.6233160873573
2026-07-21 12:11:20.889982,2560.1843812237216,2560.684064224758,2553.5692779422766,2553.991710481279,731.8762086601043
2026-07-21 12:16:20.889982,2553.991710481279,2560.9290304086007,2553.4068791082154,2558.9403212874904,694.6203122030144
2026-07-21 12:21:20.889982,2558.9403212874904,2571.4348534058013,2557.7848410974657,2570.081339951485,344.1814521246599
2026-07-21 12:26:20.889982,2570.081339951485,2577.1442903555426,2567.826980509794,2575.651414722957,540.6471909172062
2026-07-21 12:31:20.889982,2575.651414722957,2577.8864295158432,2566.934950620462,2568.093356083604,408.473350132477
2026-07-21 12:36:20.889982,2568.093356083604,2568.1328180500236,2564.769820187331,2565.8640170036874,537.1377160837478
2026-07-21 12:41:20.889982,2565.8640170036874,2574.1904666684572,2564.432868478365,2572.6309544097167,801.8262026809101
2026-07-21 12:46:20.889982,2572.6309544097167,2574.3066018372233,2568.8534382924995,2569.2492972598807,621.1212465262626
2026-07-21 12:51:20.889982,2569.2492972598807,2573.450792407302,2568.78001971678,2571.7880411720594,601.7216746466884
2026-07-21 12:56:20.889982,2571.7880411720594,2577.9664834543164,2570.915979703361,2576.03310883107,413.9381360090715
2026-07-21 13:01:20.889982,2576.03310883107,2577.861822971269,2571.395977333105,2571.519064633232,203.18866701513298
2026-07-21 13:06:20.889982,2571.519064633232,2572.5678844647414,2569.657100654021,2571.470075830449,458.3063578919184
2026-07-21 13:11:20.889982,2571.470075830449,2572.0534665742834,2553.0777985463787,2555.109844303587,741.321630972783
2026-07-21 13:16:20.889982,2555.109844303587,2556.7215558092307,2548.6369959965505,2550.135358046746,194.56642868207047
2026-07-21 13:21:20.889982,2550.135358046746,2551.03695548065,2547.87259668348,2549.1024148916963,288.982126364661
2026-07-21 13:26:20.889982,2549.1024148916963,2550.625119437353,2541.801706709114,2543.0031793669305,525.2535472468136
2026-07-21 13:31:20.889982,2543.0031793669305,2553.3561444605166,2541.900286687158,2551.5743460976114,303.0690430305475
2026-07-21 13:36:20.889982,2551.5743460976114,2552.0904611590477,2543.996627640142,2544.540990919822,341.4953105769575
2026-07-21 13:41:20.889982,2544.540990919822,2544.5557588475444,2541.7915944899673,2542.556796575143,415.28028365436455
2026-07-21 13:46:20.889982,2542.556796575143,2545.3809031590413,2540.5375927822015,2543.4760490777526,226.87651916197012
2026-07-21 13:51:20.889982,2543.4760490777526,2551.5899185352773,2541.036743641698,2551.073408972457,305.1756307567263
2026-07-21 13:56:20.889982,2551.073408972457,2552.3550753794975,2541.679521773362,2544.0123270144754,640.6855833574617
2026-07-21 14:01:20.889982,2544.0123270144754,2551.9948160086356,2542.1744474808593,2550.1924285380787,238.5260435538072
2026-07-21 14:06:20.889982,2550.1924285380787,2550.7165625625753,2549.6314088319205,2550.4996588354484,180.42557310103246
2026-07-21 14:11:20.889982,2550.4996588354484,2550.522141064758,2543.929373573967,2545.752457274433,373.99500409322116
2026-07-21 14:16:20.889982,2545.752457274433,2549.238923493185,2543.7498346986104,2548.3611703333777,646.3911005019692
2026-07-21 14:21:20.889982,2548.3611703333777,2550.495036904774,2546.273212013476,2549.6308746538843,460.61563840062206
2026-07-21 14:26:20.889982,2549.6308746538843,2549.9641069569043,2546.385166567876,2546.826717955682,407.08378437687634
2026-07-21 14:31:20.889982,2546.826717955682,2548.305382886875,2545.7863713597285,2547.4370213702223,508.87175950312144
2026-07-21 14:36:20.889982,2547.4370213702223,2548.325319820019,2543.7851749850533,2545.729213544584,150.8585134280696
2026-07-21 14:41:20.889982,2545.729213544584,2546.8087841816873,2544.835110117396,2546.5618914599,598.9411307550065
2026-07-21 14:46:20.889982,2546.5618914599,2552.326567522253,2546.391788568483,2550.191445237878,576.6870062807288
2026-07-21 14:51:20.889982,2550.191445237878,2560.960456190553,2547.6761484644217,2558.549423752024,418.13830518085575
2026-07-21 14:56:20.889982,2558.549423752024,2558.776029802127,2551.735001620385,2552.478468461897,701.1849023592833
2026-07-21 15:01:20.889982,2552.478468461897,2564.6018275327974,2550.4967462103114,2563.647123636476,274.50078020939225
2026-07-21 15:06:20.889982,2563.647123636476,2565.174869694257,2552.2674325414264,2553.9130865364295,725.5817986507138
2026-07-21 15:11:20.889982,2553.9130865364295,2555.8477007861056,2553.0919920990245,2553.3932388785165,530.8987331190502
2026-07-21 15:16:20.889982,2553.3932388785165,2558.785299379703,2551.591514041304,2556.655070197157,432.6894820243653
2026-07-21 15:21:20.889982,2556.655070197157,2559.825135688894,2554.38032384235,2558.3480945863125,496.02527292633766
2026-07-21 15:26:20.889982,2558.3480945863125,2560.1397220123977,2554.904014687325,2555.4194426934228,478.54704683781165
2026-07-21 15:31:20.889982,2555.4194426934228,2556.5176223956314,2553.3493455623534,2554.611433118678,744.0565792835434
2026-07-21 15:36:20.889982,2554.611433118678,2554.752492699284,2549.912476856056,2552.349045001603,284.6641745057973
2026-07-21 15:41:20.889982,2552.349045001603,2552.6772190504066,2547.81898993444,2549.5972352530575,347.4961521706804
2026-07-21 15:46:20.889982,2549.5972352530575,2555.481620010683,2549.531883339619,2554.188610464036,707.260578414496
2026-07-21 15:51:20.889982,2554.188610464036,2558.632548570396,2552.012858588977,2556.268645592753,380.89301296322816
2026-07-21 15:56:20.889982,2556.268645592753,2557.608789696057,2552.3993724970655,2552.9838585857765,680.1066154663183
2026-07-21 16:01:20.889982,2552.9838585857765,2558.148183606118,2552.056123451455,2557.837092065092,839.8871966017418
2026-07-21 16:06:20.889982,2557.837092065092,2560.3193842151045,2556.5410585169348,2559.6655732376794,419.64099461167325
2026-07-21 16:11:20.889982,2559.6655732376794,2566.564621040181,2558.193884574847,2564.086663852168,636.272465315061
2026-07-21 16:16:20.889982,2564.086663852168,2569.8592522024082,2562.4177541051613,2567.5742881051187,269.2615437320283
2026-07-21 16:21:20.889982,2567.5742881051187,2568.794518867295,2561.3862951270517,2563.577147544994,650.9466596135619
2026-07-21 16:26:20.889982,2563.577147544994,2564.785536060315,2558.73818035055,2560.9627046994783,539.8847971973535
2026-07-21 16:31:20.889982,2560.9627046994783,2565.79754958429,2560.6328192216934,2565.0496406962548,594.6076564320431
2026-07-21 16:36:20.889982,2565.0496406962548,2570.636467463191,2563.542891641429,2568.4396438849326,370.88558559292096
2026-07-21 16:41:20.889982,2568.4396438849326,2570.8728362974657,2566.0308913073795,2568.5891232337735,167.7833168865655
2026-07-21 16:46:20.889982,2568.5891232337735,2569.5866530828157,2567.302338933945,2569.448857676437,600.650412949901
2026-07-21 16:51:20.889982,2569.448857676437,2577.2466720188913,2567.840746533018,2576.280658103636,87.31936950410909
2026-07-21 16:56:20.889982,2576.280658103636,2578.32517175543,2572.769592425259,2573.4916890140876,436.529901551493
2026-07-21 17:01:20.889982,2573.4916890140876,2578.001403288006,2571.6677819039355,2576.5667750704165,688.236373283994
2026-07-21 17:06:20.889982,2576.5667750704165,2576.9131457319877,2573.685765962728,2575.782625354954,538.3795471746072
2026-07-21 17:11:20.889982,2575.782625354954,2577.3438319313163,2572.4739675854003,2574.918949525508,889.6685289579626
2026-07-21 17:16:20.889982,2574.918949525508,2581.718035898954,2574.6404824892697,2580.841765483872,705.0218305163547
2026-07-21 17:21:20.889982,2580.841765483872,2586.6738357666513,2580.620301460316,2585.3643456204763,369.2203223348847
2026-07-21 17:26:20.889982,2585.3643456204763,2592.34408939563,2585.264330908686,2589.833177439118,505.4626759702877
2026-07-21 17:31:20.889982,2589.833177439118,2598.8203776124005,2588.4732498268563,2596.8636307359975,490.5258594911128
2026-07-21 17:36:20.889982,2596.8636307359975,2598.1898250232002,2596.692647613616,2597.2324315096075,183.56464733077456
2026-07-21 17:41:20.889982,2597.2324315096075,2602.655599209123,2595.712478290535,2601.0373198201896,311.9202167031293
2026-07-21 17:46:20.889982,2601.0373198201896,2601.7679076959516,2597.3174564857068,2599.6837450472526,387.84781860402796
2026-07-21 17:51:20.889982,2599.6837450472526,2602.421083200165,2598.5146012076016,2601.629901511713,92.75589942881265
2026-07-21 17:56:20.889982,2601.629901511713,2603.04457017635,2600.9522053392193,2601.2129297967094,509.4986936503286
2026-07-21 18:01:20.889982,2601.2129297967094,2604.403241909047,2600.2386815142772,2601.977777830309,450.18563106939183
2026-07-21 18:06:20.889982,2601.977777830309,2605.5477703789356,2600.9700548028563,2605.3373132788915,165.42121973768513
2026-07-21 18:11:20.889982,2605.3373132788915,2606.901043370357,2600.0012549045473,2601.3374388303114,580.8425730554665
2026-07-21 18:16:20.889982,2601.3374388303114,2614.3219929022584,2601.1931063745565,2612.5074967882524,643.174548938192
2026-07-21 18:21:20.889982,2612.5074967882524,2613.250861265729,2605.380906388018,2607.5170640965584,545.4068957729778
2026-07-21 18:26:20.889982,2607.5170640965584,2607.7253882507875,2599.227337016277,2601.452843385597,435.18636495820596
2026-07-21 18:31:20.889982,2601.452843385597,2607.985771924615,2599.2820500955922,2607.7461302461165,618.288430350371
2026-07-21 18:36:20.889982,2607.7461302461165,2613.0819418587243,2606.1496444305058,2612.1395122207155,636.0440720953382
2026-07-21 18:41:20.889982,2612.1395122207155,2616.063578691806,2611.966670288224,2615.6636774166604,561.4807139439376
2026-07-21 18:46:20.889982,2615.6636774166604,2619.7803216587417,2615.3292548291374,2619.214733133326,335.07754991304785
2026-07-21 18:51:20.889982,2619.214733133326,2620.230828133467,2617.8674529555874,2619.4125082174446,555.3201531022362
2026-07-21 18:56:20.889982,2619.4125082174446,2620.954712120638,2612.9121618888475,2614.9776493355685,739.0961301650958
2026-07-21 19:01:20.889982,2614.9776493355685,2617.352168813884,2613.385759921508,2615.6356843316216,380.67418827765397
2026-07-21 19:06:20.889982,2615.6356843316216,2616.71275609688,2611.1191312634182,2612.356887992075,919.5878678264862
2026-07-21 19:11:20.889982,2612.356887992075,2618.803438214082,2610.1568497626113,2617.7183394369085,394.8738132029231
2026-07-21 19:16:20.889982,2617.7183394369085,2618.3204158396234,2617.1952780964907,2617.2102509771676,506.4814026680273
2026-07-21 19:21:20.889982,2617.2102509771676,2618.9148920888533,2612.6250539941566,2613.1541188832507,365.5028807987328
2026-07-21 19:26:20.889982,2613.1541188832507,2615.4801269179793,2609.4925553124035,2611.7361576728144,544.6541671840522
2026-07-21 19:31:20.889982,2611.7361576728144,2614.355964345354,2611.4582992276373,2614.155387072692,151.55566147294496
2026-07-21 19:36:20.889982,2614.155387072692,2615.449842558089,2609.879887576715,2611.4708548046237,390.7916402366558
2026-07-21 19:41:20.889982,2611.4708548046237,2612.1887699157014,2605.571698111827,2607.4407056560703,281.57575993028655
2026-07-21 19:46:20.889982,2607.4407056560703,2610.5248191760634,2606.5937460501336,2608.9726995189794,527.0676695784582
2026-07-21 19:51:20.889982,2608.9726995189794,2610.5785056405643,2607.0155779145352,2610.512273059644,698.8894751017815
2026-07-21 19:56:20.889982,2610.512273059644,2611.072890139965,2605.951237282812,2608.127651327444,629.2012374229103
2026-07-21 20:01:20.889982,2608.127651327444,2609.223821976275,2604.4285077100976,2605.9323324761945,50.0
2026-07-21 20:06:20.889982,2605.9323324761945,2609.6788821946957,2603.681789375027,2607.4027532715622,908.413930585576
2026-07-21 20:11:20.889982,2607.4027532715622,2608.371454434947,2599.5790622745085,2600.1221989215646,559.0559881241737
2026-07-21 20:16:20.889982,2600.1221989215646,2602.1376734456735,2591.949620976643,2593.0726293989383,344.7001719013999
2026-07-21 20:21:20.889982,2593.0726293989383,2593.5706082361316,2587.266189428901,2589.6082967992006,531.4255837981882
2026-07-21 20:26:20.889982,2589.6082967992006,2590.121309064238,2588.695098332487,2588.7619069464263,535.2379645005385
2026-07-21 20:31:20.889982,2588.7619069464263,2590.68372695136,2587.15088065753,2590.6311890188053,366.6302566096873
2026-07-21 20:36:20.889982,2590.6311890188053,2600.265920801729,2589.825394676599,2598.5465273704535,539.583333468415
2026-07-21 20:41:20.889982,2598.5465273704535,2604.1010774594934,2597.664336636411,2603.268003090549,378.50554247593857
2026-07-21 20:46:20.889982,2603.268003090549,2605.038638072355,2602.5443625338935,2602.695667099911,419.1276014619955
2026-07-21 20:51:20.889982,2602.695667099911,2605.2753118205264,2602.1165125423922,2602.85695486005,362.7441728489831
2026-07-21 20:56:20.889982,2602.85695486005,2605.4589612149016,2597.4574803724972,2597.9030797069267,213.46574205206946
2026-07-21 21:01:20.889982,2597.9030797069267,2600.071213646514,2597.322675568409,2598.0666845002265,529.1672940430768
2026-07-21 21:06:20.889982,2598.0666845002265,2598.2767298821245,2594.5548279233417,2596.826878296733,617.0598873032676
2026-07-21 21:11:20.889982,2596.826878296733,2600.995062442225,2595.7788758543347,2598.7633711249323,602.9767192152744
2026-07-21 21:16:20.889982,2598.7633711249323,2600.588732492186,2593.2813967259126,2594.7268306478873,663.9850505270468
2026-07-21 21:21:20.889982,2594.7268306478873,2599.8988205199153,2593.9093464711405,2597.6831108291467,564.8680420029737
2026-07-21 21:26:20.889982,2597.6831108291467,2607.2836954577083,2596.422267218006,2605.919047575861,393.4549003566193
2026-07-21 21:31:20.889982,2605.919047575861,2606.841297509552,2603.2900304479954,2605.6128171901523,667.9327728862378
2026-07-21 21:36:20.889982,2605.6128171901523,2608.4004568275623,2605.2232555627365,2607.9678525325976,228.496492031613
2026-07-21 21:41:20.889982,2607.9678525325976,2613.3380451298694,2606.253128717571,2611.8312547743362,319.86572349750395
2026-07-21 21:46:20.889982,2611.8312547743362,2612.3395674255617,2608.9774703344806,2609.997241781081,307.15998571535107
2026-07-21 21:51:20.889982,2609.997241781081,2613.9002789541632,2609.353570988083,2611.4283952566857,716.0112118278621
2026-07-21 21:56:20.889982,2611.4283952566857,2613.5009214891734,2609.495548113252,2611.755326865151,688.5577028280152
2026-07-21 22:01:20.889982,2611.755326865151,2613.6975767159183,2609.3067383751572,2612.52682846596,597.461047408999
2026-07-21 22:06:20.889982,2612.52682846596,2614.451363950089,2607.5571820267214,2608.7517935957653,714.3859730423594
2026-07-21 22:11:20.889982,2608.7517935957653,2610.626055243428,2606.9449370329617,2609.140579665042,324.14344351760235
2026-07-21 22:16:20.889982,2609.140579665042,2613.5485582486176,2606.847934141828,2612.00175645718,569.719023972196
2026-07-21 22:21:20.889982,2612.00175645718,2620.7905163966016,2611.218454377418,2619.8555196648203,474.9651143233672
2026-07-21 22:26:20.889982,2619.8555196648203,2625.7105070398056,2619.756533747387,2625.149148061225,669.3764207769827
2026-07-21 22:31:20.889982,2625.149148061225,2636.8554523811845,2622.865123412268,2636.7420356531834,476.9551534895605
2026-07-21 22:36:20.889982,2636.7420356531834,2638.5307833790107,2631.222670443135,2632.961827078527,423.0114223179838
2026-07-21 22:41:20.889982,2632.961827078527,2639.444498558209,2630.7258654877232,2637.8231794833196,608.181703712198
2026-07-21 22:46:20.889982,2637.8231794833196,2640.321947271749,2635.527189624075,2639.054496681964,675.2338334382466
2026-07-21 22:51:20.889982,2639.054496681964,2651.855792926024,2636.6088650755287,2650.9029390496908,366.3309610306396
2026-07-21 22:56:20.889982,2650.9029390496908,2652.7550108915757,2646.204917359986,2646.8856358271923,487.78486572952477
2026-07-21 23:01:20.889982,2646.8856358271923,2648.3787041037967,2641.2996845011085,2642.7083288054614,288.31187327166947
2026-07-21 23:06:20.889982,2642.7083288054614,2643.0727551701807,2638.2453878294777,2639.8061544908774,50.0
2026-07-21 23:11:20.889982,2639.8061544908774,2640.6371275177103,2628.7418469779573,2628.879465576071,540.0919262827458
2026-07-21 23:16:20.889982,2628.879465576071,2631.373368268958,2624.694453046109,2626.37925004052,621.7810712509264
2026-07-21 23:21:20.889982,2626.37925004052,2628.6823717271536,2620.883924621073,2622.6569876266485,552.413361817345
2026-07-21 23:26:20.889982,2622.6569876266485,2624.644947708672,2621.3123826712826,2623.7083266231352,110.0876564491266
2026-07-21 23:31:20.889982,2623.7083266231352,2627.539191083632,2621.188904601845,2625.764839000244,429.8301139847051
2026-07-21 23:36:20.889982,2625.764839000244,2636.568338499244,2623.467355004777,2635.8996912502653,56.33044798978375
2026-07-21 23:41:20.889982,2635.8996912502653,2643.6196597106837,2634.1325432021663,2641.179004812527,773.9402215308369
2026-07-21 23:46:20.889982,2641.179004812527,2643.638646676702,2637.347415337357,2638.3971770793773,282.7890835763828
2026-07-21 23:51:20.889982,2638.3971770793773,2640.9116122679534,2632.072986728547,2633.9240634601024,751.0807218919792
2026-07-21 23:56:20.889982,2633.9240634601024,2636.8911189368364,2631.535429285876,2636.7803589543437,689.1739287368291
2026-07-22 00:01:20.889982,2636.7803589543437,2638.05780734165,2628.879507165002,2630.0902086604483,319.88192949278766
2026-07-22 00:06:20.889982,2630.0902086604483,2641.5011400878925,2629.69731382666,2640.0056650390507,273.443009746451
2026-07-22 00:11:20.889982,2640.0056650390507,2647.7467605551515,2637.8114844785478,2646.5051102100806,570.0740432772676
2026-07-22 00:16:20.889982,2646.5051102100806,2646.5460846173064,2643.5656675733085,2644.287338964941,331.1351925633858
2026-07-22 00:21:20.889982,2644.287338964941,2644.2938295967965,2634.410730096466,2635.5063398872935,520.4969284316415
2026-07-22 00:26:20.889982,2635.5063398872935,2644.8414442462054,2633.4011716675386,2642.916567117433,403.4344818386163
2026-07-22 00:31:20.889982,2642.916567117433,2645.4146247961853,2640.9674229347843,2642.5754422815357,143.76831710687333
2026-07-22 00:36:20.889982,2642.5754422815357,2650.0651246071243,2640.1333116061123,2649.3905186008333,53.90639617510817
2026-07-22 00:41:20.889982,2649.3905186008333,2651.4446328080858,2639.7023688138415,2641.219560559292,545.3368496989194
2026-07-22 00:46:20.889982,2641.219560559292,2643.0568991041605,2635.880472663518,2638.3191141704747,387.6884507338749
2026-07-22 00:51:20.889982,2638.3191141704747,2640.490361749669,2637.3472246659408,2638.6106312924708,389.3820366171735
2026-07-22 00:56:20.889982,2638.6106312924708,2641.00423773034,2638.504352904068,2639.122468980662,639.172767818757
2026-07-22 01:01:20.889982,2639.122468980662,2640.1422669722524,2635.9401914246077,2637.011670001375,734.688455326489
2026-07-22 01:06:20.889982,2637.011670001375,2641.003231829471,2636.9507933197524,2640.5626850132257,445.4910557276382
2026-07-22 01:11:20.889982,2640.5626850132257,2640.9148865295724,2633.46891449695,2635.1939691147277,431.8802586180277
2026-07-22 01:16:20.889982,2635.1939691147277,2637.3081557650976,2632.1035115692443,2634.70713836569,600.0286066227768
2026-07-22 01:21:20.889982,2634.70713836569,2636.5175266914216,2633.1279496502107,2635.6046494322354,228.61288606008492
2026-07-22 01:26:20.889982,2635.6046494322354,2641.0543381262924,2635.164393336691,2638.581604655958,544.6306109495395
2026-07-22 01:31:20.889982,2638.581604655958,2644.5002862591373,2636.5895316587644,2642.60383328173,610.3771943644308
2026-07-22 01:36:20.889982,2642.60383328173,2642.8389603738865,2634.6591714046017,2636.9302259404635,636.0460416835258
2026-07-22 01:41:20.889982,2636.9302259404635,2639.0743272160544,2629.026999263086,2629.114819602698,112.64945949950703
2026-07-22 01:46:20.889982,2629.114819602698,2636.345434356288,2628.985659357926,2636.105326245085,347.72894603821186
2026-07-22 01:51:20.889982,2636.105326245085,2639.0048312430836,2634.7627868241557,2638.121737055505,324.3473494353067
2026-07-22 01:56:20.889982,2638.121737055505,2639.5261351682943,2633.733773287926,2634.438925018796,519.9773908818426
2026-07-22 02:01:20.889982,2634.438925018796,2645.2979705143753,2633.4687591905213,2642.888721384436,596.1489159535968
2026-07-22 02:06:20.889982,2642.888721384436,2643.885009618927,2642.0952545374894,2643.7645857297116,799.3420814891963
2026-07-22 02:11:20.889982,2643.7645857297116,2651.68011207856,2642.6853433320307,2650.2725273669653,401.00690392638535
2026-07-22 02:16:20.889982,2650.2725273669653,2651.621440486887,2649.9244849659103,2650.8955125818525,400.48550033815724
2026-07-22 02:21:20.889982,2650.8955125818525,2664.2906170349675,2648.2548356296256,2662.109911100439,729.9344037757494
2026-07-22 02:26:20.889982,2662.109911100439,2672.6197671714704,2661.093993936452,2671.7393164968926,559.3153877060611
2026-07-22 02:31:20.889982,2671.7393164968926,2673.3905516506425,2668.7576426556857,2670.676367323567,753.5303022375947
2026-07-22 02:36:20.889982,2670.676367323567,2677.187641526152,2668.25959344847,2676.1385161885805,557.7456006019672
2026-07-22 02:41:20.889982,2676.1385161885805,2681.363684136627,2674.9332099578014,2679.8629501939317,268.57667625734587
2026-07-22 02:46:20.889982,2679.8629501939317,2689.2151415310286,2677.3095664622065,2687.4772232360237,233.3743290444387
2026-07-22 02:51:20.889982,2687.4772232360237,2689.612564429952,2682.4567100783106,2682.5640478637265,189.69755018821417
2026-07-22 02:56:20.889982,2682.5640478637265,2687.4087222143194,2681.3017816089628,2686.5159663333457,632.4103669516946
2026-07-22 03:01:20.889982,2686.5159663333457,2693.325004408056,2684.6349012717465,2692.4781727099494,737.7193646174017
2026-07-22 03:06:20.889982,2692.4781727099494,2694.702884360738,2681.3299774907723,2683.292390219307,869.8724282772762
2026-07-22 03:11:20.889982,2683.292390219307,2685.947060699244,2676.4878799527473,2677.2175492987067,668.621066464648
2026-07-22 03:16:20.889982,2677.2175492987067,2679.560086530238,2664.543227963491,2666.58749437535,732.5677155069972
2026-07-22 03:21:20.889982,2666.58749437535,2667.553275720983,2663.4608675405816,2665.417616031606,383.99673346926306
2026-07-22 03:26:20.889982,2665.417616031606,2669.7902315022343,2663.313712662852,2669.512399446092,268.7168366512286
2026-07-22 03:31:20.889982,2669.512399446092,2679.2388336127815,2668.7321272058084,2677.813351617699,670.0158664835106
2026-07-22 03:36:20.889982,2677.813351617699,2680.2345245199,2676.095213018477,2678.478039418322,583.5361504478801
2026-07-22 03:41:20.889982,2678.478039418322,2688.0484118085437,2678.3966206102946,2687.48542063916,521.4888748681785
2026-07-22 03:46:20.889982,2687.48542063916,2688.6507750195183,2678.8191762252154,2680.3456648953193,577.474296126598
2026-07-22 03:51:20.889982,2680.3456648953193,2682.695270053024,2669.017301815122,2671.4970302281026,564.6370964916412
2026-07-22 03:56:20.889982,2671.4970302281026,2672.909731797977,2669.4536276456342,2671.4673890702893,756.7633719707123
2026-07-22 04:01:20.889982,2671.4673890702893,2674.962183055315,2669.4742549194375,2673.787579422165,758.9971169633911
2026-07-22 04:06:20.889982,2673.787579422165,2674.4277368853636,2672.795431143086,2673.880122158841,608.8440704680694
2026-07-22 04:11:20.889982,2673.880122158841,2675.5759717977853,2663.0647053136145,2663.113062029003,669.1605745125856
2026-07-22 04:16:20.889982,2663.113062029003,2665.037058181377,2660.6797565834686,2662.9047080034998,602.8125104849552
2026-07-22 04:21:20.889982,2662.9047080034998,2663.9675842119873,2655.042177723434,2656.232016713584,407.7660535930762
2026-07-22 04:26:20.889982,2656.232016713584,2662.3224641049183,2654.171698037319,2660.058004042612,651.312934982628
2026-07-22 04:31:20.889982,2660.058004042612,2663.0424118862434,2659.1962088072346,2662.275278625041,221.1009862281477
2026-07-22 04:36:20.889982,2662.275278625041,2664.082639360331,2656.044560468798,2657.5412826497886,710.7783104591766
2026-07-22 04:41:20.889982,2657.5412826497886,2657.9724144322445,2654.25404723748,2655.0769349909383,261.09541204679294
2026-07-22 04:46:20.889982,2655.0769349909383,2657.466459831256,2647.899788907685,2649.723260720101,557.1606573589465
2026-07-22 04:51:20.889982,2649.723260720101,2652.3358198041446,2647.623749968742,2649.656069374091,330.96920831476825
2026-07-22 04:56:20.889982,2649.656069374091,2657.4889206216035,2649.083244007206,2654.9879898175473,610.6777966148853
2026-07-22 05:01:20.889982,2654.9879898175473,2657.036272894512,2649.970376502282,2650.0239534149523,493.2149548144182
2026-07-22 05:06:20.889982,2650.0239534149523,2654.7415549185484,2648.7803441370206,2652.962054033585,181.04880836733355
2026-07-22 05:11:20.889982,2652.962054033585,2653.881995346243,2648.1293374748097,2650.4150669639425,584.1399262036957
2026-07-22 05:16:20.889982,2650.4150669639425,2652.6792309277826,2646.421127117861,2646.480148137145,384.4158446334579
2026-07-22 05:21:20.889982,2646.480148137145,2648.093191343896,2645.2049562685042,2646.178305920721,676.2293441626738
2026-07-22 05:26:20.889982,2646.178305920721,2647.2782190455086,2638.7717921782955,2640.969186132179,500.26513774688146
2026-07-22 05:31:20.889982,2640.969186132179,2641.787463421422,2635.82222554817,2638.3102809206853,579.0841970776077
2026-07-22 05:36:20.889982,2638.3102809206853,2638.784210691604,2630.515854179828,2632.2603121128072,308.48620899695766
2026-07-22 05:41:20.889982,2632.2603121128072,2644.6645707646526,2631.596468798474,2642.888272165379,1595.5176628859022
2026-07-22 05:46:20.889982,2642.888272165379,2644.1974206258155,2640.681993019718,2643.3389946775874,1704.6543444163156
2026-07-22 05:51:20.889982,2643.3389946775874,2645.35270421436,2639.0375536047873,2639.9063359043503,2803.039955125671
2026-07-22 05:56:20.889982,2639.9063359043503,2642.7108080502385,2639.7435056994714,2641.3004683727286,3488.3505326034096
2026-07-22 06:01:20.889982,2641.3004683727286,2641.851828969679,2639.6881965588004,2640.971234679967,1415.2792286187616
2026-07-22 06:06:20.889982,2640.971234679967,2641.1982888417774,2637.8418824198825,2640.068337467995,2986.8742677987116
2026-07-22 06:11:20.889982,2640.068337467995,2645.475663714983,2637.577080091947,2643.577558610999,275.8383865251703
2026-07-22 06:16:20.889982,2643.577558610999,2649.6866232202387,2641.0915346471998,2647.8504265774645,1090.4270795844873
2026-07-22 06:21:20.889982,2647.8504265774645,2649.3186928845935,2643.7192959986255,2645.307058527127,1287.0087809202466
2026-07-22 06:26:20.889982,2645.307058527127,2647.891446953907,2640.829776018367,2642.5266193820366,958.2213528274192
2026-07-22 06:31:20.889982,2642.5266193820366,2642.6079737097702,2639.4256694200035,2641.337476819744,765.256490226935
2026-07-22 06:36:20.889982,2641.337476819744,2643.7291252103737,2627.376105489077,2629.4680583437603,2432.521913401702
2026-07-22 06:41:20.889982,2629.4680583437603,2631.003229285527,2620.013984842901,2621.7739909335523,1908.885168017097
2026-07-22 06:46:20.889982,2621.7739909335523,2631.8174017743504,2621.536295427935,2629.213975683443,2404.4693933995677
2026-07-22 06:51:20.889982,2629.213975683443,2639.9022519729015,2628.4688625042013,2638.141965389295,638.0945372243026
2026-07-22 06:56:20.889982,2638.141965389295,2639.8306147261715,2635.489644452975,2637.092003726214,553.1233986345067
2026-07-22 07:01:20.889982,2637.092003726214,2640.803839023811,2636.546793799935,2640.3986518112015,631.5526352300748
2026-07-22 07:06:20.889982,2640.3986518112015,2643.9495661762408,2640.060073631219,2642.3070299721385,486.0935427515461
2026-07-22 07:11:20.889982,2642.3070299721385,2659.5988891727284,2640.1000547895974,2658.8938013875977,262.6013223388511
2026-07-22 07:16:20.889982,2658.8938013875977,2665.9923705793485,2657.596101263388,2665.1206322580674,711.5628361641592
2026-07-22 07:21:20.889982,2665.1206322580674,2667.6288847831147,2664.100059664596,2664.705345055744,382.1775734437746
2026-07-22 07:26:20.889982,2664.705345055744,2665.7435835867705,2658.270608488217,2659.8837156496143,312.88074024751484
2026-07-22 07:31:20.889982,2659.8837156496143,2661.8928293679983,2649.225817975944,2651.6166571150957,464.4164248391204
2026-07-22 07:36:20.889982,2651.6166571150957,2655.389888962781,2649.557305357306,2652.9611746702885,317.4378161406974
2026-07-22 07:41:20.889982,2652.9611746702885,2653.5669275147507,2649.1502532358104,2649.2159785093754,416.51392360211355
2026-07-22 07:46:20.889982,2649.2159785093754,2650.2326785378086,2641.581188136058,2641.955153852447,568.8107843126933
2026-07-22 07:51:20.889982,2641.955153852447,2643.83196615883,2637.06020146857,2638.804796031889,569.6683478492254
2026-07-22 07:56:20.889982,2638.804796031889,2638.920828610689,2631.163242526598,2633.3663003916786,320.4339867148741
2026-07-22 08:01:20.889982,2633.3663003916786,2643.1885843690184,2632.2280881769634,2642.531272509018,402.4589254102511
2026-07-22 08:06:20.889982,2642.531272509018,2649.22796453305,2641.396519935758,2647.459636928288,714.8666009540487
2026-07-22 08:11:20.889982,2647.459636928288,2648.8505676032155,2647.2858894595843,2647.6821777524824,599.2800235467882
2026-07-22 08:16:20.889982,2647.6821777524824,2656.862349328343,2645.6571036169125,2655.796197076877,915.0130078697084
2026-07-22 08:21:20.889982,2655.796197076877,2658.903952844372,2654.698032952762,2656.4728117866453,736.0256347483055
2026-07-22 08:26:20.889982,2656.4728117866453,2657.598056019208,2650.302514214031,2652.1659979346496,728.8586137119878
2026-07-22 08:31:20.889982,2652.1659979346496,2663.031777896052,2651.4577079895703,2660.523510821767,222.42628990883964
2026-07-22 08:36:20.889982,2660.523510821767,2664.831369065641,2658.405805293311,2663.658974999602,652.7720703266846
2026-07-22 08:41:20.889982,2663.658974999602,2665.2829907476644,2658.110806455335,2658.4047897218065,489.37863966061786
2026-07-22 08:46:20.889982,2658.4047897218065,2660.07355743269,2657.162432502782,2657.658740398279,389.8036392923501
2026-07-22 08:51:20.889982,2657.658740398279,2659.014720234973,2651.870082521609,2653.2739384324323,533.6030681065057
2026-07-22 08:56:20.889982,2653.2739384324323,2655.5987459781904,2644.986933454717,2646.210790793289,689.0423069222967
2026-07-22 09:01:20.889982,2646.210790793289,2652.123089123931,2645.59960515033,2651.382180465149,600.1663182008423
2026-07-22 09:06:20.889982,2651.382180465149,2664.1199682202923,2650.9287653330784,2661.7928907901737,324.305239731588
2026-07-22 09:11:20.889982,2661.7928907901737,2662.9264646979436,2654.1264744659697,2654.6233485870825,648.4917827185241
2026-07-22 09:16:20.889982,2654.6233485870825,2659.9350982961273,2653.364067901075,2657.879749147973,372.48249158480724
2026-07-22 09:21:20.889982,2657.879749147973,2658.813046852145,2653.7301875431426,2654.6887947128885,543.3366237928573
2026-07-22 09:26:20.889982,2654.6887947128885,2656.951158218171,2650.900132370385,2652.3689452094213,439.3299865045732
2026-07-22 09:31:20.889982,2652.3689452094213,2654.272995604526,2647.116550159175,2649.493247650864,456.22674965287484
2026-07-22 09:36:20.889982,2649.493247650864,2651.882406132659,2644.3144639507927,2645.1834306581486,653.2485950081019
2026-07-22 09:41:20.889982,2645.1834306581486,2648.22460234924,2645.1176293872204,2645.7046975681287,291.96125603682043
2026-07-22 09:46:20.889982,2645.7046975681287,2646.70169318212,2639.2092758454583,2641.575596246599,889.0390148553865
2026-07-22 09:51:20.889982,2641.575596246599,2643.995099959027,2640.854230951643,2643.269160764198,135.78278614110076
2026-07-22 09:56:20.889982,2643.269160764198,2644.0690729177154,2641.649393673646,2643.2679019897705,380.4664633490286
2026-07-22 10:01:20.889982,2643.2679019897705,2644.4265329459417,2640.348981005694,2642.2692100876884,574.0423779883482
2026-07-22 10:06:20.889982,2642.2692100876884,2644.633804924317,2635.962902565252,2637.741266078103,616.862833287062
2026-07-22 10:11:20.889982,2637.741266078103,2638.280596383507,2632.506173485518,2634.9637564945765,479.90485588565895
2026-07-22 10:16:20.889982,2634.9637564945765,2639.909582716362,2634.5687904590814,2639.2115300754003,488.5218593996915
2026-07-22 10:21:20.889982,2639.2115300754003,2642.3588111505937,2637.724641211177,2642.1211067042022,582.1100170655233
2026-07-22 10:26:20.889982,2642.1211067042022,2642.4216809074733,2636.8582405350394,2637.2242236582806,453.78610450846395
2026-07-22 10:31:20.889982,2637.2242236582806,2638.8034708416494,2636.4814415184746,2638.011986837422,778.6362515869812
2026-07-22 10:36:20.889982,2638.011986837422,2643.8400626261064,2635.85740299998,2642.2435146986068,667.8698228463204
2026-07-22 10:41:20.889982,2642.2435146986068,2644.255185890127,2633.0083267609066,2633.699631972692,674.564870201127
2026-07-22 10:46:20.889982,2633.699631972692,2637.4737936064103,2631.1560271752865,2636.826952273645,306.7686553259166
2026-07-22 10:51:20.889982,2636.826952273645,2636.8486698174597,2631.2813346493617,2633.598165030969,484.12231511885943
2026-07-22 10:56:20.889982,2633.598165030969,2637.395667464839,2631.1033987759174,2636.869009522447,439.9068102558593
2026-07-22 11:01:20.889982,2636.869009522447,2637.771628993542,2631.9506545449885,2633.110149270076,298.87972486210685
2026-07-22 11:06:20.889982,2633.110149270076,2634.972075735411,2622.3427766202453,2623.8847524839125,572.0328367891534
2026-07-22 11:11:20.889982,2623.8847524839125,2624.7189886433453,2614.1706086834597,2615.619219471341,392.47084844403673
2026-07-22 11:16:20.889982,2615.619219471341,2618.0440014830538,2615.508487373183,2616.1323755458375,631.0807659700474
2026-07-22 11:21:20.889982,2616.1323755458375,2617.782744718429,2614.9340117963616,2617.7534276987085,285.96168742113366
2026-07-22 11:26:20.889982,2617.7534276987085,2618.09854345686,2611.5483455296217,2613.2844661466793,843.8081225683642
2026-07-22 11:31:20.889982,2613.2844661466793,2617.446072323644,2612.1533030731357,2616.885921464487,320.73346828158765
2026-07-22 11:36:20.889982,2616.885921464487,2617.403203756276,2607.0344703066285,2608.465170636721,543.8604674400872
2026-07-22 11:41:20.889982,2608.465170636721,2608.7678920434573,2608.3210133137895,2608.381284796151,658.3718620776135
2026-07-22 11:46:20.889982,2608.381284796151,2608.514655604049,2599.848268618939,2602.331565482923,385.87191395997746
2026-07-22 11:51:20.889982,2602.331565482923,2602.701841400947,2597.3596182376505,2599.201095689476,670.4937286865901
2026-07-22 11:56:20.889982,2599.201095689476,2599.884050733752,2598.919965183436,2599.707462473736,254.16328043991678
2026-07-22 12:01:20.889982,2599.707462473736,2601.0303918620007,2594.2906289038992,2595.4972001015235,790.4235398365121
2026-07-22 12:06:20.889982,2595.4972001015235,2597.967024130346,2591.310427581175,2593.7611050298738,502.82985299315163
2026-07-22 12:11:20.889982,2593.7611050298738,2601.272834505625,2592.199396721622,2599.2464395172797,380.7177184062241
2026-07-22 12:16:20.889982,2599.2464395172797,2600.4289935023853,2595.584017846074,2596.5088385585627,440.1636455145131
2026-07-22 12:21:20.889982,2596.5088385585627,2603.575810520294,2594.943380500854,2601.1123294248114,661.7838538785438
2026-07-22 12:26:20.889982,2601.1123294248114,2602.6185621162067,2594.899612307306,2595.5015120194967,383.10894162991235
2026-07-22 12:31:20.889982,2595.5015120194967,2598.6343678975168,2593.048273631587,2598.5130230095965,350.12846211544445
2026-07-22 12:36:20.889982,2598.5130230095965,2607.0939984853076,2597.3629496686467,2606.27631771015,455.6926804832524
2026-07-22 12:41:20.889982,2606.27631771015,2606.575101080181,2591.513170144964,2593.6838872943345,264.6075774460064
2026-07-22 12:46:20.889982,2593.6838872943345,2593.7555555339895,2587.6524796777535,2589.8123592609472,864.1087815883632
2026-07-22 12:51:20.889982,2589.8123592609472,2593.4261629233642,2587.516324564778,2593.0623951321027,386.72108175705534
2026-07-22 12:56:20.889982,2593.0623951321027,2594.954741114975,2591.841934538683,2592.268804123147,666.3233572360807
2026-07-22 13:01:20.889982,2592.268804123147,2595.921158835491,2591.458314913032,2594.453170549963,541.8940167295546
2026-07-22 13:06:20.889982,2594.453170549963,2594.9155879785308,2589.353545623517,2591.5801851869765,303.09318990360634
2026-07-22 13:11:20.889982,2591.5801851869765,2593.334295995928,2590.5473271938963,2592.288248670241,498.8090581574541
2026-07-22 13:16:20.889982,2592.288248670241,2592.7286439009476,2590.74760806067,2591.7404148549253,656.8005558621496
2026-07-22 13:21:20.889982,2591.7404148549253,2600.324971400542,2590.799279500155,2598.0604581374487,462.3477329827387
2026-07-22 13:26:20.889982,2598.0604581374487,2602.116576581134,2595.6018904052316,2599.642747281594,738.6225891702056
2026-07-22 13:31:20.889982,2599.642747281594,2602.0357623709906,2599.1818013673624,2601.658785500996,704.3030785563728
2026-07-22 13:36:20.889982,2601.658785500996,2603.903169075099,2598.7554153509245,2599.7765059604044,683.7829709316659
2026-07-22 13:41:20.889982,2599.7765059604044,2599.787877336781,2596.7907619808157,2597.502144619851,408.0686455454006
2026-07-22 13:46:20.889982,2597.502144619851,2599.0544872113633,2593.441006078344,2595.5155132922396,284.0315104437026
2026-07-22 13:51:20.889982,2595.5155132922396,2598.170223992738,2595.228601466036,2597.823703881425,377.2824789274411
2026-07-22 13:56:20.889982,2597.823703881425,2600.21913803405,2593.947010492632,2595.896914222786,539.2481881333441
2026-07-22 14:01:20.889982,2595.896914222786,2599.1936025351656,2593.9001846081746,2597.661554740454,609.1573427064711
2026-07-22 14:06:20.889982,2597.661554740454,2609.845964934928,2595.691343404697,2608.7272008973637,65.68571904791048
2026-07-22 14:11:20.889982,2608.7272008973637,2614.5092776942424,2608.0904247465105,2613.5375566128855,498.37735967764996
2026-07-22 14:16:20.889982,2613.5375566128855,2615.4428605687094,2610.998935086797,2612.095159049528,531.6178450646369
2026-07-22 14:21:20.889982,2612.095159049528,2621.2097974595554,2611.182270496661,2618.639924193478,444.49114873688967
2026-07-22 14:26:20.889982,2618.639924193478,2621.0535964161045,2614.3239106303363,2616.7652546112804,758.2547678031758
2026-07-22 14:31:20.889982,2616.7652546112804,2617.3981269998844,2604.3005345433594,2606.381003067296,584.3560148501742
2026-07-22 14:36:20.889982,2606.381003067296,2607.509760230418,2599.0046680049913,2601.3915090397427,762.0383816161793
2026-07-22 14:41:20.889982,2601.3915090397427,2602.5624585005885,2590.0063642682217,2591.9355515343277,456.80789592995353
2026-07-22 14:46:20.889982,2591.9355515343277,2593.1459009635473,2589.7829267396555,2590.373015670203,687.495498501385
2026-07-22 14:51:20.889982,2590.373015670203,2591.243960030046,2589.2709901845774,2590.727498169225,827.013278905504
2026-07-22 14:56:20.889982,2590.727498169225,2601.65246767734,2589.159922834209,2599.6884169684186,762.3386898545323
2026-07-22 15:01:20.889982,2599.6884169684186,2603.4405149712416,2598.9544564246157,2601.648943306842,281.5716813142534
2026-07-22 15:06:20.889982,2601.648943306842,2602.9014690659233,2600.653749815863,2600.769211654139,449.2647844915238
2026-07-22 15:11:20.889982,2600.769211654139,2607.477454600097,2598.194730595728,2605.347498565185,430.9670589100407
2026-07-22 15:16:20.889982,2605.347498565185,2606.4075599132125,2594.0823422476938,2594.1107831785052,597.8509070152655
2026-07-22 15:21:20.889982,2594.1107831785052,2596.0337506949686,2592.418056168619,2595.5930381018293,637.2707110029066
2026-07-22 15:26:20.889982,2595.5930381018293,2601.449121095865,2593.548061920707,2599.857801905048,332.2214651948527
2026-07-22 15:31:20.889982,2599.857801905048,2600.517864231724,2590.460491450194,2592.440161496659,513.5677027833875
2026-07-22 15:36:20.889982,2592.440161496659,2600.4248486894926,2591.6032842280724,2598.6370279365324,96.01453356877272
2026-07-22 15:41:20.889982,2598.6370279365324,2602.075562396094,2598.2543167645235,2600.6569348609655,788.389001160378
2026-07-22 15:46:20.889982,2600.6569348609655,2601.8338998752974,2596.4676333088623,2598.7576516376353,397.52515186466127
2026-07-22 15:51:20.889982,2598.7576516376353,2603.4049150272363,2596.575821235122,2602.30884497409,511.1727879688994
2026-07-22 15:56:20.889982,2602.30884497409,2615.9584049522696,2601.809522506439,2614.4152375601134,438.0700572023878
2026-07-22 16:01:20.889982,2614.4152375601134,2617.147865767527,2613.0923870344136,2615.6279080563495,729.205515002683
2026-07-22 16:06:20.889982,2615.6279080563495,2618.2317610646833,2615.3149993400984,2617.188441569875,50.0
2026-07-22 16:11:20.889982,2617.188441569875,2618.2790466683978,2614.856292256522,2615.0465692588787,496.6779315348182
2026-07-22 16:16:20.889982,2615.0465692588787,2615.304854927888,2609.7807502779874,2610.8666528842045,478.83624850046044
2026-07-22 16:21:20.889982,2610.8666528842045,2616.266296276785,2608.4501800680446,2615.4675809108858,409.27272248166344
2026-07-22 16:26:20.889982,2615.4675809108858,2616.4502272648183,2609.275445407228,2611.2544057674354,845.2453091271266
2026-07-22 16:31:20.889982,2611.2544057674354,2613.2743115730614,2609.415858963155,2611.8893636988178,322.53410822884575
2026-07-22 16:36:20.889982,2611.8893636988178,2612.5687578681836,2607.19828265951,2609.6563309350167,654.3592354471323
2026-07-22 16:41:20.889982,2609.6563309350167,2613.803516122451,2607.4868608093284,2612.418703018857,571.2505577412167
2026-07-22 16:46:20.889982,2612.418703018857,2615.3784286512805,2612.1569090163425,2614.4240444129473,752.3038505071031
2026-07-22 16:51:20.889982,2614.4240444129473,2621.8820176587205,2614.4037574017575,2620.1168144424414,366.56218304449897
2026-07-22 16:56:20.889982,2620.1168144424414,2621.362137562127,2617.202630658047,2617.70732961182,353.4062201752482
2026-07-22 17:01:20.889982,2617.70732961182,2619.349615068199,2613.9937388387307,2616.556446221347,719.2139814954797
2026-07-22 17:06:20.889982,2616.556446221347,2617.771582639524,2609.5655714330414,2611.700632146388,585.064261666022
2026-07-22 17:11:20.889982,2611.700632146388,2613.0268124284426,2608.3479271702804,2609.6418920872234,191.0125306646483
2026-07-22 17:16:20.889982,2609.6418920872234,2614.3031959046407,2607.319399873614,2611.8730478597113,392.1389971073459
2026-07-22 17:21:20.889982,2611.8730478597113,2618.1476814649272,2611.09926544235,2616.091955189565,577.2765307696122
2026-07-22 17:26:20.889982,2616.091955189565,2617.5177473214508,2610.947888553127,2611.5326034777336,667.5528443093178
2026-07-22 17:31:20.889982,2611.5326034777336,2617.5016219840995,2610.268065269472,2616.340184888257,364.15386936140897
2026-07-22 17:36:20.889982,2616.340184888257,2625.8877658233696,2613.9958698692576,2623.7057870372455,50.0
2026-07-22 17:41:20.889982,2623.7057870372455,2627.2275978687103,2623.6593357822508,2626.1387480571293,604.6446371474067
2026-07-22 17:46:20.889982,2626.1387480571293,2638.5502144226834,2625.6810680665567,2636.2783387159748,255.93586201120485
2026-07-22 17:51:20.889982,2636.2783387159748,2637.917792666617,2632.3991449289624,2632.464879947376,96.53224037551774
2026-07-22 17:56:20.889982,2632.464879947376,2633.5165667128113,2623.5933031687255,2626.1826149731946,50.0
2026-07-22 18:01:20.889982,2626.1826149731946,2626.4470547578526,2616.009568172614,2617.1184233265494,662.7961720395482
2026-07-22 18:06:20.889982,2617.1184233265494,2626.0296466926134,2614.7497005240957,2625.223309483868,525.7234900809933
2026-07-22 18:11:20.889982,2625.223309483868,2631.209579099792,2624.5992971576766,2628.924149895641,454.8687238575497
2026-07-22 18:16:20.889982,2628.924149895641,2629.1375864296947,2627.2461058524827,2628.894786707174,777.8048725925523
2026-07-22 18:21:20.889982,2628.894786707174,2631.515126614209,2627.1279475564825,2630.6302649005615,627.4649366046145
2026-07-22 18:26:20.889982,2630.6302649005615,2630.7147601029747,2624.627747995603,2624.9779180422274,823.2600085443833
2026-07-22 18:31:20.889982,2624.9779180422274,2639.923988688115,2624.420449761618,2638.1132609988563,221.4529055666007
2026-07-22 18:36:20.889982,2638.1132609988563,2641.3222665564363,2637.9586916010144,2639.059042046368,493.0898752092073
2026-07-22 18:41:20.889982,2639.059042046368,2640.4693316980392,2636.4237825935757,2639.9004807080996,176.65732501039713
2026-07-22 18:46:20.889982,2639.9004807080996,2645.1446061978418,2638.044721314987,2643.999553176111,454.12353362890656
2026-07-22 18:51:20.889982,2643.999553176111,2647.292495313883,2642.387060513313,2646.809021108345,450.27682924666453
2026-07-22 18:56:20.889982,2646.809021108345,2650.182172796728,2645.976661511606,2648.259255680563,625.3227274526141
2026-07-22 19:01:20.889982,2648.259255680563,2650.45439012936,2642.7445803077226,2644.340221680946,509.1127762283797
2026-07-22 19:06:20.889982,2644.340221680946,2648.129587169841,2642.8656254709144,2647.0995398301516,624.6814276559832
2026-07-22 19:11:20.889982,2647.0995398301516,2658.8805035725477,2646.6613514330356,2657.3478493750104,640.6880266277789
2026-07-22 19:16:20.889982,2657.3478493750104,2665.8476316119636,2656.4352348405273,2664.774440686305,930.9857354766284
2026-07-22 19:21:20.889982,2664.774440686305,2674.6181220114886,2662.7462526435734,2673.5462900248763,436.9406689427751
2026-07-22 19:26:20.889982,2673.5462900248763,2674.8363787939534,2668.569603327645,2671.0812641869747,311.7954598667242
2026-07-22 19:31:20.889982,2671.0812641869747,2671.86569775243,2664.95816257282,2666.066455938499,549.2167230632817
2026-07-22 19:36:20.889982,2666.066455938499,2668.1645350931894,2664.2068634146276,2665.6623806319426,339.54399457209126
2026-07-22 19:41:20.889982,2665.6623806319426,2667.684594789351,2665.520193766043,2666.226094071163,796.3921536873072
2026-07-22 19:46:20.889982,2666.226094071163,2673.3996186759814,2665.504256729235,2672.3344270746784,443.35639221095346
2026-07-22 19:51:20.889982,2672.3344270746784,2675.0049847276046,2662.7490745707137,2663.570400009543,386.88472642520196
2026-07-22 19:56:20.889982,2663.570400009543,2674.361565216485,2661.7692038494015,2671.9981920746195,405.7368557697764
2026-07-22 20:01:20.889982,2671.9981920746195,2672.9091201036294,2669.9690514066115,2671.421060592156,643.6834846943282
2026-07-22 20:06:20.889982,2671.421060592156,2673.666485844036,2667.0501326588524,2669.4082032400984,468.45060335370295
2026-07-22 20:11:20.889982,2669.4082032400984,2669.836359965789,2663.3719265075088,2664.2766432963203,371.6666359739235
2026-07-22 20:16:20.889982,2664.2766432963203,2665.169770585655,2655.627128370533,2655.7387883663205,833.0703835247061
2026-07-22 20:21:20.889982,2655.7387883663205,2661.9722064854486,2653.468609594516,2660.3806663152786,328.76603186765
2026-07-22 20:26:20.889982,2660.3806663152786,2662.0522762312066,2658.4118889948645,2661.0368927078907,507.1132148065987
2026-07-22 20:31:20.889982,2661.0368927078907,2662.7072266660507,2653.448766005318,2654.4459052530606,630.461230322046
2026-07-22 20:36:20.889982,2654.4459052530606,2654.8203408602185,2645.9659608790785,2647.8441398859327,173.73297791658536
2026-07-22 20:41:20.889982,2647.8441398859327,2650.1068952606647,2644.516147530545,2646.3311456351607,596.052100281185
2026-07-22 20:46:20.889982,2646.3311456351607,2655.492479312472,2645.758921792023,2655.445003981363,288.9784649039101
2026-07-22 20:51:20.889982,2655.445003981363,2655.629504260098,2652.8181264894015,2654.3321206346704,664.5565561668005
2026-07-22 20:56:20.889982,2654.3321206346704,2656.34006363616,2646.336409564107,2646.629071655323,307.46979761620474
2026-07-22 21:01:20.889982,2646.629071655323,2648.8478409031736,2644.1235051226436,2645.593155873913,638.5538063697721
2026-07-22 21:06:20.889982,2645.593155873913,2647.4185331702006,2641.8461568374355,2644.4149464048614,721.1666132589426
2026-07-22 21:11:20.889982,2644.4149464048614,2644.6362336609136,2628.0823740598416,2630.4530014961038,672.287305126561
2026-07-22 21:16:20.889982,2630.4530014961038,2630.7847087112605,2629.39675591054,2630.4304067040994,550.2633296476205
2026-07-22 21:21:20.889982,2630.4304067040994,2632.6700569403733,2627.09573131085,2629.478707529961,453.7398114140601
2026-07-22 21:26:20.889982,2629.478707529961,2634.739386951173,2627.916522033571,2633.4059047960377,384.7160847330312
2026-07-22 21:31:20.889982,2633.4059047960377,2645.29830088809,2631.212913201264,2643.4263655531163,794.2069381634208
2026-07-22 21:36:20.889982,2643.4263655531163,2649.9759785132765,2641.2850069858177,2649.6540159549277,360.10095596647136
2026-07-22 21:41:20.889982,2649.6540159549277,2650.929231239914,2647.3008376458447,2648.494311223748,292.5867852860008
2026-07-22 21:46:20.889982,2648.494311223748,2649.617007305441,2641.5580168501842,2642.9038140910106,633.073787006566
2026-07-22 21:51:20.889982,2642.9038140910106,2659.3176468351976,2641.454964248999,2656.8068300701775,340.77263936270094
2026-07-22 21:56:20.889982,2656.8068300701775,2659.920199847785,2656.327834019764,2657.3872380220355,309.98730050677455
2026-07-22 22:01:20.889982,2657.3872380220355,2659.6515852771195,2655.2288030379195,2657.727029513133,211.27914756604702
2026-07-22 22:06:20.889982,2657.727029513133,2659.669602441956,2656.1139957641612,2657.8645699826975,403.41803210789647
2026-07-22 22:11:20.889982,2657.8645699826975,2660.685589502912,2655.5763333558334,2659.1836485909325,483.45699522070134
2026-07-22 22:16:20.889982,2659.1836485909325,2661.3685577870324,2658.3567258093894,2658.6818526131715,548.6183455321398
2026-07-22 22:21:20.889982,2658.6818526131715,2660.9379772172706,2654.7990845394597,2655.8988088926317,690.2612488598967
2026-07-22 22:26:20.889982,2655.8988088926317,2656.572602001237,2650.9531826966054,2653.260905635067,605.3795847331587
2026-07-22 22:31:20.889982,2653.260905635067,2654.4987414120683,2651.116103205125,2653.35242736128,461.82555608936406
2026-07-22 22:36:20.889982,2653.35242736128,2654.051329974439,2650.724843729965,2650.7352593208043,460.360864724056
2026-07-22 22:41:20.889982,2650.7352593208043,2652.0485904729867,2646.9582035953113,2647.2235301946866,602.0314937830367
2026-07-22 22:46:20.889982,2647.2235301946866,2650.049497985391,2646.492697598382,2648.051871324681,754.514032585714
2026-07-22 22:51:20.889982,2648.051871324681,2649.2266680093744,2646.736138272906,2646.9665132052282,525.26283989664
2026-07-22 22:56:20.889982,2646.9665132052282,2655.9671849227534,2644.8979347009263,2655.206045553263,406.1738291579182
2026-07-22 23:01:20.889982,2655.206045553263,2655.6085426933787,2639.7202605157495,2641.429686992731,301.4267997828909
2026-07-22 23:06:20.889982,2641.429686992731,2649.8958508401306,2639.6339459931983,2647.466996173395,210.95894711755489
2026-07-22 23:11:20.889982,2647.466996173395,2656.4913101940597,2647.1784973812937,2654.3385840316846,633.2539344087046
2026-07-22 23:16:20.889982,2654.3385840316846,2655.0041111916867,2641.2539438178396,2643.6187635123133,615.5957047279114
2026-07-22 23:21:20.889982,2643.6187635123133,2645.509230130367,2640.3819604593536,2642.0717075294674,615.4727050213323
2026-07-22 23:26:20.889982,2642.0717075294674,2643.825426843374,2639.280069501345,2640.3737137571547,474.26811072958884
2026-07-22 23:31:20.889982,2640.3737137571547,2640.4913599160514,2631.1491570812846,2633.2147601283227,781.3869491783502
2026-07-22 23:36:20.889982,2633.2147601283227,2635.0019578398196,2628.1413684496597,2629.3845532042837,403.1763010830365
2026-07-22 23:41:20.889982,2629.3845532042837,2631.7503672385305,2622.931120561248,2623.8131407076116,691.0538474414411
2026-07-22 23:46:20.889982,2623.8131407076116,2634.062882052003,2621.523086240707,2633.2878481794637,492.2514210020914
2026-07-22 23:51:20.889982,2633.2878481794637,2640.5869574870057,2631.931758102026,2638.484118217509,378.3298470641325
2026-07-22 23:56:20.889982,2638.484118217509,2645.81300132647,2637.9166555557667,2645.4671468682795,618.5060614635522
2026-07-23 00:01:20.889982,2645.4671468682795,2651.291876259838,2644.448532923383,2649.553165310685,581.9272237367987
2026-07-23 00:06:20.889982,2649.553165310685,2651.769445503361,2641.329790524925,2643.8413208315287,571.3945518533852
2026-07-23 00:11:20.889982,2643.8413208315287,2645.971297024158,2640.3361751693997,2641.33339850461,516.2556844112397
2026-07-23 00:16:20.889982,2641.33339850461,2646.2697042542545,2640.4051238748457,2644.184272002539,492.42138365663385
2026-07-23 00:21:20.889982,2644.184272002539,2644.626115426459,2637.9047970601587,2637.9928880971056,977.6743985740877
2026-07-23 00:26:20.889982,2637.9928880971056,2643.040601887248,2635.609305079978,2642.0215300276423,736.8513290392345
2026-07-23 00:31:20.889982,2642.0215300276423,2642.6529377378806,2640.470629232188,2641.016033811961,644.5653789971025
2026-07-23 00:36:20.889982,2641.016033811961,2643.5773460557066,2639.234883692195,2639.3008770691717,522.3598316406776
2026-07-23 00:41:20.889982,2639.3008770691717,2645.397814126072,2638.4526850631214,2643.3207398709155,701.4314401193338
2026-07-23 00:46:20.889982,2643.3207398709155,2646.0342154256227,2640.8946933812736,2645.935024727536,603.5989552782904
2026-07-23 00:51:20.889982,2645.935024727536,2646.3045092599723,2642.830879394621,2644.2899438057775,505.2409505548071
2026-07-23 00:56:20.889982,2644.2899438057775,2651.419755412968,2644.1175551345523,2650.693321755535,439.287134946817
2026-07-23 01:01:20.889982,2650.693321755535,2650.8256509548887,2644.9272140093235,2645.2328883895593,483.81653246746237
2026-07-23 01:06:20.889982,2645.2328883895593,2648.947379107275,2643.2210350488544,2648.758345133668,50.0
2026-07-23 01:11:20.889982,2648.758345133668,2653.4551795046914,2647.8501068452274,2652.167376663785,542.1201678595284
2026-07-23 01:16:20.889982,2652.167376663785,2653.2769610386476,2648.3285690689363,2650.791012726894,402.3047839779281
2026-07-23 01:21:20.889982,2650.791012726894,2655.201892565355,2648.8939039453653,2652.7858630317924,818.5339996565767
2026-07-23 01:26:20.889982,2652.7858630317924,2655.13273593589,2645.5749936589586,2646.4209168852076,503.8688141623509
2026-07-23 01:31:20.889982,2646.4209168852076,2652.59185493947,2644.796776130201,2651.5813125725795,262.20731609300765
2026-07-23 01:36:20.889982,2651.5813125725795,2653.2349074804683,2649.5890793826024,2650.866001105928,490.0239691743765
2026-07-23 01:41:20.889982,2650.866001105928,2651.9280913744283,2645.7491733171405,2648.360934729004,290.77578298749916
2026-07-23 01:46:20.889982,2648.360934729004,2656.367899985111,2647.2089501655364,2654.1884831134566,594.6814831424933
2026-07-23 01:51:20.889982,2654.1884831134566,2656.1188544304005,2650.0027201813878,2650.7172520121735,558.189472867897
2026-07-23 01:56:20.889982,2650.7172520121735,2650.982772573353,2642.593572617996,2643.525232926911,691.5679262216536
2026-07-23 02:01:20.889982,2643.525232926911,2644.59050169222,2635.5280128743752,2635.571597650174,341.8236416610869
2026-07-23 02:06:20.889982,2635.571597650174,2641.182051459279,2634.6249177207737,2639.03178946516,506.80161924562935
2026-07-23 02:11:20.889982,2639.03178946516,2640.563531455837,2632.350777865688,2632.545489320714,226.99564091467295
2026-07-23 02:16:20.889982,2632.545489320714,2642.527418433978,2630.203330117226,2642.065065426176,640.2989563849429
2026-07-23 02:21:20.889982,2642.065065426176,2643.6732574793555,2628.849343463985,2631.3498732789803,603.7742360880244
2026-07-23 02:26:20.889982,2631.3498732789803,2643.1942756974167,2630.371379211621,2640.557019283595,599.1610042055141
2026-07-23 02:31:20.889982,2640.557019283595,2642.72526068424,2638.2904811771,2641.935842159491,500.3238062713882
2026-07-23 02:36:20.889982,2641.935842159491,2644.5741094809714,2640.025711260252,2641.6890276000486,582.9545781577582
2026-07-23 02:41:20.889982,2641.6890276000486,2643.789542122105,2637.0123903423496,2639.0754766673354,820.8678216617193
2026-07-23 02:46:20.889982,2639.0754766673354,2642.3857609816464,2637.5599337898225,2641.447149922116,442.9811485915972
2026-07-23 02:51:20.889982,2641.447149922116,2643.7130055929324,2639.629533484844,2641.512475289956,527.7290367420169
2026-07-23 02:56:20.889982,2641.512475289956,2647.6684638702295,2640.623063065062,2647.6124302932585,282.77474016371804
2026-07-23 03:01:20.889982,2647.6124302932585,2648.864836763024,2646.9956101686475,2648.482195452917,326.3478076803335
2026-07-23 03:06:20.889982,2648.482195452917,2651.9425329658443,2648.384484234105,2649.5433992976236,519.5626586186614
2026-07-23 03:11:20.889982,2649.5433992976236,2650.125770823163,2647.062358899376,2647.882062034123,720.7867093403814
2026-07-23 03:16:20.889982,2647.882062034123,2649.5154983026378,2646.431061265594,2647.8452799046768,448.74383514968554
2026-07-23 03:21:20.889982,2647.8452799046768,2650.319123028263,2647.4103949700634,2649.740765481686,452.8166941375752
2026-07-23 03:26:20.889982,2649.740765481686,2650.368218887141,2639.63016451021,2640.957323808278,418.6229510991251
2026-07-23 03:31:20.889982,2640.957323808278,2641.673492767506,2631.6132244720757,2634.109313046627,393.0486658311354
2026-07-23 03:36:20.889982,2634.109313046627,2639.515530369274,2633.9544379118765,2638.291718597033,558.9942911417643
2026-07-23 03:41:20.889982,2638.291718597033,2641.3822585523435,2637.424128796452,2639.457390947488,200.54847096427108
2026-07-23 03:46:20.889982,2639.457390947488,2641.1822471391115,2638.012419387962,2638.7501990888445,756.1879153333455
2026-07-23 03:51:20.889982,2638.7501990888445,2640.6176402206866,2636.712681513057,2639.11138391458,366.9155403741079
2026-07-23 03:56:20.889982,2639.11138391458,2643.661809938786,2638.4222402950577,2641.2107432801536,644.3806970876283
2026-07-23 04:01:20.889982,2641.2107432801536,2642.0951710565937,2637.399867940164,2638.624892873656,246.00028052122482
2026-07-23 04:06:20.889982,2638.624892873656,2641.071359480552,2632.4092848700434,2634.7842447588005,633.7680261092437
2026-07-23 04:11:20.889982,2634.7842447588005,2636.316988054858,2634.4366381324903,2636.080061712704,634.3889215628994
2026-07-23 04:16:20.889982,2636.080061712704,2637.386263575461,2630.909537340042,2631.1900729122285,576.8404144011793
2026-07-23 04:21:20.889982,2631.1900729122285,2634.5128012436635,2630.799642778097,2633.602678529963,301.1142956400415
2026-07-23 04:26:20.889982,2633.602678529963,2635.277756112892,2622.420207915709,2624.91255039102,549.9096379196154
2026-07-23 04:31:20.889982,2624.91255039102,2633.2060389245876,2623.927575232906,2630.584046969376,263.3887630531222
2026-07-23 04:36:20.889982,2630.584046969376,2634.9123584556473,2628.3315629400795,2633.334957538326,449.4473489807629
2026-07-23 04:41:20.889982,2633.334957538326,2635.256714840368,2631.5191034692284,2634.947208479551,705.8826201910651
2026-07-23 04:46:20.889982,2634.947208479551,2641.4745136461142,2634.404024229982,2640.395004883917,659.3403854141484
2026-07-23 04:51:20.889982,2640.395004883917,2650.536707045591,2640.1944397216453,2649.469623566938,503.03658850808665
2026-07-23 04:56:20.889982,2649.469623566938,2656.962049633965,2648.79998954351,2655.115663221429,305.0386848154316
2026-07-23 05:01:20.889982,2655.115663221429,2655.9424812272027,2645.302382163573,2645.622717596877,629.1175424348387
2026-07-23 05:06:20.889982,2645.622717596877,2647.9102793915613,2637.8224561567918,2639.1247171507835,503.87624753960506
2026-07-23 05:11:20.889982,2639.1247171507835,2640.63468411779,2634.591347487993,2636.092424670259,50.0
2026-07-23 05:16:20.889982,2636.092424670259,2637.5758837571157,2635.5848980186497,2636.493621279048,656.5259652633036
2026-07-23 05:21:20.889982,2636.493621279048,2641.4553492257864,2636.158638245889,2639.4885798456557,495.15343322606157
2026-07-23 05:26:20.889982,2639.4885798456557,2639.762753528842,2634.0518649696305,2635.9237531424073,740.4902495966144
2026-07-23 05:31:20.889982,2635.9237531424073,2637.72298619229,2635.1151235602997,2637.172246997808,280.94589623143906
2026-07-23 05:36:20.889982,2637.172246997808,2638.425503684796,2632.2710912893276,2633.454437508369,50.0
2026-07-23 05:41:20.889982,2633.454437508369,2635.3204483495974,2628.858697973676,2630.498634455005,555.816771669037
2026-07-23 05:46:20.889982,2630.498634455005,2632.1937176799356,2621.497689032459,2623.3709183976566,558.3127353363946
2026-07-23 05:51:20.889982,2623.3709183976566,2624.138550117132,2617.9491631817564,2618.793287495035,161.8656744787096
2026-07-23 05:56:20.889982,2618.793287495035,2619.9403130571623,2611.181382039687,2611.9844684602895,304.30009082667874
2026-07-23 06:01:20.889982,2611.9844684602895,2614.5571108764398,2605.0298535064812,2607.1522107861456,1051.0435487439804
2026-07-23 06:06:20.889982,2607.1522107861456,2613.3435193391633,2607.1376259702706,2612.9132909158075,438.87787716923935
2026-07-23 06:11:20.889982,2612.9132909158075,2613.0250798860393,2607.580842485534,2608.217413028428,646.1917952752432
2026-07-23 06:16:20.889982,2608.217413028428,2622.547184647833,2606.8263512701333,2622.247484611034,369.8680345263233
2026-07-23 06:21:20.889982,2622.247484611034,2627.3507832540367,2620.315543197458,2625.0984613150395,81.9394202293687
2026-07-23 06:26:20.889982,2625.0984613150395,2626.8979477065377,2624.050261452442,2626.3316867922053,465.9483506408189
2026-07-23 06:31:20.889982,2626.3316867922053,2627.665585448236,2619.964654035636,2622.0890859509923,446.87908794277894
2026-07-23 06:36:20.889982,2622.0890859509923,2628.2303542252585,2619.703723494049,2626.0267984083785,420.0243522663257
2026-07-23 06:41:20.889982,2626.0267984083785,2627.364090083161,2621.4463025532145,2623.267570980891,477.0718328987215
2026-07-23 06:46:20.889982,2623.267570980891,2624.4635649677048,2621.78466678401,2624.1701817672024,552.8536543291273
2026-07-23 06:51:20.889982,2624.1701817672024,2638.5606359041176,2623.03728319055,2637.904610633287,469.97660974923866
2026-07-23 06:56:20.889982,2637.904610633287,2639.5771753925237,2636.983776637159,2637.6616185819507,247.19876641052724
2026-07-23 07:01:20.889982,2637.6616185819507,2644.1337434374705,2637.6346251316913,2643.995766365588,597.2369583123877
2026-07-23 07:06:20.889982,2643.995766365588,2644.0543560837527,2640.5219821942724,2640.5440300438167,110.12564893551536
2026-07-23 07:11:20.889982,2640.5440300438167,2640.9147144720378,2639.911649548296,2640.623308337498,89.92850854315992
2026-07-23 07:16:20.889982,2640.623308337498,2650.8432296552432,2638.017550250319,2650.2569358029327,647.8360989403136
2026-07-23 07:21:20.889982,2650.2569358029327,2651.067930605661,2646.8631693658685,2647.2004777244497,601.4040544270714
2026-07-23 07:26:20.889982,2647.2004777244497,2658.5290177445386,2644.9292923386542,2657.079414738978,488.5209269851928
2026-07-23 07:31:20.889982,2657.079414738978,2662.913674507811,2656.292701114863,2661.109281745557,220.91029904898562
2026-07-23 07:36:20.889982,2661.109281745557,2662.603803721156,2656.48285768736,2658.3832188130427,358.41781186518494
2026-07-23 07:41:20.889982,2658.3832188130427,2663.9521226952934,2656.611304168786,2662.013898417111,447.4506504626992
2026-07-23 07:46:20.889982,2662.013898417111,2669.7864325157225,2659.69766559391,2667.4635774247918,180.8212062851773
2026-07-23 07:51:20.889982,2667.4635774247918,2672.596412041415,2666.3169512166637,2671.0500435192157,352.19426839535345
2026-07-23 07:56:20.889982,2671.0500435192157,2672.7637098851055,2660.7623340094765,2662.9411844455335,630.466067635336
2026-07-23 08:01:20.889982,2662.9411844455335,2662.956235668294,2656.699217772956,2659.337272393132,785.4610728578433
2026-07-23 08:06:20.889982,2659.337272393132,2659.8236486187757,2657.036885789167,2658.286942527484,416.1130494682899
2026-07-23 08:11:20.889982,2658.286942527484,2660.605047785112,2657.558850848504,2658.157043570311,651.2976708632197
2026-07-23 08:16:20.889982,2658.157043570311,2662.994037182097,2657.8046193142104,2661.724939443634,117.18798588250655
2026-07-23 08:21:20.889982,2661.724939443634,2663.9894338712743,2661.253453585952,2662.9373703602537,631.8902482227223
2026-07-23 08:26:20.889982,2662.9373703602537,2663.905688281356,2655.1086201813546,2656.100578703703,339.2103170545038
2026-07-23 08:31:20.889982,2656.100578703703,2661.027091814279,2653.458255240867,2658.386859637835,561.469123341594
2026-07-23 08:36:20.889982,2658.386859637835,2662.206915441004,2656.4569537743614,2661.901365689075,450.44951635205814
2026-07-23 08:41:20.889982,2661.901365689075,2665.287659624749,2661.820997522216,2665.149750172536,764.0828019567668
2026-07-23 08:46:20.889982,2665.149750172536,2671.465337127458,2662.5765863149663,2671.1839709175565,325.11287033201637
2026-07-23 08:51:20.889982,2671.1839709175565,2678.428051388677,2670.6659540325077,2675.9103848501386,625.5212595123662
2026-07-23 08:56:20.889982,2675.9103848501386,2679.069874850864,2675.26673451421,2678.6368133811443,444.0985073406933
2026-07-23 09:01:20.889982,2678.6368133811443,2680.017776538502,2677.0028120711886,2678.52878232552,468.33890439806726
2026-07-23 09:06:20.889982,2678.52878232552,2679.1223267069263,2667.892542800515,2669.9126595609487,463.22922136815805
2026-07-23 09:11:20.889982,2669.9126595609487,2673.302238899083,2667.45064946114,2672.4749658032692,330.8653791011774
2026-07-23 09:16:20.889982,2672.4749658032692,2675.608628318575,2671.3088281601945,2673.8526485705393,497.1802068186657
2026-07-23 09:21:20.889982,2673.8526485705393,2677.686377715693,2671.6656653813798,2675.5729105622095,487.4703555756357
2026-07-23 09:26:20.889982,2675.5729105622095,2676.3501152771933,2668.109742764491,2669.0164464690943,548.2480496813458
2026-07-23 09:31:20.889982,2669.0164464690943,2671.5145261675534,2663.07951281538,2663.5183035864125,516.9010291385725
2026-07-23 09:36:20.889982,2663.5183035864125,2669.5138430856864,2662.3089189238012,2669.4013267067244,659.5989099224473
2026-07-23 09:41:20.889982,2669.4013267067244,2671.5958857104624,2667.341434839961,2669.457090261469,684.7017232094737
2026-07-23 09:46:20.889982,2669.457090261469,2675.823609256544,2668.033733967437,2673.3653679184677,289.8753356344398
2026-07-23 09:51:20.889982,2673.3653679184677,2674.0516993172323,2671.791587202002,2673.7841479846243,673.7545001181542
2026-07-23 09:56:20.889982,2673.7841479846243,2676.2922772733336,2673.5346087360854,2674.2106834055144,262.7327145780291
2026-07-23 10:01:20.889982,2674.2106834055144,2679.964304696967,2674.1778155881457,2679.5016689025774,617.5711776275471
2026-07-23 10:06:20.889982,2679.5016689025774,2681.0923619799532,2674.6315045855845,2677.0052972500775,623.9477569405738
2026-07-23 10:11:20.889982,2677.0052972500775,2679.583637771802,2674.3763707334847,2677.7877437640195,117.73662166749921
2026-07-23 10:16:20.889982,2677.7877437640195,2677.9565345061283,2673.164630116038,2675.580682375634,518.595849305882
2026-07-23 10:21:20.889982,2675.580682375634,2677.7587877595006,2672.6838396792436,2673.523971917271,406.3007773279369
2026-07-23 10:26:20.889982,2673.523971917271,2676.126718490906,2671.3691156977925,2672.1385252475543,348.246948412925
2026-07-23 10:31:20.889982,2672.1385252475543,2675.9709185027145,2669.7850430436974,2673.5932793697752,770.1704661398011
2026-07-23 10:36:20.889982,2673.5932793697752,2675.6189476815885,2669.7964635568,2671.301663170644,369.2641718725162
2026-07-23 10:41:20.889982,2671.301663170644,2678.608319053222,2669.880606191524,2678.286917258888,338.72461417639005
2026-07-23 10:46:20.889982,2678.286917258888,2679.242520002536,2671.6483315145756,2673.766534906209,515.1389880010187
2026-07-23 10:51:20.889982,2673.766534906209,2675.793595407675,2670.600610594411,2673.034709433462,637.1179492596833
2026-07-23 10:56:20.889982,2673.034709433462,2673.0743509723884,2668.790916097715,2670.9519919463787,471.6702827979746
2026-07-23 11:01:20.889982,2670.9519919463787,2681.4747898740293,2668.843808339589,2678.960686927535,733.2741091338504
2026-07-23 11:06:20.889982,2678.960686927535,2680.630991663729,2678.7429434009973,2680.2820337920393,606.1951323928181
2026-07-23 11:11:20.889982,2680.2820337920393,2686.143601362538,2678.5968192594196,2686.0876092221797,64.35773605371395
2026-07-23 11:16:20.889982,2686.0876092221797,2687.778965130207,2675.74325147713,2678.3865879327386,394.10660729859836
2026-07-23 11:21:20.889982,2678.3865879327386,2681.1522826101404,2677.4976145908186,2680.0854928736862,387.63158012966016
2026-07-23 11:26:20.889982,2680.0854928736862,2686.8034702078176,2677.872791047708,2685.1268100949433,595.8721906858844
2026-07-23 11:31:20.889982,2685.1268100949433,2688.353325067668,2682.9703198645007,2685.8373026498884,50.0
2026-07-23 11:36:20.889982,2685.8373026498884,2692.9845255590617,2684.132026312704,2691.8359891823925,1009.8019417435444
2026-07-23 11:41:20.889982,2691.8359891823925,2694.1410065275595,2688.0020295003465,2689.3214366521524,2803.921113187536
2026-07-23 11:46:20.889982,2689.3214366521524,2697.7666547429576,2688.864995767336,2697.1822113821113,2450.4050325560665
2026-07-23 11:51:20.889982,2697.1822113821113,2709.8832604305817,2695.244992638509,2709.8828329612575,3405.719755130501
2026-07-23 11:56:20.889982,2709.8828329612575,2710.183893380299,2707.5274894957015,2708.187851583239,4480.734721002695
2026-07-23 12:01:20.889982,2708.187851583239,2708.9945566455435,2704.5300943902052,2706.0465083540803,3118.1875008889815
2026-07-23 12:06:20.889982,2706.0465083540803,2715.275343211369,2704.2208091536886,2714.1952094757567,3190.40468603157
2026-07-23 12:11:20.889982,2714.1952094757567,2723.2071012542033,2713.858814308418,2723.0555940916706,2433.580929663677
2026-07-23 12:16:20.889982,2723.0555940916706,2724.4149747690017,2719.564856662763,2720.481563155533,2181.7613996075775
2026-07-23 12:21:20.889982,2720.481563155533,2721.286317955033,2718.2859220730497,2718.468135770115,1872.5374557236055
2026-07-23 12:26:20.889982,2718.468135770115,2720.903119805266,2715.328414516762,2717.2082296724216,1548.4689938661982
2026-07-23 12:31:20.889982,2717.2082296724216,2717.538691529009,2710.006458143931,2710.1827445761946,1677.1447307322894
2026-07-23 12:36:20.889982,2710.1827445761946,2712.8248272944616,2703.6355235100245,2705.478421146316,1063.3199118395203
2026-07-23 12:41:20.889982,2705.478421146316,2706.6078395384366,2698.425630820228,2700.3205295558073,484.8257098629953
2026-07-23 12:46:20.889982,2700.3205295558073,2702.3628678059954,2694.3436172719225,2696.446743812851,163.06648455472265
2026-07-23 12:51:20.889982,2696.446743812851,2697.817948023441,2695.2875878494838,2696.5293378488554,538.1833048287422
2026-07-23 12:56:20.889982,2696.5293378488554,2698.092314762326,2694.0308494046826,2698.0625603010485,492.7338783915317
2026-07-23 13:01:20.889982,2698.0625603010485,2708.3458799168134,2697.5144382691387,2706.7128987004903,529.3870596773376
2026-07-23 13:06:20.889982,2706.7128987004903,2709.2020011375275,2699.112154782689,2701.5839200964947,395.57368599600153
2026-07-23 13:11:20.889982,2701.5839200964947,2709.8562199628354,2699.2225829402637,2707.1783220365614,1115.3720740361007
2026-07-23 13:16:20.889982,2707.1783220365614,2709.879502301335,2705.62838161269,2706.2905735370828,772.0231800360625
2026-07-23 13:21:20.889982,2706.2905735370828,2708.572850811466,2704.0632197832347,2706.2934762536643,251.09149998305546
2026-07-23 13:26:20.889982,2706.2934762536643,2710.845368786867,2706.0270753569844,2710.219469728961,546.5736174853796
2026-07-23 13:31:20.889982,2710.219469728961,2712.8739142741815,2703.61050645254,2704.4110785291887,378.39877141253527
2026-07-23 13:36:20.889982,2704.4110785291887,2709.1082047216014,2704.399917006364,2706.7509175686496,297.1040546585172
2026-07-23 13:41:20.889982,2706.7509175686496,2707.979869220319,2705.4899199763668,2707.922935662631,231.985585775213
2026-07-23 13:46:20.889982,2707.922935662631,2711.509484960602,2706.054898629248,2710.862362308592,586.4433381518508
2026-07-23 13:51:20.889982,2710.862362308592,2714.2360725630724,2710.6523089766697,2712.7018651622348,363.72395298608524
2026-07-23 13:56:20.889982,2712.7018651622348,2726.771617652542,2711.6492031835724,2726.328239535749,693.5652048050408
2026-07-23 14:01:20.889982,2726.328239535749,2726.8342571366834,2720.9680573422315,2723.1253781211262,698.7564429060878
2026-07-23 14:06:20.889982,2723.1253781211262,2724.2583895386424,2720.252825672824,2720.5070077213136,774.7828770422899
2026-07-23 14:11:20.889982,2720.5070077213136,2721.8246659810848,2717.143485925833,2717.3903287205276,329.5226467851793
2026-07-23 14:16:20.889982,2717.3903287205276,2717.740701707287,2713.9941040809076,2714.6445596078515,595.073122138402
2026-07-23 14:21:20.889982,2714.6445596078515,2716.9778718167336,2708.95029013335,2711.4573375685522,626.4908433284602
2026-07-23 14:26:20.889982,2711.4573375685522,2720.4306715908215,2710.5515014460702,2718.1847504310253,405.164364979207
2026-07-23 14:31:20.889982,2718.1847504310253,2726.933462880083,2716.692043806707,2726.190721920112,345.64560852142495
2026-07-23 14:36:20.889982,2726.190721920112,2728.158631308946,2720.6475878807723,2723.3528925367755,821.9041331551946
2026-07-23 14:41:20.889982,2723.3528925367755,2723.711206015544,2718.96093436731,2719.0949639936207,545.4991751464107
2026-07-23 14:46:20.889982,2719.0949639936207,2723.8219893517075,2716.8320630567896,2721.931999838175,627.1935501423476
2026-07-23 14:51:20.889982,2721.931999838175,2724.235703665118,2717.3544608889792,2719.199338522842,335.5847976344145
2026-07-23 14:56:20.889982,2719.199338522842,2725.5136364509663,2717.8098147078294,2722.915931618914,256.14310669556124
2026-07-23 15:01:20.889982,2722.915931618914,2726.7831561518556,2720.2806605322858,2724.2936562937207,386.1100451015779
2026-07-23 15:06:20.889982,2724.2936562937207,2726.601561979716,2715.4777127451407,2716.319115851819,475.1957225220006
2026-07-23 15:11:20.889982,2716.319115851819,2725.546352615992,2714.830246841527,2725.011662678153,287.1559986365302
2026-07-23 15:16:20.889982,2725.011662678153,2736.329367859148,2722.6197609586648,2735.090331595313,498.0310382699234
2026-07-23 15:21:20.889982,2735.090331595313,2735.3639272517016,2731.309358380709,2732.01350770969,162.2989623863
2026-07-23 15:26:20.889982,2732.01350770969,2734.0674325811974,2729.9095906672765,2730.1689202532325,275.99051550602553
2026-07-23 15:31:20.889982,2730.1689202532325,2732.8798043436536,2729.1119206290778,2732.003474849938,634.182249655375
2026-07-23 15:36:20.889982,2732.003474849938,2735.8071940334594,2731.5714559123453,2734.1049572479255,620.7581040555788
2026-07-23 15:41:20.889982,2734.1049572479255,2740.338492346741,2732.881329803359,2737.982172594509,421.6246469226267
2026-07-23 15:46:20.889982,2737.982172594509,2751.8082094856863,2736.701153111886,2749.2870535653747,296.4471381846094
2026-07-23 15:51:20.889982,2749.2870535653747,2750.0432181884894,2748.199284258116,2748.589113432618,294.5192896947978
2026-07-23 15:56:20.889982,2748.589113432618,2748.59940715917,2743.0181718510094,2744.4786667158833,425.3463508117372
2026-07-23 16:01:20.889982,2744.4786667158833,2744.772755984595,2736.119547065149,2737.1917810801815,628.9036983290582
2026-07-23 16:06:20.889982,2737.1917810801815,2738.804730901862,2732.713067790709,2733.466645994664,685.6491382688649
2026-07-23 16:11:20.889982,2733.466645994664,2734.037877187208,2731.3489702793304,2733.558891264845,400.6936529036062
2026-07-23 16:16:20.889982,2733.558891264845,2746.2596054393293,2733.284331467556,2743.6619305437653,269.30151480304323
2026-07-23 16:21:20.889982,2743.6619305437653,2744.0888177935417,2738.465707388587,2741.097195390922,553.5687275732666
2026-07-23 16:26:20.889982,2741.097195390922,2742.7021921356354,2738.41741013508,2742.5985651831065,335.2930058748301
2026-07-23 16:31:20.889982,2742.5985651831065,2742.7954872095647,2740.202442781672,2742.782748401484,396.3494722277595
2026-07-23 16:36:20.889982,2742.782748401484,2750.4294720654957,2740.208403073433,2749.5844555250605,765.0552180874075
2026-07-23 16:41:20.889982,2749.5844555250605,2764.6679935593897,2747.7853850342185,2763.792022699027,665.4230857131536
2026-07-23 16:46:20.889982,2763.792022699027,2764.0132160769017,2760.4661525154634,2761.135257901909,531.5948624502903
2026-07-23 16:51:20.889982,2761.135257901909,2763.2714912237834,2757.251129751125,2758.709620501892,245.61619977745545
2026-07-23 16:56:20.889982,2758.709620501892,2767.3187803967708,2757.5268198668973,2764.753174986906,542.2793134941318
2026-07-23 17:01:20.889982,2764.753174986906,2771.211476243,2763.51192401571,2768.8031370359017,712.5314581575053
2026-07-23 17:06:20.889982,2768.8031370359017,2782.0479526657004,2766.1455445896495,2779.326302168351,424.8732668468929
2026-07-23 17:11:20.889982,2779.326302168351,2783.7682623444566,2776.864031209448,2782.8523234986515,770.2228179973431
2026-07-23 17:16:20.889982,2782.8523234986515,2785.2111007808116,2780.545497511968,2781.1314273861094,758.5490579036414
2026-07-23 17:21:20.889982,2781.1314273861094,2786.4356616286527,2780.9292883140074,2784.6972018964207,832.7465664286947
2026-07-23 17:26:20.889982,2784.6972018964207,2793.4933541385903,2784.211144463026,2791.157962348651,561.0486253062705
2026-07-23 17:31:20.889982,2791.157962348651,2796.2195007141477,2790.040887633454,2796.021501286466,617.4783399612024
2026-07-23 17:36:20.889982,2796.021501286466,2800.7544244802853,2793.6311350885185,2799.1395389112577,782.8374576662179
2026-07-23 17:41:20.889982,2799.1395389112577,2808.131119520409,2797.909338042268,2805.3979815058133,589.4787874137951
2026-07-23 17:46:20.889982,2805.3979815058133,2812.4175402458854,2803.296414172499,2812.2475485349037,399.75317844195746
2026-07-23 17:51:20.889982,2812.2475485349037,2821.9082332644252,2810.987967198355,2820.3142670665325,410.2914326944277
2026-07-23 17:56:20.889982,2820.3142670665325,2825.1316401705094,2818.897345330702,2824.258185008212,547.7109907547479
2026-07-23 18:01:20.889982,2824.258185008212,2825.214703653195,2821.45922286088,2823.596719086961,241.88771561075623
2026-07-23 18:06:20.889982,2823.596719086961,2826.244158656772,2821.1208545887207,2824.707817880194,471.3482169271615
2026-07-23 18:11:20.889982,2824.707817880194,2833.35450210539,2824.0347961785255,2831.8152861391977,719.3094236460507
2026-07-23 18:16:20.889982,2831.8152861391977,2834.225421141212,2825.899452510752,2827.4749754161166,61.74922976694381
2026-07-23 18:21:20.889982,2827.4749754161166,2830.428871317733,2825.712022686489,2829.843543541403,806.896420358903
2026-07-23 18:26:20.889982,2829.843543541403,2830.855826019092,2825.5131248261614,2827.901020318725,724.474843740632
2026-07-23 18:31:20.889982,2827.901020318725,2829.6285092142325,2825.846716060931,2828.3464205210084,408.0470768339047
2026-07-23 18:36:20.889982,2828.3464205210084,2836.14198471799,2827.226326478705,2835.8710563519207,608.6781655743619
2026-07-23 18:41:20.889982,2835.8710563519207,2840.0285286242074,2833.5783672167827,2837.238837833681,500.6295453812653
2026-07-23 18:46:20.889982,2837.238837833681,2838.239995437994,2836.45075488475,2837.786117649391,745.9980736877367
2026-07-23 18:51:20.889982,2837.786117649391,2838.722064373145,2828.5208939662616,2830.3616637160894,696.5366285539883
2026-07-23 18:56:20.889982,2830.3616637160894,2837.018609489652,2828.2402323365845,2834.872625768125,219.98585536339817
2026-07-23 19:01:20.889982,2834.872625768125,2840.266027567884,2832.574052820997,2838.8185876194966,617.4524826928354
2026-07-23 19:06:20.889982,2838.8185876194966,2852.6587877901734,2838.4669131680907,2851.4124978824484,458.8744292713505
2026-07-23 19:11:20.889982,2851.4124978824484,2853.0219544040674,2847.2288081197453,2849.9428126062244,516.56651410362
2026-07-23 19:16:20.889982,2849.9428126062244,2853.738555111502,2848.293548854683,2851.477351674535,354.3656198060369
2026-07-23 19:21:20.889982,2851.477351674535,2855.030690882605,2848.8238751301146,2853.1852345228913,849.6274138241671
2026-07-23 19:26:20.889982,2853.1852345228913,2863.713341959647,2852.2397056588525,2862.4872161864314,708.0123639805151
2026-07-23 19:31:20.889982,2862.4872161864314,2865.284557673371,2859.7565411298037,2862.2279121671063,352.04576720540655
2026-07-23 19:36:20.889982,2862.2279121671063,2865.037234202108,2860.9004663962182,2864.1120011944927,233.0778786179535
2026-07-23 19:41:20.889982,2864.1120011944927,2869.073455729859,2863.684974471884,2867.88306019502,422.8654738044304
2026-07-23 19:46:20.889982,2867.88306019502,2871.988729959323,2866.7235394224986,2869.2405159484792,586.9005292182611
2026-07-23 19:51:20.889982,2869.2405159484792,2871.7520456171724,2866.4236128305333,2866.966490790116,548.0411687892446
2026-07-23 19:56:20.889982,2866.966490790116,2869.9379223739493,2866.8977943018917,2868.366428133763,750.6265649536487
2026-07-23 20:01:20.889982,2868.366428133763,2877.0166477076546,2866.7001542103967,2874.819651642517,657.9839444361704
2026-07-23 20:06:20.889982,2874.819651642517,2876.6181088709386,2869.0621219821373,2869.2105200824712,693.9138051505813
2026-07-23 20:11:20.889982,2869.2105200824712,2870.866404262939,2868.9972491615476,2870.2606692440386,565.3710801220875
2026-07-23 20:16:20.889982,2870.2606692440386,2871.089928641472,2864.7324886489337,2866.531062053999,222.14025395780197
2026-07-23 20:21:20.889982,2866.531062053999,2875.304922304025,2864.7763155757134,2873.6778861614375,460.8602937706197
2026-07-23 20:26:20.889982,2873.6778861614375,2875.256257393942,2864.4411295292775,2865.223418028444,712.0179479817331
2026-07-23 20:31:20.889982,2865.223418028444,2865.923986635719,2861.916245025197,2862.308552129536,489.6954142950708
2026-07-23 20:36:20.889982,2862.308552129536,2867.18760185651,2860.543997989372,2864.7552216340923,600.6180737247494
2026-07-23 20:41:20.889982,2864.7552216340923,2874.5623906660553,2864.247560137927,2874.026353100975,436.2503369507734
2026-07-23 20:46:20.889982,2874.026353100975,2876.5354804269564,2871.8012603612224,2873.9358211961,294.037630291631
2026-07-23 20:51:20.889982,2873.9358211961,2875.830891832303,2869.865345209694,2871.033465678423,475.3311871907779
2026-07-23 20:56:20.889982,2871.033465678423,2882.898791933639,2868.221429759542,2882.143740700837,561.8094886065307
2026-07-23 21:01:20.889982,2882.143740700837,2884.4414997518284,2873.229099562201,2874.096442153733,368.8624561077113
2026-07-23 21:06:20.889982,2874.096442153733,2876.5324251192114,2859.599304990402,2861.7711945795936,452.8577510286663
2026-07-23 21:11:20.889982,2861.7711945795936,2865.4281979745397,2860.5504979083594,2864.5771878084174,312.1073516028035
2026-07-23 21:16:20.889982,2864.5771878084174,2865.1098658060787,2861.670638972854,2861.9884697882057,723.8489835128191
2026-07-23 21:21:20.889982,2861.9884697882057,2864.0570063925934,2855.6704213218195,2856.4345514340835,441.1088484823932
2026-07-23 21:26:20.889982,2856.4345514340835,2863.116231129359,2853.590660310805,2860.770229709238,790.5511090252367
2026-07-23 21:31:20.889982,2860.770229709238,2862.671036871571,2859.4169849057917,2862.451716353681,805.7495701081816
2026-07-23 21:36:20.889982,2862.451716353681,2864.747581703203,2857.254165158068,2859.5101782768884,483.79080705565127
2026-07-23 21:41:20.889982,2859.5101782768884,2861.6833978865975,2851.4871898567867,2852.4826918692856,298.31025349053004
2026-07-23 21:46:20.889982,2852.4826918692856,2859.0471356973067,2850.785554927759,2857.7501364939244,82.82042445333258
2026-07-23 21:51:20.889982,2857.7501364939244,2864.5421193076922,2856.8140882356915,2861.754940031354,205.59258539464167
2026-07-23 21:56:20.889982,2861.754940031354,2864.3967516123876,2860.7027376475085,2861.4734953296656,225.233035020268
2026-07-23 22:01:20.889982,2861.4734953296656,2875.1894276599937,2859.5555535549265,2872.3484611411363,775.6939254923009
2026-07-23 22:06:20.889982,2872.3484611411363,2873.679827628466,2864.73607683581,2866.4943570365144,523.1649174453892
2026-07-23 22:11:20.889982,2866.4943570365144,2867.2755660946846,2857.264055381113,2858.0476573322753,577.9209048183975
2026-07-23 22:16:20.889982,2858.0476573322753,2858.372201630287,2854.0552609275733,2854.3808039080236,55.915798212974835
2026-07-23 22:21:20.889982,2854.3808039080236,2855.3983987053307,2852.2033238757604,2854.4060023996167,260.40671415654765
2026-07-23 22:26:20.889982,2854.4060023996167,2857.817528466839,2854.113184414854,2856.081113497511,677.4159552892575
2026-07-23 22:31:20.889982,2856.081113497511,2858.5151701407276,2853.2720530550155,2854.9889509855525,557.3548224765173
2026-07-23 22:36:20.889982,2854.9889509855525,2860.031040476903,2853.0755788809824,2857.2856016720693,470.5589442628806
2026-07-23 22:41:20.889982,2857.2856016720693,2857.7861262879064,2849.0770774289394,2850.4275625835553,612.9684717200245
2026-07-23 22:46:20.889982,2850.4275625835553,2860.81005748182,2850.346996100634,2858.9560313639877,827.1595612271631
2026-07-23 22:51:20.889982,2858.9560313639877,2858.9986591536226,2858.402265963031,2858.772199663695,455.79150729258987
2026-07-23 22:56:20.889982,2858.772199663695,2866.1751949609265,2857.544216570984,2865.4540620832436,513.8739605316139
2026-07-23 23:01:20.889982,2865.4540620832436,2869.1034548746884,2865.058550310533,2867.7056190891158,538.519383746261
2026-07-23 23:06:20.889982,2867.7056190891158,2872.5465775201696,2865.996070619836,2870.613530541807,978.4219270547985
2026-07-23 23:11:20.889982,2870.613530541807,2875.0203024507937,2870.574318295592,2874.173961405336,80.12874711619486
2026-07-23 23:16:20.889982,2874.173961405336,2877.2597836681434,2873.048162480744,2877.036387790236,636.6446029577617
2026-07-23 23:21:20.889982,2877.036387790236,2881.4687313912045,2875.9522640717155,2881.025127416519,477.03955024818725
2026-07-23 23:26:20.889982,2881.025127416519,2890.7976522300787,2879.4485226361357,2888.9828434630867,613.3543452368359
2026-07-23 23:31:20.889982,2888.9828434630867,2891.0757780491504,2887.9895461846436,2890.40758552294,368.5254892010551
2026-07-23 23:36:20.889982,2890.40758552294,2896.576074536255,2887.9193636198474,2894.798577896202,490.20699382831
2026-07-23 23:41:20.889982,2894.798577896202,2896.9789790875157,2892.966679070632,2894.568533374673,642.282115893099
2026-07-23 23:46:20.889982,2894.568533374673,2904.259705337637,2893.5118674336322,2903.2078934451847,1122.5820402087681
2026-07-23 23:51:20.889982,2903.2078934451847,2905.761024721977,2899.4592869738967,2899.573076590413,661.6072378804142
2026-07-23 23:56:20.889982,2899.573076590413,2913.2021953924436,2897.6466715363595,2910.326842981987,330.3868803938983
2026-07-24 00:01:20.889982,2910.326842981987,2912.366503056878,2910.2162568561034,2910.3841307066723,415.24806359545937
2026-07-24 00:06:20.889982,2910.3841307066723,2912.146453498994,2900.951046631249,2902.358046134542,409.3171783232292
2026-07-24 00:11:20.889982,2902.358046134542,2903.6991934922717,2901.5514169503876,2903.392075852203,140.871365473997
2026-07-24 00:16:20.889982,2903.392075852203,2905.9770077893904,2898.135188616967,2899.730006529697,433.9819616597125
2026-07-24 00:21:20.889982,2899.730006529697,2906.1007950606513,2899.5192479014663,2904.899861308766,646.565816364349
2026-07-24 00:26:20.889982,2904.899861308766,2906.9743128346745,2899.361593721849,2901.400845695248,245.15357618464097
2026-07-24 00:31:20.889982,2901.400845695248,2903.182432335812,2897.6234785163406,2899.1027823737404,709.6965302101185
2026-07-24 00:36:20.889982,2899.1027823737404,2900.36036794113,2886.7427059855104,2888.4563436375483,597.5549642168676
2026-07-24 00:41:20.889982,2888.4563436375483,2889.130496210669,2883.4165908770497,2886.1331899024694,353.15333560579245
2026-07-24 00:46:20.889982,2886.1331899024694,2887.8325293351695,2871.569114344708,2872.463003127969,471.69407253243054
2026-07-24 00:51:20.889982,2872.463003127969,2873.754691862888,2861.3571372830206,2863.6643480887246,819.6643615282067
2026-07-24 00:56:20.889982,2863.6643480887246,2868.7731876885873,2862.8257651568347,2868.309622786398,646.7095627011731
2026-07-24 01:01:20.889982,2868.309622786398,2875.0605998193078,2867.4047020595594,2873.1082996794844,501.75673097962954
2026-07-24 01:06:20.889982,2873.1082996794844,2878.1207905833844,2872.733492682753,2875.8416812142545,452.46333660780317
2026-07-24 01:11:20.889982,2875.8416812142545,2878.035045892934,2870.376149565269,2870.572358108548,515.3218140903319
2026-07-24 01:16:20.889982,2870.572358108548,2870.621645745512,2867.9939425039856,2870.5854975742122,397.6472884115393
2026-07-24 01:21:20.889982,2870.5854975742122,2872.5208244777314,2869.5755483857783,2870.8518856905753,79.05009885619705
2026-07-24 01:26:20.889982,2870.8518856905753,2871.5196304427045,2862.7279660278487,2864.4950322894892,908.4355821069462
2026-07-24 01:31:20.889982,2864.4950322894892,2874.8708454582556,2861.654605387454,2873.4082743724075,531.0649998398803
2026-07-24 01:36:20.889982,2873.4082743724075,2881.57302640086,2871.5835895296264,2878.7426006544347,579.6294530245075
2026-07-24 01:41:20.889982,2878.7426006544347,2880.0175108469352,2876.345060146846,2877.758445218566,488.41845002461827
2026-07-24 01:46:20.889982,2877.758445218566,2880.165308917493,2877.4661382160734,2878.2009969886262,352.9766398550824
2026-07-24 01:51:20.889982,2878.2009969886262,2880.63428844137,2877.984348349524,2879.688736672754,462.81510381024583
2026-07-24 01:56:20.889982,2879.688736672754,2879.899992825649,2867.678686901019,2868.240400926707,180.12104756113774
2026-07-24 02:01:20.889982,2868.240400926707,2869.6322239162123,2864.8594857291955,2867.109519656183,955.4172996106608
2026-07-24 02:06:20.889982,2867.109519656183,2868.5014895474987,2862.527239648698,2863.4878728546655,253.0976003155208
2026-07-24 02:11:20.889982,2863.4878728546655,2863.723689643788,2856.470382737483,2858.043151088591,293.6067432305641
2026-07-24 02:16:20.889982,2858.043151088591,2858.818448414295,2854.965770822118,2856.722467103964,411.9481591227199
2026-07-24 02:21:20.889982,2856.722467103964,2870.100540856144,2856.4044729808884,2867.2986517692043,757.6151449704755
2026-07-24 02:26:20.889982,2867.2986517692043,2871.8721633845685,2865.9421484379527,2871.2630955555883,502.9017998525308
2026-07-24 02:31:20.889982,2871.2630955555883,2874.0442406574366,2866.058010649202,2868.2717708429377,252.7728407939075
2026-07-24 02:36:20.889982,2868.2717708429377,2874.4250439755015,2867.3145859635433,2871.845468537409,750.8676721514679
2026-07-24 02:41:20.889982,2871.845468537409,2883.039446815069,2871.550148580578,2880.1821952658734,646.2001253570963
2026-07-24 02:46:20.889982,2880.1821952658734,2885.954785130017,2877.71790381321,2885.801915816263,607.6869914432905
2026-07-24 02:51:20.889982,2885.801915816263,2889.111217775938,2885.5405044179115,2886.434728252284,643.1468482341681
2026-07-24 02:56:20.889982,2886.434728252284,2886.7621291159794,2882.895105619466,2882.9907464092958,978.8723801164901
2026-07-24 03:01:20.889982,2882.9907464092958,2887.609963359596,2882.3869910153458,2887.308217815154,937.0189790072225
2026-07-24 03:06:20.889982,2887.308217815154,2892.6737075153324,2885.3798995071297,2889.8703118940816,362.6569313993409
2026-07-24 03:11:20.889982,2889.8703118940816,2897.59262487465,2887.6273696734625,2895.338450364219,824.7769985622305
2026-07-24 03:16:20.889982,2895.338450364219,2900.86012264486,2893.0294498633048,2899.3087786249134,576.6336379517801
2026-07-24 03:21:20.889982,2899.3087786249134,2907.4229130591452,2898.3968123628497,2905.691680069357,599.8191632275499
2026-07-24 03:26:20.889982,2905.691680069357,2907.322093044008,2901.32445234611,2902.8731601014833,161.54583367133426
2026-07-24 03:31:20.889982,2902.8731601014833,2913.219694356603,2900.023330511605,2910.8227684589633,465.9228469223608
2026-07-24 03:36:20.889982,2910.8227684589633,2913.4616272477224,2908.600673490927,2912.264562550747,337.435281932687
2026-07-24 03:41:20.889982,2912.264562550747,2924.9613253831744,2910.002224082425,2924.669551562892,665.6117629786619
2026-07-24 03:46:20.889982,2924.669551562892,2925.7558232963343,2920.818058027337,2920.9331140584895,714.216100080561
2026-07-24 03:51:20.889982,2920.9331140584895,2932.4499459437498,2919.1494674264627,2931.3851314968397,85.10272979673772
2026-07-24 03:56:20.889982,2931.3851314968397,2933.188677384876,2928.6764305247393,2932.838935849993,495.5930271991459
2026-07-24 04:01:20.889982,2932.838935849993,2933.0667365278814,2926.5890512774436,2929.313332361036,724.3723009588505
2026-07-24 04:06:20.889982,2929.313332361036,2931.384759720138,2925.8074673375527,2926.772459852233,462.66420753731103
2026-07-24 04:11:20.889982,2926.772459852233,2927.916097208586,2923.0233890445593,2925.1903974846423,645.8127290004729
2026-07-24 04:16:20.889982,2925.1903974846423,2929.726851399462,2923.2257140602637,2927.9657646076807,570.2330935254168
2026-07-24 04:21:20.889982,2927.9657646076807,2932.462939174501,2926.537463433434,2931.3221723054385,568.3320463905253
2026-07-24 04:26:20.889982,2931.3221723054385,2934.2237928090426,2927.6270923796174,2928.2535127766214,445.7370043863405
2026-07-24 04:31:20.889982,2928.2535127766214,2929.6273607455305,2927.3989805024985,2928.403709139032,256.6838391728581
2026-07-24 04:36:20.889982,2928.403709139032,2943.5220044868747,2926.1663717322035,2941.2716037275327,275.6939705149945
2026-07-24 04:41:20.889982,2941.2716037275327,2952.609912029783,2941.0322127004015,2951.746687109124,641.8705028910634
2026-07-24 04:46:20.889982,2951.746687109124,2954.6528715677555,2950.484961413723,2954.619092362983,503.8916511037766
2026-07-24 04:51:20.889982,2954.619092362983,2956.351776342626,2951.698776756855,2955.139171644006,472.29755107855505
2026-07-24 04:56:20.889982,2955.139171644006,2957.5330777178183,2954.381419675745,2956.1442750013607,415.22199153552947
2026-07-24 05:01:20.889982,2956.1442750013607,2962.707890130403,2954.6926072933556,2960.069788787128,438.9622309038497
2026-07-24 05:06:20.889982,2960.069788787128,2961.843390483092,2954.0336841353883,2954.3163197678973,709.3823588976279
2026-07-24 05:11:20.889982,2954.3163197678973,2955.4475759591783,2950.302883373476,2953.091262055991,432.95118362639465
2026-07-24 05:16:20.889982,2953.091262055991,2954.8321252549345,2942.533008079494,2943.547065504259,231.78705733968627
2026-07-24 05:21:20.889982,2943.547065504259,2948.036208880908,2940.8672276131288,2946.1928726926535,648.7303551080347
2026-07-24 05:26:20.889982,2946.1928726926535,2951.1122411581246,2944.7047014168174,2950.303885624926,459.02466722705657
2026-07-24 05:31:20.889982,2950.303885624926,2953.132314386274,2947.2407486046527,2947.7489291514507,506.2791731065553
2026-07-24 05:36:20.889982,2947.7489291514507,2959.46699485637,2945.937593417537,2957.3387048747013,821.5156612799021
2026-07-24 05:41:20.889982,2957.3387048747013,2959.3487344467644,2949.3563646610082,2950.3926004604664,495.8878885298986
2026-07-24 05:46:20.889982,2950.3926004604664,2951.3186678414304,2940.045486381684,2942.0584712391424,557.8367346237451
2026-07-24 05:51:20.889982,2942.0584712391424,2944.3083102554647,2940.8238224420343,2943.673821129782,264.21530174033495
2026-07-24 05:56:20.889982,2943.673821129782,2950.695053111266,2943.6493743863784,2950.139911577599,456.066109529808
2026-07-24 06:01:20.889982,2950.139911577599,2963.260076383981,2948.8663273903176,2960.388329895995,621.9052090417202
2026-07-24 06:06:20.889982,2960.388329895995,2963.257981182113,2957.5533345608064,2957.9684070990525,188.92525323175153
2026-07-24 06:11:20.889982,2957.9684070990525,2966.3944924748794,2957.3739322594083,2964.653153699782,540.1690186231419
2026-07-24 06:16:20.889982,2964.653153699782,2967.063640872958,2962.3297461625875,2964.7212912870546,520.1582145289613
2026-07-24 06:21:20.889982,2964.7212912870546,2965.0551400993627,2961.290915098233,2963.994268909435,508.25749111748786
2026-07-24 06:26:20.889982,2963.994268909435,2970.112124473356,2962.1774075819926,2969.534165086447,707.4317797316487
2026-07-24 06:31:20.889982,2969.534165086447,2976.6392263300527,2966.913858429304,2973.708239512857,566.8877029697043
2026-07-24 06:36:20.889982,2973.708239512857,2976.55278154884,2963.628308891497,2964.6439922803515,795.6143796712888
2026-07-24 06:41:20.889982,2964.6439922803515,2974.023072127151,2964.0856108539892,2973.7091208769407,301.28209688119273
2026-07-24 06:46:20.889982,2973.7091208769407,2983.719236531268,2971.350286547709,2982.2266473183236,527.1849134436696
2026-07-24 06:51:20.889982,2982.2266473183236,2982.674439517201,2976.83050011287,2978.7957055679963,516.8933572779895
2026-07-24 06:56:20.889982,2978.7957055679963,2982.4175365935303,2977.7793343000235,2981.4528052382543,286.149101248984
2026-07-24 07:01:20.889982,2981.4528052382543,2986.6741962664037,2980.0604685088424,2984.698571362842,691.2590004182692
2026-07-24 07:06:20.889982,2984.698571362842,2988.9788637494053,2984.2332016098026,2986.5536827276214,964.9346611705636
2026-07-24 07:11:20.889982,2986.5536827276214,2988.9129056418587,2983.3751507762263,2983.56680092978,496.5987851032338
2026-07-24 07:16:20.889982,2983.56680092978,2984.1457736444727,2977.904561927118,2979.859796081576,601.0042176547533
2026-07-24 07:21:20.889982,2979.859796081576,2982.553173675638,2979.1068462175867,2980.0054905252437,516.9036951630654
2026-07-24 07:26:20.889982,2980.0054905252437,2988.279306887558,2978.4048677462742,2987.3018867861247,357.2830660185648
2026-07-24 07:31:20.889982,2987.3018867861247,2991.4833011993296,2984.878718155406,2990.8505185613276,135.84794443959674
2026-07-24 07:36:20.889982,2990.8505185613276,2993.164350122221,2988.4990469892755,2988.933314227451,358.84530338092696
2026-07-24 07:41:20.889982,2988.933314227451,2995.23799427362,2986.6174057029084,2993.8493579288324,221.6083238096537
2026-07-24 07:46:20.889982,2993.8493579288324,2994.8592717289366,2975.2544879818793,2977.1393352071805,840.8204156118236
2026-07-24 07:51:20.889982,2977.1393352071805,2984.4355339213944,2975.32718395531,2984.285683621899,476.97806121535217
2026-07-24 07:56:20.889982,2984.285683621899,2984.741243724677,2971.74719274171,2974.2175282259177,430.8161341905659
2026-07-24 08:01:20.889982,2974.2175282259177,2975.274712250897,2971.5226948188697,2972.3595741383856,677.8307649575612
2026-07-24 08:06:20.889982,2972.3595741383856,2974.8589985391013,2965.8587565479133,2966.0074840956268,275.6497794288224
2026-07-24 08:11:20.889982,2966.0074840956268,2967.1838287627106,2957.53849263893,2958.63319739723,346.6271923990895
2026-07-24 08:16:20.889982,2958.63319739723,2966.651327224368,2955.9356507627,2965.806664376402,513.6144538497242
2026-07-24 08:21:20.889982,2965.806664376402,2968.033772810363,2963.1406315553927,2963.3300569891803,705.7537982846961
2026-07-24 08:26:20.889982,2963.3300569891803,2967.80046767989,2961.7674956189553,2965.6809327382334,600.3370090337577
2026-07-24 08:31:20.889982,2965.6809327382334,2968.370901147374,2964.7528358878794,2965.699197955483,549.6650285031765
2026-07-24 08:36:20.889982,2965.699197955483,2970.5315228379195,2964.2141084388118,2968.826935228294,515.6235470472033
2026-07-24 08:41:20.889982,2968.826935228294,2971.0338455316246,2967.472837232904,2969.5800552286714,580.047171105355
2026-07-24 08:46:20.889982,2969.5800552286714,2970.1906884179793,2960.0275247887657,2962.2661387028465,540.330581025851
2026-07-24 08:51:20.889982,2962.2661387028465,2969.811048250836,2959.4267583980104,2968.471270204441,294.00554504461286
2026-07-24 08:56:20.889982,2968.471270204441,2969.2454725275898,2963.812974081646,2965.837881624658,509.21584432663025
2026-07-24 09:01:20.889982,2965.837881624658,2968.627895975343,2954.9529867121078,2956.91477643098,285.26226821644946
2026-07-24 09:06:20.889982,2956.91477643098,2959.491056165818,2952.234572071867,2954.6795131111508,516.2165085801647
2026-07-24 09:11:20.889982,2954.6795131111508,2964.9250730146687,2952.906339200484,2963.857735337984,403.8704117023517
2026-07-24 09:16:20.889982,2963.857735337984,2969.662771368548,2962.2705128080834,2969.1988003858332,1007.8763245565723
2026-07-24 09:21:20.889982,2969.1988003858332,2969.882969028127,2965.2188310019083,2967.4258148260346,492.0211232496576
2026-07-24 09:26:20.889982,2967.4258148260346,2968.9927890188933,2964.4307395927513,2965.6502961425217,219.15208674768223
2026-07-24 09:31:20.889982,2965.6502961425217,2966.447454330372,2961.0794027344627,2964.039584567688,473.1639578646151
2026-07-24 09:36:20.889982,2964.039584567688,2976.887424924391,2963.9104689861406,2976.6739660837784,603.8717491275776
2026-07-24 09:41:20.889982,2976.6739660837784,2979.8938024991953,2973.783399977,2979.246539140671,834.6727892305047
2026-07-24 09:46:20.889982,2979.246539140671,2985.0284316955263,2977.2953479534635,2982.108237487317,382.1095200122563
2026-07-24 09:51:20.889982,2982.108237487317,2991.1884972298653,2981.4701804472697,2988.5582471911775,183.514405195272
2026-07-24 09:56:20.889982,2988.5582471911775,2993.191554988961,2988.131526349719,2990.284872219584,663.3674022861962
2026-07-24 10:01:20.889982,2990.284872219584,2990.5872653400043,2988.6995381814463,2989.034942393196,223.88025882006974
2026-07-24 10:06:20.889982,2989.034942393196,2990.748041782319,2985.8265041887653,2988.160180795211,412.76891169850296
2026-07-24 10:11:20.889982,2988.160180795211,2989.2558410557403,2985.109103925453,2988.0310875373357,448.4759028978012
2026-07-24 10:16:20.889982,2988.0310875373357,2989.4055432729424,2987.5815425905503,2988.1074492221387,486.0733093399784
2026-07-24 10:21:20.889982,2988.1074492221387,2994.1528720984247,2986.0784132098415,2992.758346223728,637.8328914148672
2026-07-24 10:26:20.889982,2992.758346223728,2995.859765761934,2991.3853635949777,2993.368607236439,363.27314354272244
2026-07-24 10:31:20.889982,2993.368607236439,2999.837404192818,2992.568345967752,2998.05773665545,445.25414956664787
2026-07-24 10:36:20.889982,2998.05773665545,2999.994231694673,2994.917742927651,2997.873562151443,497.1459294101223
2026-07-24 10:41:20.889982,2997.873562151443,2998.7920196905898,2995.2158552916994,2998.644925444074,529.9195915037576
2026-07-24 10:46:20.889982,2998.644925444074,3000.331011017664,2986.2307197494465,2986.9837343450095,519.5654349415845
2026-07-24 10:51:20.889982,2986.9837343450095,2995.6198842184544,2985.539962903847,2992.7621264593927,587.201155044516
2026-07-24 10:56:20.889982,2992.7621264593927,2996.129716539241,2992.2189472314617,2995.136259039684,668.7679019283474
2026-07-24 11:01:20.889982,2995.136259039684,3002.15441299206,2992.641762676907,3001.4207090658183,578.5268231301936
2026-07-24 11:06:20.889982,3001.4207090658183,3003.26481199164,2981.6581520129034,2984.3836272873964,590.7171047018437
2026-07-24 11:11:20.889982,2984.3836272873964,2997.8696701265403,2984.0221033109688,2997.174420215436,183.55536665070446
2026-07-24 11:16:20.889982,2997.174420215436,2997.192665607558,2995.115558446696,2996.6374368413667,510.0455398331361
2026-07-24 11:21:20.889982,2996.6374368413667,3006.585291839382,2994.5548778995203,3003.586790330591,595.9015096003217
2026-07-24 11:26:20.889982,3003.586790330591,3004.5130802532267,2995.0176244835475,2997.6461362269733,645.78823891409
2026-07-24 11:31:20.889982,2997.6461362269733,3003.968729191402,2997.599927013945,3001.622294209932,361.5298451532411
2026-07-24 11:36:20.889982,3001.622294209932,3004.0742008395828,2994.704326110602,2995.604585442634,368.192145022271
2026-07-24 11:41:20.889982,2995.604585442634,2996.0529479594597,2991.4917670804807,2992.168987199989,385.17986494328034
2026-07-24 11:46:20.889982,2992.168987199989,3005.3531171770887,2990.89771056496,3003.945528968771,607.2827799782686
2026-07-24 11:51:20.889982,3003.945528968771,3004.8133306801024,3002.5832544057,3003.1004433254684,706.7762109848418
2026-07-24 11:56:20.889982,3003.1004433254684,3006.9974088148374,3000.1270441949932,3004.707128527616,418.5079785416797
2026-07-24 12:01:20.889982,3004.707128527616,3012.5826272327995,3003.8179246112586,3010.241286904813,681.5924627254097
2026-07-24 12:06:20.889982,3010.241286904813,3014.266087311146,3009.586060097929,3013.528348565947,524.6959618329188
2026-07-24 12:11:20.889982,3013.528348565947,3015.1486264301016,3011.866898325019,3014.7365267960063,475.1428445675127
2026-07-24 12:16:20.889982,3014.7365267960063,3019.0661994495913,3012.6096221551534,3017.2395614967886,457.7231540364062
2026-07-24 12:21:20.889982,3017.2395614967886,3034.1434911935753,3016.3575218648407,3032.081029135803,649.3222729204315
2026-07-24 12:26:20.889982,3032.081029135803,3033.082558868982,3029.968452060742,3032.034827867901,565.115563357414
2026-07-24 12:31:20.889982,3032.034827867901,3034.6179620343823,3031.390146951763,3033.5578923857074,955.1650855295275
2026-07-24 12:36:20.889982,3033.5578923857074,3041.381118276705,3032.7325093420936,3040.243045388791,329.5550714005352
2026-07-24 12:41:20.889982,3040.243045388791,3047.546443272362,3037.7192213644375,3047.2773299190494,603.6203404059952
2026-07-24 12:46:20.889982,3047.2773299190494,3057.431919276247,3046.6076898111082,3054.825812583641,394.15979803769744
2026-07-24 12:51:20.889982,3054.825812583641,3059.2347542740854,3052.5688234569757,3059.0366137441847,326.14260260227127
2026-07-24 12:56:20.889982,3059.0366137441847,3059.683687555556,3051.1559278382488,3052.3568333429107,497.82657259300555
2026-07-24 13:01:20.889982,3052.3568333429107,3062.84744455596,3051.6661778296957,3062.6510206602347,527.4704958814073
2026-07-24 13:06:20.889982,3062.6510206602347,3065.079403632245,3053.484741421447,3055.942931057165,1083.6347110120184
2026-07-24 13:11:20.889982,3055.942931057165,3058.732244861587,3054.916397516767,3058.0989589741785,463.17083686335957
2026-07-24 13:16:20.889982,3058.0989589741785,3058.509473343863,3053.56799275383,3053.7945007242984,273.9642541030633
2026-07-24 13:21:20.889982,3053.7945007242984,3056.824389249655,3051.7061581425114,3053.7081507350003,554.6021434988771
2026-07-24 13:26:20.889982,3053.7081507350003,3057.6789458649164,3051.370541724937,3056.0222868511823,85.07199249072636
2026-07-24 13:31:20.889982,3056.0222868511823,3060.86208379986,3053.5569485409055,3058.2928818022224,481.60864347914685
2026-07-24 13:36:20.889982,3058.2928818022224,3061.2314184621273,3057.721568536922,3061.180788217713,503.2050564590321
2026-07-24 13:41:20.889982,3061.180788217713,3073.395060678579,3060.0305209212224,3071.3835952771938,658.9200765890423
2026-07-24 13:46:20.889982,3071.3835952771938,3077.4988688047374,3069.339881912866,3074.478247265734,694.7244498855694
2026-07-24 13:51:20.889982,3074.478247265734,3077.419136078068,3072.6655159547254,3073.2846183281836,399.2860762184565
2026-07-24 13:56:20.889982,3073.2846183281836,3082.1846770500324,3072.2970112296575,3079.5241005601038,469.8771970740134
2026-07-24 14:01:20.889982,3079.5241005601038,3090.222481278763,3079.0384944940693,3087.1675289349946,346.7758338778658
2026-07-24 14:06:20.889982,3087.1675289349946,3088.7615564576085,3077.4632533669546,3079.905139321402,274.38748903846124
2026-07-24 14:11:20.889982,3079.905139321402,3085.2298080178707,3078.463484818796,3083.8955837825793,561.9789558761269
2026-07-24 14:16:20.889982,3083.8955837825793,3091.57853395051,3082.5839778561185,3088.5321423722758,245.28289028068016
2026-07-24 14:21:20.889982,3088.5321423722758,3090.3978384712864,3086.834941100211,3087.00330521298,417.0746198856274
2026-07-24 14:26:20.889982,3087.00330521298,3098.425519257753,3085.002408303447,3095.81818997166,300.96520802015255
2026-07-24 14:31:20.889982,3095.81818997166,3097.068962755217,3095.148696200296,3095.1987441400565,609.936637258052
2026-07-24 14:36:20.889982,3095.1987441400565,3098.117798812047,3095.1595656452287,3096.285823030914,860.2860198532976
2026-07-24 14:41:20.889982,3096.285823030914,3096.289549763597,3093.6166379771043,3095.5237857305924,239.68240343933377
2026-07-24 14:46:20.889982,3095.5237857305924,3096.5149989346883,3094.9297932562545,3095.929815360315,129.39630342048616
2026-07-24 14:51:20.889982,3095.929815360315,3097.952298278504,3089.292305120569,3089.4582003381834,475.02262292998654
2026-07-24 14:56:20.889982,3089.4582003381834,3090.426453720113,3080.420738317959,3080.8811202440306,503.13955919155165
2026-07-24 15:01:20.889982,3080.8811202440306,3092.8241946402445,3078.8423004727956,3091.0308515818447,543.7318613514595
2026-07-24 15:06:20.889982,3091.0308515818447,3093.259904753501,3085.320240708638,3086.107911786505,410.73589695313103
2026-07-24 15:11:20.889982,3086.107911786505,3086.3833461511554,3080.0605320412938,3080.3029015380753,459.8721402349136
2026-07-24 15:16:20.889982,3080.3029015380753,3081.615577389263,3064.4707054573437,3067.3719620781912,573.5020821081205
2026-07-24 15:21:20.889982,3067.3719620781912,3068.039818013171,3062.9743648398367,3063.760959734767,708.0861785289678
2026-07-24 15:26:20.889982,3063.760959734767,3064.0700589079333,3054.1193923364817,3055.969996924531,108.99024593634346
2026-07-24 15:31:20.889982,3055.969996924531,3068.4137236894367,3054.0052184423057,3066.3290097730946,426.2121121937075
2026-07-24 15:36:20.889982,3066.3290097730946,3075.4815101851627,3064.837468124051,3072.835398691451,542.7617587882127
2026-07-24 15:41:20.889982,3072.835398691451,3073.248563045923,3068.0278783766735,3068.9160384238944,316.4047790778528
2026-07-24 15:46:20.889982,3068.9160384238944,3085.1229157011726,3067.034418565169,3083.0805907074146,846.23392635346
2026-07-24 15:51:20.889982,3083.0805907074146,3091.089698834341,3080.9749563640116,3089.4491916443963,372.9180239542526
2026-07-24 15:56:20.889982,3089.4491916443963,3091.418378291844,3085.0301908218585,3087.751503074,491.7414625985434
2026-07-24 16:01:20.889982,3087.751503074,3089.5609760243847,3070.269801818602,3072.6621807673755,611.2044193684582
2026-07-24 16:06:20.889982,3072.6621807673755,3087.849540582782,3070.5783547880537,3087.081761257704,381.7430422396211
2026-07-24 16:11:20.889982,3087.081761257704,3089.866908265677,3077.634489952406,3078.8220911648204,130.6853904391166
2026-07-24 16:16:20.889982,3078.8220911648204,3081.2208143481175,3066.789461326344,3069.0138497298485,414.26909461669334
2026-07-24 16:21:20.889982,3069.0138497298485,3075.787462067038,3067.229192673879,3075.6043830350336,705.8881111854081
2026-07-24 16:26:20.889982,3075.6043830350336,3091.3599735104362,3072.6292919491275,3090.9575637568037,432.62097464297227
2026-07-24 16:31:20.889982,3090.9575637568037,3102.3520766886445,3090.618412143415,3099.8368458148025,330.71313970820427
2026-07-24 16:36:20.889982,3099.8368458148025,3104.0230945578437,3097.9940738554706,3103.6452195523734,685.1344419005443
2026-07-24 16:41:20.889982,3103.6452195523734,3108.721773378493,3103.536884149727,3107.649978543774,433.8450207953895
2026-07-24 16:46:20.889982,3107.649978543774,3114.956329246981,3106.444691728057,3113.270052961204,397.96783726995653
2026-07-24 16:51:20.889982,3113.270052961204,3118.6261438328593,3110.773458219134,3118.310955899313,529.8912179326619
2026-07-24 16:56:20.889982,3118.310955899313,3123.23254045739,3115.9516607457094,3120.3771558231892,654.1500419237575
2026-07-24 17:01:20.889982,3120.3771558231892,3123.9066947886477,3119.7016236026407,3121.339635435328,976.3427063465092
2026-07-24 17:06:20.889982,3121.339635435328,3122.162336133859,3120.6101526833736,3121.261021566833,665.4472215314846
2026-07-24 17:11:20.889982,3121.261021566833,3123.6489842341807,3113.9150653085508,3116.869599234477,731.9679932776688
2026-07-24 17:16:20.889982,3116.869599234477,3119.103887331746,3112.6858128848476,3115.431962618139,398.8067602024289
2026-07-24 17:21:20.889982,3115.431962618139,3117.4217861928337,3104.007956814512,3105.2117228822185,294.82637880610474
2026-07-24 17:26:20.889982,3105.2117228822185,3106.5338028400533,3104.6776614591327,3104.9115278421627,512.4662699238246
2026-07-24 17:31:20.889982,3104.9115278421627,3105.0091996503156,3096.9331698334186,3099.088510287546,521.4339830519192
2026-07-24 17:36:20.889982,3099.088510287546,3100.447240229356,3090.857291630508,3092.565052651521,284.29745172708056
2026-07-24 17:41:20.889982,3092.565052651521,3095.712701649793,3091.707249904756,3093.9873048292543,955.625631023014
2026-07-24 17:46:20.889982,3093.9873048292543,3104.3999157752537,3092.5307786797957,3102.923257835171,1191.8336530453362
2026-07-24 17:51:20.889982,3102.923257835171,3110.145900926994,3100.3767651008834,3108.938304660346,1175.8329294830407
2026-07-24 17:56:20.889982,3108.938304660346,3110.3409457130942,3097.6273849823083,3099.498380208236,1234.984178682463
2026-07-24 18:01:20.889982,3099.498380208236,3102.2740433708004,3090.9992492543374,3093.6790981074537,1147.292620811205
2026-07-24 18:06:20.889982,3093.6790981074537,3102.575576521314,3092.8437892935053,3099.8154320330145,819.2666262921542
2026-07-24 18:11:20.889982,3099.8154320330145,3099.923871290123,3093.2319907858755,3094.0397418400266,816.433518717855
2026-07-24 18:16:20.889982,3094.0397418400266,3094.90207344372,3090.1466722541036,3092.959286721624,534.8270597188279
2026-07-24 18:21:20.889982,3092.959286721624,3098.6838810480867,3092.70657970101,3096.673388354725,1761.3589778510081
2026-07-24 18:26:20.889982,3096.673388354725,3097.0926116503456,3090.509789188181,3090.9909826884514,1033.2137217516683
2026-07-24 18:31:20.889982,3090.9909826884514,3093.9008940944623,3088.7178245670666,3091.951660523381,935.253416914081
2026-07-24 18:36:20.889982,3091.951660523381,3094.609637940113,3081.1206144125276,3084.021557813281,645.8824904680739
2026-07-24 18:41:20.889982,3084.021557813281,3084.6436190165705,3079.66828073871,3080.6225728475983,1087.1315804655555
2026-07-24 18:46:20.889982,3080.6225728475983,3083.642624508,3079.517363864592,3082.9017326825488,285.3343935554209
2026-07-24 18:51:20.889982,3082.9017326825488,3085.7215553270494,3071.635048753018,3073.402601212239,414.2304148787853
2026-07-24 18:56:20.889982,3073.402601212239,3078.6899206050693,3071.896267477023,3076.418933075897,583.1673672572122
2026-07-24 19:01:20.889982,3076.418933075897,3076.6945368707243,3076.2214408673553,3076.605752448551,620.0425931488555
2026-07-24 19:06:20.889982,3076.605752448551,3081.9722075533114,3074.3943219692264,3080.3152350448154,691.5864110431369
2026-07-24 19:11:20.889982,3080.3152350448154,3082.6668304862283,3078.091525985722,3082.0031811153935,861.5217015538526
2026-07-24 19:16:20.889982,3082.0031811153935,3093.237840972531,3080.733711776788,3090.7322900899553,601.2315310921424
2026-07-24 19:21:20.889982,3090.7322900899553,3094.1234146083384,3089.4835416763117,3091.815623962205,288.79384000666647
2026-07-24 19:26:20.889982,3091.815623962205,3093.9129590368784,3087.1100636250812,3089.4704099022065,448.61097497564367
2026-07-24 19:31:20.889982,3089.4704099022065,3093.600793567656,3088.403317135082,3090.535209428606,561.5664745027769
2026-07-24 19:36:20.889982,3090.535209428606,3095.4764472140905,3090.0233548036113,3094.2046029388407,913.6452083011648
2026-07-24 19:41:20.889982,3094.2046029388407,3095.44801865153,3092.059096930146,3094.816449993388,220.43890431514058
2026-07-24 19:46:20.889982,3094.816449993388,3098.215832144947,3093.5952200977376,3095.3772301062136,740.5153010450455
2026-07-24 19:51:20.889982,3095.3772301062136,3095.933916511909,3090.462199665062,3091.343540160783,535.9828739092834
2026-07-24 19:56:20.889982,3091.343540160783,3092.7502613088805,3086.6590878288735,3087.5564871387946,667.5661070458962
2026-07-24 20:01:20.889982,3087.5564871387946,3088.2776757521474,3076.9490295310006,3079.215284217729,479.6010566728136
2026-07-24 20:06:20.889982,3079.215284217729,3090.342063824157,3077.5548773362375,3090.3178205242466,331.5134739747347
2026-07-24 20:11:20.889982,3090.3178205242466,3092.770812233351,3082.127021265331,3082.947789172049,650.1745558802664
2026-07-24 20:16:20.889982,3082.947789172049,3084.8077054009163,3076.9267160673835,3078.9862502954043,630.8862054211243
2026-07-24 20:21:20.889982,3078.9862502954043,3081.003062329239,3073.5020357086296,3074.8729666960385,694.4113931479444
2026-07-24 20:26:20.889982,3074.8729666960385,3081.75720516939,3072.302606361675,3080.689505999131,497.33907292427295
2026-07-24 20:31:20.889982,3080.689505999131,3083.0260424997277,3078.1914451038238,3079.180647816811,380.03559533603016
2026-07-24 20:36:20.889982,3079.180647816811,3087.501031961396,3078.959539412508,3087.1829928563766,188.24260099523167
2026-07-24 20:41:20.889982,3087.1829928563766,3087.4740400519813,3081.53855085384,3083.335732782748,663.8746536278813
2026-07-24 20:46:20.889982,3083.335732782748,3085.524595984112,3082.2968741098366,3085.3651993046883,584.7778964887972
2026-07-24 20:51:20.889982,3085.3651993046883,3087.689095453101,3079.616092049805,3080.5228382991672,306.84347342720815
2026-07-24 20:56:20.889982,3080.5228382991672,3096.438717895549,3078.226410062771,3094.0769839422887,392.28526534067515
2026-07-24 21:01:20.889982,3094.0769839422887,3094.837592015398,3084.795444854925,3087.045351978399,406.6482376097119
2026-07-24 21:06:20.889982,3087.045351978399,3091.5777994659575,3085.818393684543,3089.267717237639,203.40311360351637
2026-07-24 21:11:20.889982,3089.267717237639,3094.1462818097552,3087.6573721619693,3093.495347022383,336.4635206789733
2026-07-24 21:16:20.889982,3093.495347022383,3099.219183362274,3091.516695636727,3096.3661990149362,273.23392863872914
2026-07-24 21:21:20.889982,3096.3661990149362,3096.9016303916383,3093.4150185532317,3095.5285120805647,417.5041976224127
2026-07-24 21:26:20.889982,3095.5285120805647,3096.850931231963,3093.203575057251,3095.034377020063,352.26050033408745
2026-07-24 21:31:20.889982,3095.034377020063,3097.8875106951214,3093.44059726477,3095.6151309612096,174.59901582665026
2026-07-24 21:36:20.889982,3095.6151309612096,3098.134912069259,3092.779545403878,3095.0146274851827,904.5180461138963
2026-07-24 21:41:20.889982,3095.0146274851827,3103.204461293107,3094.547921514462,3101.296936228152,750.5081462058462
2026-07-24 21:46:20.889982,3101.296936228152,3117.954059081308,3098.394415103801,3115.3497851981933,344.1961156960029
2026-07-24 21:51:20.889982,3115.3497851981933,3115.776479467232,3110.6698616638632,3112.1893605122505,554.484279330722
2026-07-24 21:56:20.889982,3112.1893605122505,3112.995071300568,3101.6432103079583,3103.9852395170788,583.493017964259
2026-07-24 22:01:20.889982,3103.9852395170788,3106.2251672556354,3103.310322934568,3103.74759478868,738.2171709546953
2026-07-24 22:06:20.889982,3103.74759478868,3122.850930852574,3103.1859000766367,3120.11450534193,336.2789946679843
2026-07-24 22:11:20.889982,3120.11450534193,3122.6020447923697,3113.991262823714,3115.4149462662494,718.4213567964853
2026-07-24 22:16:20.889982,3115.4149462662494,3126.983508249537,3114.921965302228,3125.9573430629644,390.418939158613
2026-07-24 22:21:20.889982,3125.9573430629644,3137.30323294357,3123.8883014231933,3136.77746432219,232.82751916627734
2026-07-24 22:26:20.889982,3136.77746432219,3138.504041958781,3133.237196982496,3133.619766272956,644.8273118628995
2026-07-24 22:31:20.889982,3133.619766272956,3137.8550734228093,3133.3931724265376,3137.5014837184726,758.1516848244856
2026-07-24 22:36:20.889982,3137.5014837184726,3150.3925417176965,3135.267952619833,3148.0511240837404,1017.581794706137
2026-07-24 22:41:20.889982,3148.0511240837404,3148.235067830182,3144.2169858304846,3145.979584049867,260.0549469819573
2026-07-24 22:46:20.889982,3145.979584049867,3146.2459735055163,3142.1711185190893,3145.0134110878685,639.7839370161578
2026-07-24 22:51:20.889982,3145.0134110878685,3147.8663075366217,3139.4772830754355,3141.670901341888,418.0397512412934
2026-07-24 22:56:20.889982,3141.670901341888,3144.5806821255196,3133.0704453702697,3135.614849542141,656.6717421048063
2026-07-24 23:01:20.889982,3135.614849542141,3138.2128274042366,3130.074649114522,3131.8588937131476,205.90208975374986
2026-07-24 23:06:20.889982,3131.8588937131476,3132.8174279350837,3123.83377223715,3124.5142886843937,247.44604486028717
2026-07-24 23:11:20.889982,3124.5142886843937,3126.062285946277,3122.5505457327076,3125.0397728637236,344.8250353667032
2026-07-24 23:16:20.889982,3125.0397728637236,3125.579331405245,3119.7360231333537,3120.5431211446435,515.7928091336169
2026-07-24 23:21:20.889982,3120.5431211446435,3123.776189550701,3119.8158782628107,3122.31475621199,371.7837466923289
2026-07-24 23:26:20.889982,3122.31475621199,3124.152687028095,3110.051364822756,3112.9251426928695,631.8108687826839
2026-07-24 23:31:20.889982,3112.9251426928695,3117.6278702253267,3110.8506065299257,3115.297349407232,705.3789236515829
2026-07-24 23:36:20.889982,3115.297349407232,3122.6256882212087,3113.777246578875,3120.8071268859694,619.9155082490712
2026-07-24 23:41:20.889982,3120.8071268859694,3121.389356708736,3105.917244593421,3108.698629760239,823.7575279321736
2026-07-24 23:46:20.889982,3108.698629760239,3112.109555347739,3108.4147779776267,3111.336276268718,583.1653258910686
2026-07-24 23:51:20.889982,3111.336276268718,3121.636478892538,3110.7898772860767,3119.296958824897,256.62065793196655
2026-07-24 23:56:20.889982,3119.296958824897,3120.4570128852647,3111.9827876942377,3112.0708123940026,772.6753027076679
2026-07-25 00:01:20.889982,3112.0708123940026,3123.2388739915314,3111.531790430114,3122.810836735197,378.9687528788005
2026-07-25 00:06:20.889982,3122.810836735197,3125.9115983553747,3120.7602212750376,3125.7415263596113,682.083699937114
2026-07-25 00:11:20.889982,3125.7415263596113,3128.3577963848397,3120.484051994075,3121.649411812778,814.7468433110213
2026-07-25 00:16:20.889982,3121.649411812778,3124.3795329569107,3120.9474084201156,3121.613393944815,591.3376021460798
2026-07-25 00:21:20.889982,3121.613393944815,3126.430607801087,3121.142851328406,3125.4136281368237,200.76823736707007
2026-07-25 00:26:20.889982,3125.4136281368237,3128.1413583308504,3124.1013619954774,3126.2013653268655,316.3575666980417
2026-07-25 00:31:20.889982,3126.2013653268655,3131.8041791931464,3123.820216197687,3129.8846730456316,764.5488933770271
2026-07-25 00:36:20.889982,3129.8846730456316,3131.592660551548,3122.4782068991863,3124.4391997830153,466.1754628714367
2026-07-25 00:41:20.889982,3124.4391997830153,3128.7336746609303,3123.5047915308173,3125.8102596328717,515.9147069884332
2026-07-25 00:46:20.889982,3125.8102596328717,3126.932937957144,3115.0591556438176,3117.2964497852727,651.7648832327219
2026-07-25 00:51:20.889982,3117.2964497852727,3119.2020703033236,3116.3582817439897,3116.9147535881507,639.2645724160647
2026-07-25 00:56:20.889982,3116.9147535881507,3118.087172688245,3110.140458822833,3111.5961817981715,555.7599624770921
2026-07-25 01:01:20.889982,3111.5961817981715,3112.9011536166786,3106.7789611748744,3107.3329203556436,458.26632575590685
2026-07-25 01:06:20.889982,3107.3329203556436,3118.2157579812597,3104.9641421716274,3115.3358477775596,437.4663108535285
2026-07-25 01:11:20.889982,3115.3358477775596,3123.958110595904,3113.217229277399,3122.4550986236864,671.5797650582685
2026-07-25 01:16:20.889982,3122.4550986236864,3129.379492109168,3122.029900978569,3126.574071371778,610.7139062135586
2026-07-25 01:21:20.889982,3126.574071371778,3127.356881260289,3118.3698618956437,3120.0631240445823,448.5399998764421
2026-07-25 01:26:20.889982,3120.0631240445823,3122.5560868399684,3118.288087182206,3118.401144489644,716.4224625986282
2026-07-25 01:31:20.889982,3118.401144489644,3129.365118708927,3116.98256321858,3126.2887937930795,474.19317697404324
2026-07-25 01:36:20.889982,3126.2887937930795,3128.6112395068553,3125.3736526633916,3127.4877485156753,329.66756513312134
2026-07-25 01:41:20.889982,3127.4877485156753,3142.8909045414307,3125.012110813452,3142.3430159588584,348.20586021933104
2026-07-25 01:46:20.889982,3142.3430159588584,3148.1352669912962,3141.043202252382,3145.1303648907065,304.2518327380468
2026-07-25 01:51:20.889982,3145.1303648907065,3149.6502232430544,3142.539413995877,3146.653285534697,445.5179966792626
2026-07-25 01:56:20.889982,3146.653285534697,3148.166986645481,3142.903180814137,3145.0230086559254,746.7448556672387
2026-07-25 02:01:20.889982,3145.0230086559254,3147.546238838364,3143.2658106816225,3146.1777013134338,338.98096379389824
2026-07-25 02:06:20.889982,3146.1777013134338,3146.3603254046043,3143.342871018709,3145.5329907505215,537.6951522036206
2026-07-25 02:11:20.889982,3145.5329907505215,3150.4723337316077,3142.96282309374,3150.30591994137,368.66213087451735
2026-07-25 02:16:20.889982,3150.30591994137,3159.259223091113,3149.5590539588984,3156.6551501176577,447.9381917457125
2026-07-25 02:21:20.889982,3156.6551501176577,3157.676841902316,3150.494942288,3152.0120383954204,197.99175760294958
2026-07-25 02:26:20.889982,3152.0120383954204,3153.8927270609356,3143.042030356428,3143.945454595123,455.8923541686925
2026-07-25 02:31:20.889982,3143.945454595123,3145.808199533875,3131.8011402043257,3132.7340279017003,461.2589240390076
2026-07-25 02:36:20.889982,3132.7340279017003,3136.4060880205666,3132.7261097603346,3136.2320562423197,608.057588807139
2026-07-25 02:41:20.889982,3136.2320562423197,3136.5492894326867,3127.1523539408954,3129.631806931192,544.6561826510741
2026-07-25 02:46:20.889982,3129.631806931192,3132.6407329466065,3115.166262153543,3116.4969009904303,260.32157500959096
2026-07-25 02:51:20.889982,3116.4969009904303,3120.8309380579803,3116.039249126597,3119.231757988568,716.8396488087085
2026-07-25 02:56:20.889982,3119.231757988568,3136.864137917813,3118.780545824279,3135.136579367647,542.060608044399
2026-07-25 03:01:20.889982,3135.136579367647,3137.3284476247727,3132.2106859809023,3135.4120388524125,539.6787034354974
2026-07-25 03:06:20.889982,3135.4120388524125,3141.603248288551,3133.0148165663463,3140.988561415115,498.16352932297224
2026-07-25 03:11:20.889982,3140.988561415115,3141.8906599208894,3139.8091288752807,3141.816819613577,396.448510555556
2026-07-25 03:16:20.889982,3141.816819613577,3142.1647711382257,3140.402324968717,3141.5096299628153,543.5604679497452
2026-07-25 03:21:20.889982,3141.5096299628153,3148.1504859725774,3140.3368887414313,3147.6042604249806,595.1176871857165
2026-07-25 03:26:20.889982,3147.6042604249806,3148.9184569883096,3145.1463581026155,3146.0920454429274,150.62086173088903
2026-07-25 03:31:20.889982,3146.0920454429274,3150.156875149631,3143.201252313523,3148.0897703075357,392.24783253078084
2026-07-25 03:36:20.889982,3148.0897703075357,3151.6929645728897,3147.484256784248,3150.430916521293,449.0106059192821
2026-07-25 03:41:20.889982,3150.430916521293,3151.2838098685197,3143.851673392267,3146.5388201358264,551.2341211388556
2026-07-25 03:46:20.889982,3146.5388201358264,3154.90575075256,3145.1071102590827,3153.103311648047,738.6622011854251
2026-07-25 03:51:20.889982,3153.103311648047,3153.5751316901815,3150.8977057511065,3152.315388065569,345.65183708064353
2026-07-25 03:56:20.889982,3152.315388065569,3153.1932826932057,3144.9001100901373,3147.869064122728,400.4076306364316
2026-07-25 04:01:20.889982,3147.869064122728,3154.349946352544,3147.604949906906,3151.5637430493957,397.49317787069
2026-07-25 04:06:20.889982,3151.5637430493957,3153.192009453872,3145.5121931050535,3146.2202762350475,339.6944819790917
2026-07-25 04:11:20.889982,3146.2202762350475,3148.0048622891445,3143.4615192837728,3146.712264983364,430.5627009775475
2026-07-25 04:16:20.889982,3146.712264983364,3148.6296291458766,3145.6605856205692,3146.9695570109056,654.1604439975943
2026-07-25 04:21:20.889982,3146.9695570109056,3154.7826477636627,3144.450959042634,3154.1269415051547,289.2329009271309
2026-07-25 04:26:20.889982,3154.1269415051547,3159.410485785445,3152.650603626036,3157.4386084920347,585.5628790305807
2026-07-25 04:31:20.889982,3157.4386084920347,3158.2830419137863,3156.3832460855224,3157.59631411965,159.6195539963329
2026-07-25 04:36:20.889982,3157.59631411965,3166.117246345984,3155.9540800496547,3163.081183663604,387.7324007115588
2026-07-25 04:41:20.889982,3163.081183663604,3173.4764051666216,3161.431883412705,3172.2053047810396,434.10213995640277
2026-07-25 04:46:20.889982,3172.2053047810396,3178.53796495565,3171.1264094084618,3176.0638477242696,834.971934582813
2026-07-25 04:51:20.889982,3176.0638477242696,3177.0148889747607,3174.2060532655846,3176.447238410437,445.0395390494624
2026-07-25 04:56:20.889982,3176.447238410437,3178.560224147919,3166.182827783563,3168.441032748916,59.75130530981636
2026-07-25 05:01:20.889982,3168.441032748916,3171.235558421875,3160.84124454159,3162.0149026426843,100.22221862775001
2026-07-25 05:06:20.889982,3162.0149026426843,3162.2531759475473,3157.372499803441,3160.4012658803026,506.8059172693362
2026-07-25 05:11:20.889982,3160.4012658803026,3161.7760781264487,3154.899136886426,3156.866677750371,622.7541711579818
2026-07-25 05:16:20.889982,3156.866677750371,3158.9701148221625,3154.277197552519,3156.001995907971,575.0911715254506
2026-07-25 05:21:20.889982,3156.001995907971,3157.3231738212367,3153.618762934608,3156.6752424587903,533.514021160198
2026-07-25 05:26:20.889982,3156.6752424587903,3162.877295610887,3154.929678116725,3160.3371683723412,732.4519195011334
2026-07-25 05:31:20.889982,3160.3371683723412,3161.881186367161,3159.8475366150265,3160.2076049278394,392.0817558525737
2026-07-25 05:36:20.889982,3160.2076049278394,3163.865927463618,3159.1345095205234,3163.6003379589247,678.9821112053651
2026-07-25 05:41:20.889982,3163.6003379589247,3165.308341649231,3160.5833500883605,3164.32472347413,173.59702299471655
2026-07-25 05:46:20.889982,3164.32472347413,3166.80436029192,3150.0823647841157,3152.162553435734,319.01043341238676
2026-07-25 05:51:20.889982,3152.162553435734,3153.794264357793,3146.0342451054853,3146.5608772297883,138.59172101363674
2026-07-25 05:56:20.889982,3146.5608772297883,3149.6396507145478,3144.788962146138,3145.968828492218,445.03093986604154
2026-07-25 06:01:20.889982,3145.968828492218,3146.305213104485,3137.1306799136787,3138.6805569066837,490.74775654673147
2026-07-25 06:06:20.889982,3138.6805569066837,3145.509815649932,3135.895633891087,3142.7630469958867,522.8202984453039
2026-07-25 06:11:20.889982,3142.7630469958867,3152.749192673387,3139.9776294805724,3152.7146202695108,512.376670577427
2026-07-25 06:16:20.889982,3152.7146202695108,3161.5829540632503,3152.591751527841,3160.724867145961,314.4893338376544
2026-07-25 06:21:20.889982,3160.724867145961,3163.4044989356216,3156.962287363219,3159.691840103051,461.95183111735685
2026-07-25 06:26:20.889982,3159.691840103051,3171.333016914327,3157.876806447442,3169.4432963152653,200.5106662788503
2026-07-25 06:31:20.889982,3169.4432963152653,3173.281039805001,3166.951132774599,3170.702877017239,772.6457950264501
2026-07-25 06:36:20.889982,3170.702877017239,3173.5251370027327,3167.1312790176594,3168.8828709363024,439.2747854203998
2026-07-25 06:41:20.889982,3168.8828709363024,3171.949231233575,3162.161050153671,3165.314167830864,402.22277619126174
2026-07-25 06:46:20.889982,3165.314167830864,3165.683068136077,3161.0285641097184,3163.7162795319946,817.7880656888166
2026-07-25 06:51:20.889982,3163.7162795319946,3165.2975753457063,3160.3518910809366,3161.5772119842377,251.55069329015416
2026-07-25 06:56:20.889982,3161.5772119842377,3164.9103751280804,3161.400272553742,3162.9712450407906,274.88257719360615
2026-07-25 07:01:20.889982,3162.9712450407906,3165.9062012189984,3160.216643210219,3164.303604475357,280.755935026287
2026-07-25 07:06:20.889982,3164.303604475357,3165.3148584188307,3162.9543773944265,3164.6393297094783,486.42572366010364
2026-07-25 07:11:20.889982,3164.6393297094783,3170.6988133171244,3163.283079733067,3167.722798290552,586.3263259275195
2026-07-25 07:16:20.889982,3167.722798290552,3176.7306344806066,3166.327300306809,3175.592604877544,647.9350936235667
2026-07-25 07:21:20.889982,3175.592604877544,3183.6001794045123,3173.5856578387734,3181.947308072421,1014.3990634989938
2026-07-25 07:26:20.889982,3181.947308072421,3184.495070374891,3171.39441599291,3172.82885891854,50.11350915984724
2026-07-25 07:31:20.889982,3172.82885891854,3175.4225860210095,3155.2946057703157,3156.979550984142,621.7471178248834
2026-07-25 07:36:20.889982,3156.979550984142,3164.2713099309494,3154.902413674216,3163.200628167931,388.5738854855538
2026-07-25 07:41:20.889982,3163.200628167931,3165.4709276549856,3153.11990871887,3154.8804865426187,382.7169702222453
2026-07-25 07:46:20.889982,3154.8804865426187,3155.0591000166073,3153.2421784605563,3153.7779513265464,376.04557434922447
2026-07-25 07:51:20.889982,3153.7779513265464,3154.677716988254,3145.8313398462865,3146.7206836862733,318.24606583840534
2026-07-25 07:56:20.889982,3146.7206836862733,3148.8397508472344,3135.656456139871,3135.7139922950205,836.9049669206904
2026-07-25 08:01:20.889982,3135.7139922950205,3141.797909630982,3134.8819541840185,3139.425502987969,668.4594654027806
2026-07-25 08:06:20.889982,3139.425502987969,3145.485047715584,3137.768169410844,3144.510180863867,504.63919571147494
2026-07-25 08:11:20.889982,3144.510180863867,3145.1891611143283,3138.422387121101,3141.2006890207235,770.2031504974001
2026-07-25 08:16:20.889982,3141.2006890207235,3141.4688494891648,3123.8885194779355,3125.277337604066,197.4942069402249
2026-07-25 08:21:20.889982,3125.277337604066,3127.932017772849,3120.2542996035495,3122.177073291438,233.85897373381476
2026-07-25 08:26:20.889982,3122.177073291438,3125.8505845056093,3120.863385417365,3124.937073163973,64.40645356106245
2026-07-25 08:31:20.889982,3124.937073163973,3127.1454486325015,3112.986605200562,3116.019304465162,360.11709197534253
2026-07-25 08:36:20.889982,3116.019304465162,3120.2582886150153,3114.95227722376,3117.4739519250115,532.3397053409506
2026-07-25 08:41:20.889982,3117.4739519250115,3120.8023225080824,3117.4630262277433,3117.6902507115456,520.5717155864668
2026-07-25 08:46:20.889982,3117.6902507115456,3121.70284245757,3115.121771169255,3121.6165929533795,529.868382211976
2026-07-25 08:51:20.889982,3121.6165929533795,3123.2983595430233,3121.426894596812,3122.675502297227,217.78863378678363
2026-07-25 08:56:20.889982,3122.675502297227,3123.41603877594,3115.587812519207,3116.915930877299,660.6309485228044
2026-07-25 09:01:20.889982,3116.915930877299,3126.979340981283,3114.969929528379,3124.6965430815676,547.9255036477996
2026-07-25 09:06:20.889982,3124.6965430815676,3125.439037278641,3122.4461465961363,3124.0183727224507,646.6108562931997
2026-07-25 09:11:20.889982,3124.0183727224507,3127.0538192362583,3121.472273453242,3124.1601780118594,121.44756448198962
2026-07-25 09:16:20.889982,3124.1601780118594,3125.1698746675706,3115.582773126117,3118.6461086780814,562.2981717595579
2026-07-25 09:21:20.889982,3118.6461086780814,3120.8560449324286,3115.999452517411,3116.1940568283926,262.4469520164946
2026-07-25 09:26:20.889982,3116.1940568283926,3116.3036244341765,3110.4716668381648,3110.9955832237147,420.53534948972765
2026-07-25 09:31:20.889982,3110.9955832237147,3113.259939614442,3109.65923751777,3110.230707967174,606.8729797272766
2026-07-25 09:36:20.889982,3110.230707967174,3122.8051331584757,3109.9406474775587,3121.208676216651,518.2187212511826
2026-07-25 09:41:20.889982,3121.208676216651,3124.082954082279,3111.8969778328315,3112.967716118533,329.69200404413624
2026-07-25 09:46:20.889982,3112.967716118533,3115.794701892579,3100.316104934299,3103.248288653048,501.25463123688365
2026-07-25 09:51:20.889982,3103.248288653048,3112.722879902934,3101.80796192767,3112.703803239132,193.6929369512714
2026-07-25 09:56:20.889982,3112.703803239132,3112.7805502375036,3108.8845161347563,3111.712106416674,730.0534791796592
2026-07-25 10:01:20.889982,3111.712106416674,3113.3252414496824,3107.6288226656366,3107.8617382952166,458.94319610074973
2026-07-25 10:06:20.889982,3107.8617382952166,3114.9871461394487,3106.6698452717046,3114.643673425396,723.7099888510652
2026-07-25 10:11:20.889982,3114.643673425396,3117.5721679057656,3109.02873867959,3111.1845068966354,394.6936625807914
2026-07-25 10:16:20.889982,3111.1845068966354,3125.589127413247,3110.0443926560934,3122.8796581050365,395.28480231868343
2026-07-25 10:21:20.889982,3122.8796581050365,3127.564566777788,3119.836981375278,3127.4294189825123,347.1626426724307
2026-07-25 10:26:20.889982,3127.4294189825123,3127.483126298722,3121.7304249555996,3124.691544062699,675.2347863386151
2026-07-25 10:31:20.889982,3124.691544062699,3139.673451963574,3124.660014659451,3138.5163518402687,358.1137685343048
2026-07-25 10:36:20.889982,3138.5163518402687,3140.679283081025,3131.956025526892,3135.030048844133,628.9190864830352
2026-07-25 10:41:20.889982,3135.030048844133,3143.032535662145,3134.525506478042,3140.0004704381677,423.50952046614196
2026-07-25 10:46:20.889982,3140.0004704381677,3142.764310456395,3138.224677980211,3142.1947945436514,104.80734002167605
2026-07-25 10:51:20.889982,3142.1947945436514,3152.7091137035827,3139.871399424338,3150.7011566498163,385.9371864427068
2026-07-25 10:56:20.889982,3150.7011566498163,3161.4445962431296,3147.6796119123123,3160.872319170337,264.17835712743033
2026-07-25 11:01:20.889982,3160.872319170337,3163.410075363944,3158.1949120114405,3161.3907709740524,506.7805447364675
2026-07-25 11:06:20.889982,3161.3907709740524,3163.0981297420713,3155.6384906940784,3156.9463404720195,261.9184528651019
2026-07-25 11:11:20.889982,3156.9463404720195,3163.255954521806,3155.1086145406994,3160.1678924753087,685.1950201429233
2026-07-25 11:16:20.889982,3160.1678924753087,3162.907358538506,3153.1942255688637,3156.2030098995892,481.78482792939457
2026-07-25 11:21:20.889982,3156.2030098995892,3171.395231415258,3154.4704479901984,3169.2548604810627,464.4808010482522
2026-07-25 11:26:20.889982,3169.2548604810627,3170.4485680021958,3169.128028040136,3170.4374370690325,631.1784275575166
2026-07-25 11:31:20.889982,3170.4374370690325,3171.074223283682,3167.849296587759,3168.4386528930154,692.7813868151725
2026-07-25 11:36:20.889982,3168.4386528930154,3170.733708819389,3167.472486200328,3169.926142254516,495.9802496460697
2026-07-25 11:41:20.889982,3169.926142254516,3171.067523275446,3160.38359142936,3161.713210999774,345.75994009014187
2026-07-25 11:46:20.889982,3161.713210999774,3162.0257980081938,3155.7571304512658,3155.890820083436,145.20607677757414
2026-07-25 11:51:20.889982,3155.890820083436,3165.9252573081235,3154.1950500424027,3163.7930365531224,362.790048592964
2026-07-25 11:56:20.889982,3163.7930365531224,3165.1982168873315,3157.9503886186185,3159.955190403713,376.5575506704077
2026-07-25 12:01:20.889982,3159.955190403713,3162.570620242496,3152.312280608029,3153.6610790893114,521.4114905984593
2026-07-25 12:06:20.889982,3153.6610790893114,3159.387705752404,3150.6538354809018,3157.363458580864,430.97062377239456
2026-07-25 12:11:20.889982,3157.363458580864,3167.833802689233,3156.018419188458,3165.1762431817388,637.5865944102857
2026-07-25 12:16:20.889982,3165.1762431817388,3172.091516822967,3164.615782506332,3170.047733672392,377.4033457458621
2026-07-25 12:21:20.889982,3170.047733672392,3178.4673215166144,3166.93687614708,3176.6867181366374,488.59176662941167
2026-07-25 12:26:20.889982,3176.6867181366374,3178.333242878911,3169.2567037712247,3172.199357387804,736.7974886393779
2026-07-25 12:31:20.889982,3172.199357387804,3173.4915049608658,3160.348118370541,3163.5079719440746,568.3650427909934
2026-07-25 12:36:20.889982,3163.5079719440746,3175.1765885329673,3163.374253643843,3173.338527279408,487.9924916622871
2026-07-25 12:41:20.889982,3173.338527279408,3175.200498881815,3170.7375511551154,3171.6083882199086,379.6111116129646
2026-07-25 12:46:20.889982,3171.6083882199086,3171.711406253338,3167.7323369439214,3170.3347166730905,373.3537206570046
2026-07-25 12:51:20.889982,3170.3347166730905,3179.96201287897,3167.809391138681,3179.0854448033433,329.8773494096105
2026-07-25 12:56:20.889982,3179.0854448033433,3183.8596764036342,3178.467664720202,3182.942296468258,391.79862684342015
2026-07-25 13:01:20.889982,3182.942296468258,3189.267468169393,3181.791200258226,3186.1643493646034,651.1331677488629
2026-07-25 13:06:20.889982,3186.1643493646034,3202.2349732706916,3184.2208480784257,3200.310382737279,455.62234574154627
2026-07-25 13:11:20.889982,3200.310382737279,3202.104071841528,3193.5899139203602,3196.513751442912,230.04538612375376
2026-07-25 13:16:20.889982,3196.513751442912,3204.9313075492873,3195.2232133433795,3202.771227091545,853.6338586119566
2026-07-25 13:21:20.889982,3202.771227091545,3206.219375854154,3202.1913240479626,3203.456777566509,563.9930382290327
2026-07-25 13:26:20.889982,3203.456777566509,3207.243171379182,3200.4117305350874,3205.4986212030535,218.61131989736612
2026-07-25 13:31:20.889982,3205.4986212030535,3217.645218142402,3202.87982996149,3215.6341681550753,411.63021455183525
2026-07-25 13:36:20.889982,3215.6341681550753,3221.3277198399496,3212.935058526529,3219.2237616226116,522.1772765656835
2026-07-25 13:41:20.889982,3219.2237616226116,3226.057801607072,3218.3451655122753,3223.0137042268548,840.9184186594755
2026-07-25 13:46:20.889982,3223.0137042268548,3230.8055944997777,3221.4537954058137,3230.2575455118686,278.3775083482261
2026-07-25 13:51:20.889982,3230.2575455118686,3232.5247419120287,3227.4900052409175,3228.223429367388,695.2081438711893
2026-07-25 13:56:20.889982,3228.223429367388,3228.236669765761,3222.0266332535057,3223.1319583850113,779.8972853944686
2026-07-25 14:01:20.889982,3223.1319583850113,3226.2547198723373,3214.490011485904,3216.72553105969,374.269138985086
2026-07-25 14:06:20.889982,3216.72553105969,3218.01648486148,3203.803246156347,3204.4203409198603,444.4972762279533
2026-07-25 14:11:20.889982,3204.4203409198603,3219.093034886565,3203.8761039850992,3217.9471571332215,292.73815052524594
2026-07-25 14:16:20.889982,3217.9471571332215,3218.289243648702,3208.2642440898812,3211.1759533926083,459.307771783939
2026-07-25 14:21:20.889982,3211.1759533926083,3214.379584169094,3209.549470817096,3210.0762906886016,492.68200513141375
2026-07-25 14:26:20.889982,3210.0762906886016,3210.251312262165,3207.562462954258,3208.6204449259753,631.9299996164741
2026-07-25 14:31:20.889982,3208.6204449259753,3212.3971780420543,3207.9632512850526,3210.9148297322654,718.0366942040894
2026-07-25 14:36:20.889982,3210.9148297322654,3217.4487895654865,3210.269850908174,3216.4792625874593,350.3807870756706
2026-07-25 14:41:20.889982,3216.4792625874593,3224.8365687599644,3214.187270410027,3222.3416366926554,106.53498715480112
2026-07-25 14:46:20.889982,3222.3416366926554,3224.3876673991726,3217.6615335465044,3218.907952185885,495.7510441447516
2026-07-25 14:51:20.889982,3218.907952185885,3221.8340713007437,3215.033927399801,3218.154032457941,558.7075059937281
2026-07-25 14:56:20.889982,3218.154032457941,3220.8545014175165,3217.436343426692,3220.295331549695,549.8835375370084
2026-07-25 15:01:20.889982,3220.295331549695,3221.988018695283,3218.7221605333907,3219.015897566572,434.6653504981912
2026-07-25 15:06:20.889982,3219.015897566572,3231.1132435694235,3217.143102236187,3229.7036445850713,524.9504199327869
2026-07-25 15:11:20.889982,3229.7036445850713,3234.887881408489,3228.6349079282795,3233.1999131836124,803.0889616704495
2026-07-25 15:16:20.889982,3233.1999131836124,3240.035823353332,3230.099918021542,3238.2792323648287,576.3468337925019
2026-07-25 15:21:20.889982,3238.2792323648287,3243.567636275785,3236.1587055762398,3242.8995425296557,425.3263149993831
2026-07-25 15:26:20.889982,3242.8995425296557,3250.985540498334,3242.6841608019463,3250.8444645953555,399.96043658080083
2026-07-25 15:31:20.889982,3250.8444645953555,3254.141578743175,3250.503323641867,3252.3468419608166,466.02952846445385
2026-07-25 15:36:20.889982,3252.3468419608166,3252.4195214675847,3243.69025532081,3244.2466857950008,827.347992366128
2026-07-25 15:41:20.889982,3244.2466857950008,3248.9999544886973,3241.964874234319,3247.1657955809656,463.33985809476053
2026-07-25 15:46:20.889982,3247.1657955809656,3247.823277048784,3241.0953911845827,3243.2627321126624,496.0411310958584
2026-07-25 15:51:20.889982,3243.2627321126624,3243.854550796809,3238.1719582329374,3240.1596582387547,403.5372858127394
2026-07-25 15:56:20.889982,3240.1596582387547,3245.6226407339964,3238.0412434440354,3244.286125660179,719.7966714883929
2026-07-25 16:01:20.889982,3244.286125660179,3255.8925859413416,3241.2435790914665,3252.656021614166,891.967450948935
2026-07-25 16:06:20.889982,3252.656021614166,3253.1336275776057,3249.7759938854924,3253.119698506845,590.1226098862777
2026-07-25 16:11:20.889982,3253.119698506845,3255.671647745788,3250.0193238838137,3255.455189941553,516.5545807570852
2026-07-25 16:16:20.889982,3255.455189941553,3267.804409676124,3254.211492670152,3266.883717953772,507.35656663484696
2026-07-25 16:21:20.889982,3266.883717953772,3269.083529562073,3266.516935907617,3268.7839840646666,50.0
2026-07-25 16:26:20.889982,3268.7839840646666,3288.5537822719175,3265.6971659768164,3286.165592431836,649.0301728569634
2026-07-25 16:31:20.889982,3286.165592431836,3292.2229095263574,3283.8131907414704,3290.2134166340697,526.8332831991687
2026-07-25 16:36:20.889982,3290.2134166340697,3292.720459710812,3278.1133430545924,3278.9751045179637,585.668410132145
2026-07-25 16:41:20.889982,3278.9751045179637,3284.396158669,3278.9689638372756,3284.2476133615974,357.70756118325903
2026-07-25 16:46:20.889982,3284.2476133615974,3288.233509132303,3283.454585046422,3287.080896572908,423.1086242045817
2026-07-25 16:51:20.889982,3287.080896572908,3296.105851715427,3286.4907725522576,3295.9004586968526,417.79501269936543
2026-07-25 16:56:20.889982,3295.9004586968526,3301.08190520857,3292.8851106225243,3300.670975308599,704.3245968146077
2026-07-25 17:01:20.889982,3300.670975308599,3301.133951228851,3298.312811999968,3300.0870987596413,424.24803267938137
2026-07-25 17:06:20.889982,3300.0870987596413,3302.044400070304,3290.5562650676316,3292.3456202033453,916.5320644219596
2026-07-25 17:11:20.889982,3292.3456202033453,3292.6717482206896,3290.2494070294238,3291.298667652703,586.1724838030075
2026-07-25 17:16:20.889982,3291.298667652703,3291.467413629629,3284.7331953940447,3286.033379939203,244.8634680008537
2026-07-25 17:21:20.889982,3286.033379939203,3286.653122322782,3280.7050074150725,3282.548593497267,474.29074134960865
2026-07-25 17:26:20.889982,3282.548593497267,3289.0206846100605,3280.80188419858,3286.74360105482,369.66497556871684
2026-07-25 17:31:20.889982,3286.74360105482,3299.5009809805156,3285.4705354123444,3298.0688384629043,61.12350603599515
2026-07-25 17:36:20.889982,3298.0688384629043,3303.781685022443,3297.3453474833586,3301.0032577539305,819.8941880227578
2026-07-25 17:41:20.889982,3301.0032577539305,3303.4269148846183,3290.952064712554,3293.446792445304,640.6285084440008
2026-07-25 17:46:20.889982,3293.446792445304,3298.08827878747,3292.467648740392,3296.7062994827575,606.6414635798625
2026-07-25 17:51:20.889982,3296.7062994827575,3306.4912200600693,3296.3990005460673,3304.936110511342,533.0807320599408
2026-07-25 17:56:20.889982,3304.936110511342,3305.087906333413,3300.8696587858767,3301.2380875185963,223.5964862615125
2026-07-25 18:01:20.889982,3301.2380875185963,3301.8558978243495,3299.0192847128505,3300.6834127808493,403.27657208891264
2026-07-25 18:06:20.889982,3300.6834127808493,3303.9135647494277,3299.9056320442687,3301.110470908564,668.3561549568026
2026-07-25 18:11:20.889982,3301.110470908564,3304.197544014236,3293.114447103275,3296.2620738274954,289.7559940434994
2026-07-25 18:16:20.889982,3296.2620738274954,3304.0339386479213,3293.5012475507306,3300.8687204319094,50.0
2026-07-25 18:21:20.889982,3300.8687204319094,3302.0696591287888,3300.160486605126,3300.400372612082,454.5787984438148
2026-07-25 18:26:20.889982,3300.400372612082,3305.380211707162,3298.55650016634,3303.5011183906095,471.6484891944923
2026-07-25 18:31:20.889982,3303.5011183906095,3306.309014287861,3294.687686184676,3297.9724372184123,527.1126832829418
2026-07-25 18:36:20.889982,3297.9724372184123,3299.648326009219,3294.2801820824047,3295.4177735818052,645.7037287029073
2026-07-25 18:41:20.889982,3295.4177735818052,3301.1259169247733,3295.401956153792,3300.512346030634,627.5211624462418
2026-07-25 18:46:20.889982,3300.512346030634,3302.1926820582266,3296.549691467952,3298.382004241224,551.7539610487843
2026-07-25 18:51:20.889982,3298.382004241224,3312.855719606218,3296.7177166505717,3310.125070062915,739.1062776173419
2026-07-25 18:56:20.889982,3310.125070062915,3313.158694919753,3305.733618604599,3307.8112001630393,196.20604383733706
2026-07-25 19:01:20.889982,3307.8112001630393,3312.4101109471203,3307.320646023639,3309.6289098391185,600.9163628954781
2026-07-25 19:06:20.889982,3309.6289098391185,3318.975740646772,3307.3944342201507,3316.139326867386,625.3076726673885
2026-07-25 19:11:20.889982,3316.139326867386,3316.7038433209864,3306.4487885728895,3307.076351148344,252.0875427839521
2026-07-25 19:16:20.889982,3307.076351148344,3310.1403594349094,3295.6739623597496,3295.7801371048317,199.42587826352212
2026-07-25 19:21:20.889982,3295.7801371048317,3297.304550583662,3285.037497988086,3286.06759898142,350.8115747048797
2026-07-25 19:26:20.889982,3286.06759898142,3296.896646304354,3283.3085200557766,3294.70541206335,367.6917114969416
2026-07-25 19:31:20.889982,3294.70541206335,3295.892751810832,3289.995016046913,3291.4001216290512,650.6838927004861
2026-07-25 19:36:20.889982,3291.4001216290512,3311.8630224858302,3288.819938733746,3308.614235326109,377.092243261781
2026-07-25 19:41:20.889982,3308.614235326109,3311.5827376857033,3303.762888170074,3305.213090805523,328.7302963437592
2026-07-25 19:46:20.889982,3305.213090805523,3307.537973356261,3303.851794288103,3306.7639386060405,377.67325266108816
2026-07-25 19:51:20.889982,3306.7639386060405,3319.6856830440443,3306.4020780895416,3317.3101840323184,723.7264668308424
2026-07-25 19:56:20.889982,3317.3101840323184,3331.880593340405,3317.1554782847757,3330.9796662492477,502.6086748753904
2026-07-25 20:01:20.889982,3330.9796662492477,3346.522397169743,3328.223461327775,3345.076161056941,464.14979492861767
2026-07-25 20:06:20.889982,3345.076161056941,3353.5881352816127,3342.8171524264176,3353.505425469093,477.9989002597897
2026-07-25 20:11:20.889982,3353.505425469093,3363.850771965144,3352.7108866000704,3360.7169173043485,758.4120668653045
2026-07-25 20:16:20.889982,3360.7169173043485,3367.3725036237056,3357.4398758492257,3365.0383957520257,350.16565467935163
2026-07-25 20:21:20.889982,3365.0383957520257,3373.8614217175527,3364.2478499971994,3370.6179500150974,763.1016581880208
2026-07-25 20:26:20.889982,3370.6179500150974,3370.9561276639984,3366.741728571738,3367.2410316176133,542.0992597843008
2026-07-25 20:31:20.889982,3367.2410316176133,3369.6049549261857,3359.631528907673,3362.071582198362,467.9161236049305
2026-07-25 20:36:20.889982,3362.071582198362,3364.6521566180854,3360.941662601543,3362.385113640195,1000.1800995868563
2026-07-25 20:41:20.889982,3362.385113640195,3362.9559690950773,3359.6247236686304,3361.5769967959714,288.87210204028077
2026-07-25 20:46:20.889982,3361.5769967959714,3363.2029258562316,3356.419068312231,3358.8671253688462,429.2628480865988
2026-07-25 20:51:20.889982,3358.8671253688462,3365.369586667877,3357.729679631019,3363.884902162769,253.51375216719995
2026-07-25 20:56:20.889982,3363.884902162769,3371.644383175458,3363.173540345898,3370.655168091959,690.4923941072338
2026-07-25 21:01:20.889982,3370.655168091959,3372.4843284003355,3370.3355273831767,3371.588341016717,837.8377867303358
2026-07-25 21:06:20.889982,3371.588341016717,3383.077533739306,3371.465042663721,3381.904496454419,833.9845562809278
2026-07-25 21:11:20.889982,3381.904496454419,3382.5349302823524,3372.0085767458695,3374.5285749501663,744.789750629201
2026-07-25 21:16:20.889982,3374.5285749501663,3375.626879352716,3371.3048112214656,3373.559148323338,460.47590644080685
2026-07-25 21:21:20.889982,3373.559148323338,3375.9775994922124,3367.1049679850066,3369.0630180298263,426.9518045020307
2026-07-25 21:26:20.889982,3369.0630180298263,3372.292931135729,3356.7732026438794,3356.845172956662,165.76604550118697
2026-07-25 21:31:20.889982,3356.845172956662,3359.3247155412805,3353.4074841628526,3356.6257721218694,907.1747070363585
2026-07-25 21:36:20.889982,3356.6257721218694,3359.520095631188,3355.5806755315775,3356.144147606605,593.7956156296935
2026-07-25 21:41:20.889982,3356.144147606605,3367.755188668088,3355.5653743734597,3366.654897483449,401.6086190261034
2026-07-25 21:46:20.889982,3366.654897483449,3373.2692918970074,3364.257206325989,3371.2421358043034,765.6113777973935
2026-07-25 21:51:20.889982,3371.2421358043034,3372.311068255738,3362.864824168378,3364.680091196933,305.44709664799984
2026-07-25 21:56:20.889982,3364.680091196933,3379.851441207277,3363.2624175043534,3377.517844652624,581.3244068445348
2026-07-25 22:01:20.889982,3377.517844652624,3389.0064393160224,3374.9119209781484,3386.114644821442,465.47417314183303
2026-07-25 22:06:20.889982,3386.114644821442,3390.6173043052813,3384.0114433499216,3390.3980623707084,627.7354279760602
2026-07-25 22:11:20.889982,3390.3980623707084,3391.195909662709,3387.3120290729103,3389.201570851299,487.2852921627757
2026-07-25 22:16:20.889982,3389.201570851299,3392.4446586642002,3380.0687237201955,3383.0426279542107,209.81442177775517
2026-07-25 22:21:20.889982,3383.0426279542107,3384.411124189656,3379.877683231447,3380.8632517224914,515.1152745340075
2026-07-25 22:26:20.889982,3380.8632517224914,3389.366234090133,3379.062891768336,3388.5719333636116,709.7728283750724
2026-07-25 22:31:20.889982,3388.5719333636116,3402.096940040352,3386.71067548737,3401.708300128627,494.15671882920293
2026-07-25 22:36:20.889982,3401.708300128627,3412.5696390491967,3400.6066581517252,3412.5650879176305,655.0230243178172
2026-07-25 22:41:20.889982,3412.5650879176305,3413.3156280786434,3406.259757932839,3409.5711975456043,290.8941028651894
2026-07-25 22:46:20.889982,3409.5711975456043,3412.050782012046,3401.0954995603383,3402.2851200538616,494.7478413460296
2026-07-25 22:51:20.889982,3402.2851200538616,3403.9002729781014,3400.5268170805107,3403.584266902327,375.09790898228454
2026-07-25 22:56:20.889982,3403.584266902327,3404.3107547530117,3390.087120377307,3391.906639315565,649.396168020942
2026-07-25 23:01:20.889982,3391.906639315565,3397.274670943964,3389.817928469651,3394.4390843193705,506.29831245239916
2026-07-25 23:06:20.889982,3394.4390843193705,3396.590440501863,3391.940401019703,3393.776536920488,638.0147352673225
2026-07-25 23:11:20.889982,3393.776536920488,3396.923469268005,3387.7938026028255,3390.95384159055,717.5420852315732
2026-07-25 23:16:20.889982,3390.95384159055,3392.6924622989027,3379.460355596199,3380.493973699889,638.3237150242777
2026-07-25 23:21:20.889982,3380.493973699889,3385.861998973724,3379.8633158019657,3384.306615629269,554.6236868587289
2026-07-25 23:26:20.889982,3384.306615629269,3386.460199905418,3379.35014423985,3381.040976919373,300.35754829771895
2026-07-25 23:31:20.889982,3381.040976919373,3381.390240067795,3372.809722120855,3373.4764822622333,499.44277786661974
2026-07-25 23:36:20.889982,3373.4764822622333,3375.0945093866135,3351.5110444526854,3354.488451471705,393.38191959683337
2026-07-25 23:41:20.889982,3354.488451471705,3356.539343420815,3352.2022501842316,3354.639306846353,1776.6514914112847
2026-07-25 23:46:20.889982,3354.639306846353,3368.029077461272,3352.722427726867,3366.88760643891,1751.54178750156
2026-07-25 23:51:20.889982,3366.88760643891,3379.942024753318,3364.668390105066,3378.4305830782655,1252.6542719193153
2026-07-25 23:56:20.889982,3378.4305830782655,3378.601449117463,3374.015785512149,3375.6810096841796,447.1933237280086
2026-07-26 00:01:20.889982,3375.6810096841796,3376.6801863678847,3370.855002832913,3371.954884143424,1509.5862399820305
2026-07-26 00:06:20.889982,3371.954884143424,3378.698800315782,3371.338845477394,3375.455266510747,2219.544793584159
2026-07-26 00:11:20.889982,3375.455266510747,3376.50586093774,3367.341011322816,3369.0588694275375,230.36459091450195
2026-07-26 00:16:20.889982,3369.0588694275375,3374.339753802873,3367.655083388086,3371.430118756583,503.13644729432485
2026-07-26 00:21:20.889982,3371.430118756583,3379.4493135512566,3368.5429133289385,3376.9373271178783,880.053684862193
2026-07-26 00:26:20.889982,3376.9373271178783,3386.622178900736,3375.6110343628543,3385.5725960221466,704.6113110504479
2026-07-26 00:31:20.889982,3385.5725960221466,3386.7797430020073,3382.4136015421072,3385.2330125201097,828.7083018241058
2026-07-26 00:36:20.889982,3385.2330125201097,3385.3831369811965,3383.148973081545,3384.1927294879797,578.2255753865452
2026-07-26 00:41:20.889982,3384.1927294879797,3386.4919789889454,3376.6828581313525,3378.593261728872,733.5019645972892
2026-07-26 00:46:20.889982,3378.593261728872,3380.0673060183462,3371.5263792409096,3373.3478124120224,355.2070539064425
2026-07-26 00:51:20.889982,3373.3478124120224,3374.014333942393,3370.704928912627,3372.157373143918,371.13194659560315
2026-07-26 00:56:20.889982,3372.157373143918,3376.6666268546187,3369.118421601722,3374.9733926320196,50.0
2026-07-26 01:01:20.889982,3374.9733926320196,3382.3658187840742,3372.044494527845,3381.4838089042596,737.2290948084598
2026-07-26 01:06:20.889982,3381.4838089042596,3383.6623007701787,3376.325239952769,3376.393918611085,808.0647959639772
2026-07-26 01:11:20.889982,3376.393918611085,3389.281655942356,3376.2738814679333,3386.8274546360553,389.364550930546
2026-07-26 01:16:20.889982,3386.8274546360553,3390.205412419084,3382.375807691236,3385.3299708237173,449.20965872055297
2026-07-26 01:21:20.889982,3385.3299708237173,3386.530503033383,3384.4585488713055,3385.523838687802,349.2275772618077
2026-07-26 01:26:20.889982,3385.523838687802,3386.8152165643255,3379.60214356062,3380.806275071928,576.5307102954984
2026-07-26 01:31:20.889982,3380.806275071928,3382.0650771047717,3363.7197034537494,3364.790637396235,724.9865090606481
2026-07-26 01:36:20.889982,3364.790637396235,3373.1761384249544,3364.237924558484,3371.082246624342,151.4456052237918
2026-07-26 01:41:20.889982,3371.082246624342,3379.247818036894,3368.3435710333106,3376.3914540308097,581.8877061284504
2026-07-26 01:46:20.889982,3376.3914540308097,3378.000247861801,3371.951892137192,3374.8297105590977,444.6656456561709
2026-07-26 01:51:20.889982,3374.8297105590977,3376.4537181499068,3374.7704301373083,3375.619450444431,522.6788783933379
2026-07-26 01:56:20.889982,3375.619450444431,3381.5349819770113,3374.0737225437397,3379.442404457989,591.7988003348582
2026-07-26 02:01:20.889982,3379.442404457989,3381.3591043760466,3366.2046430355967,3369.234728605265,462.3595122454358
2026-07-26 02:06:20.889982,3369.234728605265,3372.502635531886,3363.872618231757,3366.0081926980574,479.2826293188439
2026-07-26 02:11:20.889982,3366.0081926980574,3374.272761155251,3365.726092824322,3371.696597522627,457.22496648907224
2026-07-26 02:16:20.889982,3371.696597522627,3372.2384817133748,3361.119175648147,3363.585372605211,694.0632403576562
2026-07-26 02:21:20.889982,3363.585372605211,3367.3492715215184,3362.085330344989,3365.897339679432,583.7519920254992
2026-07-26 02:26:20.889982,3365.897339679432,3366.9360814540537,3355.0742173380477,3357.113181458864,544.1167075474722
2026-07-26 02:31:20.889982,3357.113181458864,3361.204662954692,3355.008552553908,3360.5824005618674,245.80965578154346
2026-07-26 02:36:20.889982,3360.5824005618674,3361.2629900647353,3360.3679079129242,3360.6789079113414,424.28405135736915
2026-07-26 02:41:20.889982,3360.6789079113414,3361.789134027819,3349.4011839509794,3350.175544672168,679.7338320678348
2026-07-26 02:46:20.889982,3350.175544672168,3361.3101423297085,3349.9914409549224,3358.3246198231277,507.5393146247846
2026-07-26 02:51:20.889982,3358.3246198231277,3358.917745935097,3351.8893475698574,3353.729604755811,631.9062939178277
2026-07-26 02:56:20.889982,3353.729604755811,3355.3429740356332,3348.4805757509203,3348.6341173840005,853.3023600655267
2026-07-26 03:01:20.889982,3348.6341173840005,3350.33696496839,3345.325439363256,3350.3126670669435,707.7212138417633
2026-07-26 03:06:20.889982,3350.3126670669435,3360.566521653494,3349.08844227796,3358.353921553888,518.6316675399485
2026-07-26 03:11:20.889982,3358.353921553888,3359.933799537653,3350.979597796761,3351.8730399593096,397.8021659608546
2026-07-26 03:16:20.889982,3351.8730399593096,3353.7780282972876,3349.6975253077385,3352.621796932887,50.0
2026-07-26 03:21:20.889982,3352.621796932887,3358.7964857505494,3352.0044786040353,3355.8339159744883,466.3230155054295
2026-07-26 03:26:20.889982,3355.8339159744883,3363.649410076206,3355.4259921144394,3360.825102034124,434.79750083663015
2026-07-26 03:31:20.889982,3360.825102034124,3363.070386237393,3360.7001623928713,3362.347507670242,578.0732388790751
2026-07-26 03:36:20.889982,3362.347507670242,3362.8209660838006,3357.133930922822,3360.2162678747827,469.2189546050625
2026-07-26 03:41:20.889982,3360.2162678747827,3361.760081425262,3354.734018091311,3354.994586637144,435.9229881126411
2026-07-26 03:46:20.889982,3354.994586637144,3359.128990199509,3352.045572202918,3355.9082350003832,144.12021389855585
2026-07-26 03:51:20.889982,3355.9082350003832,3358.4408802869757,3345.92858149593,3349.0548330613333,312.00643416998673
2026-07-26 03:56:20.889982,3349.0548330613333,3349.7920585620823,3327.092323518847,3329.877330667708,595.3302081601115
2026-07-26 04:01:20.889982,3329.877330667708,3335.4190996936236,3326.981139059434,3333.119276736277,843.1815262265388
2026-07-26 04:06:20.889982,3333.119276736277,3342.14577785763,3331.964367361908,3339.4845040327477,480.49492325087533
2026-07-26 04:11:20.889982,3339.4845040327477,3342.0705959470624,3323.199751443028,3324.0721751369697,565.5622147148247
2026-07-26 04:16:20.889982,3324.0721751369697,3325.1644392030594,3317.3398678837148,3317.697866451523,690.4956313905611
2026-07-26 04:21:20.889982,3317.697866451523,3325.2473985296397,3316.73240521364,3322.1409422195784,337.8212127599501
2026-07-26 04:26:20.889982,3322.1409422195784,3337.910175283436,3320.8408793815192,3336.1732885217266,573.3628086570884
2026-07-26 04:31:20.889982,3336.1732885217266,3339.8486221352027,3335.0555064273003,3336.6456821165157,351.9019787335683
2026-07-26 04:36:20.889982,3336.6456821165157,3339.2434136698953,3329.273884287934,3332.1242371896637,672.9648876982022
2026-07-26 04:41:20.889982,3332.1242371896637,3333.575732157797,3329.9789193911924,3331.2386999747378,530.2806095903466
2026-07-26 04:46:20.889982,3331.2386999747378,3343.2434748664646,3328.1976255560903,3340.745446420104,559.6903627962879
2026-07-26 04:51:20.889982,3340.745446420104,3343.267481169723,3336.0080218201697,3336.765889329444,343.48028051628216
2026-07-26 04:56:20.889982,3336.765889329444,3339.729964320321,3330.478543648026,3331.7698765723035,641.4064719221569
2026-07-26 05:01:20.889982,3331.7698765723035,3333.68974036846,3326.119764753121,3328.887520410209,916.9425842462032
2026-07-26 05:06:20.889982,3328.887520410209,3329.514665400319,3320.271959148468,3322.878791239824,298.41766091435875
2026-07-26 05:11:20.889982,3322.878791239824,3326.008175415136,3319.9103252448635,3324.0265144679415,432.0481984704952
2026-07-26 05:16:20.889982,3324.0265144679415,3335.7520832753835,3322.6281555578516,3335.178531283139,546.3214948336183
2026-07-26 05:21:20.889982,3335.178531283139,3340.4477856797093,3335.11439011865,3337.6680319130483,657.2812423991633
2026-07-26 05:26:20.889982,3337.6680319130483,3338.0425228280387,3333.0126874988455,3336.3175275803774,388.0907429421062
2026-07-26 05:31:20.889982,3336.3175275803774,3337.2530115930394,3331.451251154855,3334.7043993347074,50.0
2026-07-26 05:36:20.889982,3334.7043993347074,3335.3130881008733,3323.427062562615,3324.6275671021644,771.837898832805
2026-07-26 05:41:20.889982,3324.6275671021644,3333.34553118559,3322.440698876416,3330.8378451473823,652.1012239168285
2026-07-26 05:46:20.889982,3330.8378451473823,3332.773469629729,3328.8874979650013,3330.652407930857,151.41049390266699
2026-07-26 05:51:20.889982,3330.652407930857,3333.4616148754953,3329.001027039216,3329.7833548529848,378.4862416440888
2026-07-26 05:56:20.889982,3329.7833548529848,3352.934161106353,3329.2657323980884,3351.4512413688108,813.6364859054652
2026-07-26 06:01:20.889982,3351.4512413688108,3355.788376351969,3350.611553947069,3353.789713558326,789.5592836915732
2026-07-26 06:06:20.889982,3353.789713558326,3354.9093496396736,3347.507437323561,3349.0856963580036,687.728004535789
2026-07-26 06:11:20.889982,3349.0856963580036,3349.175353343665,3346.2580608521184,3346.56573719842,464.7775132080275
2026-07-26 06:16:20.889982,3346.56573719842,3356.8977286472477,3345.130160958664,3354.5967127382887,516.597483762502
2026-07-26 06:21:20.889982,3354.5967127382887,3358.594274264064,3352.266368318433,3355.692304371204,473.8148389747747
2026-07-26 06:26:20.889982,3355.692304371204,3355.719488638748,3344.3242011904513,3346.3879599088577,725.6479566537676
2026-07-26 06:31:20.889982,3346.3879599088577,3353.1953316032336,3343.7746545185137,3352.8810832727895,324.831518700978
2026-07-26 06:36:20.889982,3352.8810832727895,3356.205490644738,3346.959671418193,3348.7385172808026,338.84006902315906
2026-07-26 06:41:20.889982,3348.7385172808026,3363.939828226172,3347.943814209518,3361.644566229412,702.0549173672032
2026-07-26 06:46:20.889982,3361.644566229412,3370.725174826329,3358.7666780076247,3369.250798278861,491.1277088976877
2026-07-26 06:51:20.889982,3369.250798278861,3369.8148881792054,3365.680562139654,3366.5745075403574,775.6934710907616
2026-07-26 06:56:20.889982,3366.5745075403574,3377.051961034779,3364.1766685780512,3375.54837811461,365.69755860389085
2026-07-26 07:01:20.889982,3375.54837811461,3377.6132394317815,3372.4167729222636,3376.3441258490066,489.044327932235
2026-07-26 07:06:20.889982,3376.3441258490066,3382.7652776503173,3375.092163274786,3382.4457817956927,315.51740303120937
2026-07-26 07:11:20.889982,3382.4457817956927,3388.465691191055,3381.681393813439,3386.065126357527,501.47253628471344
2026-07-26 07:16:20.889982,3386.065126357527,3388.2877839798252,3380.121223466063,3380.6763878592283,204.2906126002402
2026-07-26 07:21:20.889982,3380.6763878592283,3380.8656390864458,3376.2569395406717,3376.665569144742,402.47331580900743
2026-07-26 07:26:20.889982,3376.665569144742,3387.113821966159,3374.802490935575,3383.966784350082,212.74922701437646
2026-07-26 07:31:20.889982,3383.966784350082,3386.6615920031622,3380.9149417494627,3382.0399925752336,638.7846466382516
2026-07-26 07:36:20.889982,3382.0399925752336,3384.0443878243277,3377.975967497608,3379.6487318486097,643.3178679519303
2026-07-26 07:41:20.889982,3379.6487318486097,3382.8449939437646,3371.014303135424,3373.536273287142,153.94745390313102
2026-07-26 07:46:20.889982,3373.536273287142,3379.2000419141746,3373.3798988513204,3376.733194360505,766.7771491001146
2026-07-26 07:51:20.889982,3376.733194360505,3392.8941884699607,3375.156288816632,3391.0302419992595,999.4830252839708
2026-07-26 07:56:20.889982,3391.0302419992595,3394.176583185126,3383.2654090722167,3384.1362894332437,509.2012773472682
2026-07-26 08:01:20.889982,3384.1362894332437,3385.5519529706353,3382.7442376648814,3384.638664231723,371.77714795507103
2026-07-26 08:06:20.889982,3384.638664231723,3395.377459106761,3384.2014233487107,3394.5513281228923,1064.8661182006092
2026-07-26 08:11:20.889982,3394.5513281228923,3397.461866829343,3392.4551096657174,3394.350095639721,236.20630033949783
2026-07-26 08:16:20.889982,3394.350095639721,3400.688966777159,3391.5289332692837,3397.7622610376234,504.0212933738197
2026-07-26 08:21:20.889982,3397.7622610376234,3398.7205739067417,3389.0321591662273,3390.889476301963,535.9244545263847
2026-07-26 08:26:20.889982,3390.889476301963,3394.417253422147,3387.7859583202376,3394.134801321191,769.0295240904829
2026-07-26 08:31:20.889982,3394.134801321191,3395.50692347127,3391.868133156868,3393.203956741715,571.9477950253577
2026-07-26 08:36:20.889982,3393.203956741715,3401.269568998464,3391.6408307004353,3400.24012803831,400.2732208423097
2026-07-26 08:41:20.889982,3400.24012803831,3409.5235319281214,3398.9655402982603,3408.6653684260277,309.7631259224088
2026-07-26 08:46:20.889982,3408.6653684260277,3429.4489135650842,3405.821670582538,3426.707728831043,431.6356359507729
2026-07-26 08:51:20.889982,3426.707728831043,3432.069242510818,3425.1005534569344,3431.0255846476734,298.61452781097114
2026-07-26 08:56:20.889982,3431.0255846476734,3436.605639726871,3430.844861098537,3433.6052875226937,509.56506395693657
2026-07-26 09:01:20.889982,3433.6052875226937,3438.3384015897072,3432.8526949945194,3435.2839361848232,387.1607640279027
2026-07-26 09:06:20.889982,3435.2839361848232,3437.614911150544,3431.2016254972473,3433.201642938371,201.1924413420499
2026-07-26 09:11:20.889982,3433.201642938371,3437.769998841955,3430.2512860028737,3435.8701662215635,751.0291576749808
2026-07-26 09:16:20.889982,3435.8701662215635,3436.2191549196314,3432.992487037887,3434.184245215108,400.46549531419214
2026-07-26 09:21:20.889982,3434.184245215108,3437.534310453162,3431.398129814568,3435.6850435428996,246.3726390049375
2026-07-26 09:26:20.889982,3435.6850435428996,3445.840842769685,3432.9264294958757,3445.0951757471994,466.34817310249167
2026-07-26 09:31:20.889982,3445.0951757471994,3446.4719683552826,3437.861133397911,3438.5107157176058,513.6743131935317
2026-07-26 09:36:20.889982,3438.5107157176058,3449.319281428003,3438.1981588708386,3446.7032803739667,150.70665488419326
2026-07-26 09:41:20.889982,3446.7032803739667,3457.9193641446177,3446.4831195001934,3456.140255900651,566.3295334251526
2026-07-26 09:46:20.889982,3456.140255900651,3457.372085997784,3453.5926562441596,3455.669779173448,290.5684862619471
2026-07-26 09:51:20.889982,3455.669779173448,3457.5915308438944,3439.987539904336,3441.3801130121356,842.2057618381575
2026-07-26 09:56:20.889982,3441.3801130121356,3442.856630246119,3436.7633688387514,3437.5428989065604,604.792102415347
2026-07-26 10:01:20.889982,3437.5428989065604,3448.3874307488595,3434.266044446429,3446.8160873091556,420.0200019781367
2026-07-26 10:06:20.889982,3446.8160873091556,3449.9346438521397,3446.3154963196175,3447.0031299826364,350.9664459365299
2026-07-26 10:11:20.889982,3447.0031299826364,3447.105784449745,3437.2530856466597,3440.464843224857,479.0064584872752
2026-07-26 10:16:20.889982,3440.464843224857,3442.2771072204987,3435.48826180779,3437.3369916528113,622.5581483166579
2026-07-26 10:21:20.889982,3437.3369916528113,3446.1535454622986,3436.255299602058,3443.4651702363067,494.9011742829601
2026-07-26 10:26:20.889982,3443.4651702363067,3449.2386996901287,3440.129613233186,3447.577286101809,456.5682385726287
2026-07-26 10:31:20.889982,3447.577286101809,3449.8945706477602,3445.7449685363813,3446.2748161682593,511.6740581635791
2026-07-26 10:36:20.889982,3446.2748161682593,3446.733952154678,3443.3882733222185,3444.091779897316,379.22821375260907
2026-07-26 10:41:20.889982,3444.091779897316,3446.73240527274,3440.721880977207,3441.738491380794,431.3588146313925
2026-07-26 10:46:20.889982,3441.738491380794,3441.812106197682,3432.4945756989873,3435.738511921653,82.84151221899918
2026-07-26 10:51:20.889982,3435.738511921653,3447.7862180520106,3435.7056724933996,3447.201181762453,694.7452461704736
2026-07-26 10:56:20.889982,3447.201181762453,3448.018622102422,3444.5144556918085,3445.324206061188,559.7595560643524
2026-07-26 11:01:20.889982,3445.324206061188,3455.5244578498023,3442.1531646957083,3454.0668235135076,345.30883119331395
2026-07-26 11:06:20.889982,3454.0668235135076,3467.9850809991162,3452.4886791892986,3464.938759101086,879.7469962710477
2026-07-26 11:11:20.889982,3464.938759101086,3473.6377773690606,3463.015686605706,3472.2110461800735,517.4032960784773
2026-07-26 11:16:20.889982,3472.2110461800735,3473.056369889679,3469.3808656755264,3469.5619247366953,292.77128560496067
2026-07-26 11:21:20.889982,3469.5619247366953,3475.97349780526,3468.9141610473785,3472.711843024324,671.3474842940917
2026-07-26 11:26:20.889982,3472.711843024324,3473.5800942166047,3471.071124444954,3472.8910700957067,579.6096433018525
2026-07-26 11:31:20.889982,3472.8910700957067,3474.5983896909424,3466.902591424787,3466.966502212314,578.9159970968439
2026-07-26 11:36:20.889982,3466.966502212314,3470.076594714336,3465.655452123714,3469.563256389077,414.8488790696819
2026-07-26 11:41:20.889982,3469.563256389077,3471.935503280547,3460.946820556636,3461.7375453046916,590.099144755607
2026-07-26 11:46:20.889982,3461.7375453046916,3471.785196514029,3459.808162968472,3470.317202204455,447.6483419557811
2026-07-26 11:51:20.889982,3470.317202204455,3473.4009000242963,3466.3100578166554,3467.440687943563,611.1882903291685
2026-07-26 11:56:20.889982,3467.440687943563,3469.6462259476275,3465.744165520005,3469.182887897157,119.01110919787226
2026-07-26 12:01:20.889982,3469.182887897157,3474.088373101003,3468.801764307921,3471.496131949114,413.2253074041622
2026-07-26 12:06:20.889982,3471.496131949114,3472.970419047843,3469.9842940332646,3470.0460092917274,844.431019561639
2026-07-26 12:11:20.889982,3470.0460092917274,3474.5841377109327,3468.3701389010234,3474.467537423717,346.5865089199399
2026-07-26 12:16:20.889982,3474.467537423717,3475.5036142558897,3468.582360079293,3471.5161637278748,379.23234050136267
2026-07-26 12:21:20.889982,3471.5161637278748,3480.0129011319464,3469.940328113935,3477.9186574360133,410.407732310005
2026-07-26 12:26:20.889982,3477.9186574360133,3479.337423474031,3467.190803642799,3468.9157062989148,257.0387728222713
2026-07-26 12:31:20.889982,3468.9157062989148,3470.27994233619,3465.818681402348,3470.1396139460567,58.34384475434956
2026-07-26 12:36:20.889982,3470.1396139460567,3487.448886699652,3469.5098282846634,3483.970827627946,453.8827202952774
2026-07-26 12:41:20.889982,3483.970827627946,3484.3902383653644,3476.855993526218,3477.355263374443,527.1718848163314
2026-07-26 12:46:20.889982,3477.355263374443,3479.653889294627,3470.6950393877582,3472.9922182725454,489.4989862922696
2026-07-26 12:51:20.889982,3472.9922182725454,3479.859480139323,3470.381131076049,3476.9113230184366,471.0242876104226
2026-07-26 12:56:20.889982,3476.9113230184366,3480.0724097881143,3474.780479272438,3478.5081605895657,508.6081741700775
2026-07-26 13:01:20.889982,3478.5081605895657,3483.6925906512233,3476.7246025934464,3481.296467659527,704.5682943101529
2026-07-26 13:06:20.889982,3481.296467659527,3486.710301790546,3479.050692200715,3485.052633074758,461.91076281415667
2026-07-26 13:11:20.889982,3485.052633074758,3491.7739737289976,3482.808460247999,3489.8284831693404,385.18348458254604
2026-07-26 13:16:20.889982,3489.8284831693404,3500.0759089165986,3487.318610527462,3497.932184478341,443.7749030223827
2026-07-26 13:21:20.889982,3497.932184478341,3503.4010448697413,3496.1141605073913,3501.1504930480332,615.8693519513552
2026-07-26 13:26:20.889982,3501.1504930480332,3503.5375662900205,3498.2384033391777,3499.811505492445,782.4053757086499
2026-07-26 13:31:20.889982,3499.811505492445,3505.7199322839865,3499.8065419893032,3504.8729053520724,374.37125216616437
2026-07-26 13:36:20.889982,3504.8729053520724,3520.5380398853163,3502.8027338519273,3518.5677680858853,519.7867574057767
2026-07-26 13:41:20.889982,3518.5677680858853,3521.9879882423465,3516.7146354308475,3517.9863112620087,567.671488387192
2026-07-26 13:46:20.889982,3517.9863112620087,3519.372866615092,3510.778742030503,3511.487358709379,301.4843986542354
2026-07-26 13:51:20.889982,3511.487358709379,3519.8711709840854,3508.773665501941,3519.622916862143,504.0834334425836
2026-07-26 13:56:20.889982,3519.622916862143,3520.5017000580983,3516.984707559962,3519.1275214143357,206.86522853158095
2026-07-26 14:01:20.889982,3519.1275214143357,3521.5478824322104,3502.567982703294,3504.2192993974854,146.18993925212027
2026-07-26 14:06:20.889982,3504.2192993974854,3513.5909186284944,3502.664144950751,3510.514471853273,573.3492815784514
2026-07-26 14:11:20.889982,3510.514471853273,3511.514647697617,3503.9661980690366,3507.1086218349133,423.22505173384343
2026-07-26 14:16:20.889982,3507.1086218349133,3510.1302213644713,3506.249064834375,3506.8243241109085,540.4560815242438
2026-07-26 14:21:20.889982,3506.8243241109085,3509.595533863726,3506.508760573083,3509.5044235549726,496.42100459833
2026-07-26 14:26:20.889982,3509.5044235549726,3512.1990221713377,3506.092273479915,3511.192898980314,304.7199902672405
2026-07-26 14:31:20.889982,3511.192898980314,3518.4941538397825,3509.882305037352,3516.530114967497,490.9491396071327
2026-07-26 14:36:20.889982,3516.530114967497,3519.655311877859,3512.2277714386264,3513.820010947863,253.37973899702897
2026-07-26 14:41:20.889982,3513.820010947863,3518.888485008554,3510.5127349330614,3517.779545009768,778.1944716002802
2026-07-26 14:46:20.889982,3517.779545009768,3520.767960879025,3513.338980051752,3516.30557586442,228.80593102800725
2026-07-26 14:51:20.889982,3516.30557586442,3523.661545184478,3513.529669220864,3521.8573513961583,460.84294580628375
2026-07-26 14:56:20.889982,3521.8573513961583,3527.179627934426,3519.8385419090996,3526.5471298600814,291.5456823905503
2026-07-26 15:01:20.889982,3526.5471298600814,3530.016708875524,3519.2833104419947,3520.3075736085525,614.0842346721591
2026-07-26 15:06:20.889982,3520.3075736085525,3531.1174039704765,3518.5809387569666,3528.3146789869043,433.71372574369946
2026-07-26 15:11:20.889982,3528.3146789869043,3528.4551259633236,3522.197523812407,3524.887081030343,396.26665607575796
2026-07-26 15:16:20.889982,3524.887081030343,3531.5365959545384,3522.661208011544,3530.9413881858336,670.6403090103108
2026-07-26 15:21:20.889982,3530.9413881858336,3534.1921800875607,3527.5980549028914,3533.8894522957785,505.88611833551045
2026-07-26 15:26:20.889982,3533.8894522957785,3548.294767575646,3533.0891511105424,3547.259947115034,603.3288891871935
2026-07-26 15:31:20.889982,3547.259947115034,3547.7180275088926,3542.674951017511,3546.0295027047146,303.73481269650705
2026-07-26 15:36:20.889982,3546.0295027047146,3548.553934378497,3541.2789880937034,3543.907365579994,219.03661121449863
2026-07-26 15:41:20.889982,3543.907365579994,3545.8940721280605,3542.2249742851286,3544.124120376247,521.4415924080267
2026-07-26 15:46:20.889982,3544.124120376247,3544.5140493172867,3540.3468316127405,3542.329973506028,436.23072890105374
2026-07-26 15:51:20.889982,3542.329973506028,3549.232791510192,3538.868602305178,3548.356643724327,625.2869344907889
2026-07-26 15:56:20.889982,3548.356643724327,3551.1831969950945,3535.7975191978053,3537.25837882311,484.01830946749004
2026-07-26 16:01:20.889982,3537.25837882311,3537.793711958478,3527.3925822820393,3530.1649326786187,541.015067846926
2026-07-26 16:06:20.889982,3530.1649326786187,3530.5958026070707,3522.3191971066426,3522.9862173106844,175.32349401175134
2026-07-26 16:11:20.889982,3522.9862173106844,3530.78808822868,3521.024299267499,3530.0414120415467,877.6873879228513
2026-07-26 16:16:20.889982,3530.0414120415467,3545.2815415420964,3528.9318675032277,3542.493398541058,467.1516029935936
2026-07-26 16:21:20.889982,3542.493398541058,3542.793340799184,3540.462202306598,3542.1076475508294,639.5173940678399
2026-07-26 16:26:20.889982,3542.1076475508294,3544.757534557253,3540.4810182648175,3541.2659888933104,332.7816659560747
2026-07-26 16:31:20.889982,3541.2659888933104,3542.895362603392,3537.911606037607,3542.1163642628785,561.6019804434682
2026-07-26 16:36:20.889982,3542.1163642628785,3554.0999299529126,3538.608019385101,3550.7120048595493,239.43104729505092
2026-07-26 16:41:20.889982,3550.7120048595493,3553.5797715027006,3543.8199950188277,3544.487011362188,590.4135676519342
2026-07-26 16:46:20.889982,3544.487011362188,3547.283640411834,3543.281087412674,3546.5318411985736,428.80518312283345
2026-07-26 16:51:20.889982,3546.5318411985736,3554.941676314547,3543.139485079478,3553.811093395524,505.8381007871135
2026-07-26 16:56:20.889982,3553.811093395524,3560.537534313207,3551.2381029182247,3557.7302219569483,639.5948060260196
2026-07-26 17:01:20.889982,3557.7302219569483,3560.097288037108,3554.494375386763,3559.435363960999,253.49193775594395
2026-07-26 17:06:20.889982,3559.435363960999,3569.878446901022,3558.852891403953,3566.925494937858,363.10165387744064
2026-07-26 17:11:20.889982,3566.925494937858,3570.0328946053633,3547.0819148708138,3548.0478621602115,591.4648562173531
2026-07-26 17:16:20.889982,3548.0478621602115,3553.5040441881965,3545.7174251797646,3553.216696457068,919.6442949093494
2026-07-26 17:21:20.889982,3553.216696457068,3555.5398060890134,3548.5895582758676,3548.92646499699,472.38353306770364
2026-07-26 17:26:20.889982,3548.92646499699,3550.0580466201372,3532.7993727318885,3536.3102727136616,618.2272235847865
2026-07-26 17:31:20.889982,3536.3102727136616,3542.683495589485,3533.728500402149,3540.281674093058,478.605706028304
2026-07-26 17:36:20.889982,3540.281674093058,3551.132279644022,3540.002763370836,3550.376343150165,888.4491189512598
2026-07-26 17:41:20.889982,3550.376343150165,3551.3594483588,3548.8719187743914,3549.755447173023,150.55566660694888
2026-07-26 17:46:20.889982,3549.755447173023,3557.716756918239,3549.0712164689385,3556.882511108204,518.9242089338716
2026-07-26 17:51:20.889982,3556.882511108204,3570.7783926665616,3555.715485593149,3568.727246373311,174.89119328758778
2026-07-26 17:56:20.889982,3568.727246373311,3581.4181606348316,3568.0707882113393,3578.482570296854,50.0
2026-07-26 18:01:20.889982,3578.482570296854,3592.266339775696,3578.4336959672555,3590.598050720723,559.4924106235633
2026-07-26 18:06:20.889982,3590.598050720723,3598.0232517004342,3590.3975581136883,3596.290981908044,527.8995592294917
2026-07-26 18:11:20.889982,3596.290981908044,3600.710347264785,3593.447782565411,3597.193286811519,443.0326124515597
2026-07-26 18:16:20.889982,3597.193286811519,3598.956312525065,3585.734649104832,3586.0451552811396,478.7611819920494
2026-07-26 18:21:20.889982,3586.0451552811396,3588.1696913838546,3581.919358747883,3584.6392530724574,1119.6598868142514
2026-07-26 18:26:20.889982,3584.6392530724574,3585.322905623816,3576.9231630396853,3578.9567561198305,448.3649723937131
2026-07-26 18:31:20.889982,3578.9567561198305,3597.8164295234633,3576.2072305456495,3594.8894313699607,602.0248722500149
2026-07-26 18:36:20.889982,3594.8894313699607,3597.7760988884656,3590.8241794260416,3593.9844541451894,370.1270360772238
2026-07-26 18:41:20.889982,3593.9844541451894,3598.6008430802826,3592.5270174175607,3595.2296605744095,559.0465150081207
2026-07-26 18:46:20.889982,3595.2296605744095,3601.6045360734197,3592.387057994955,3599.557219144407,452.3532649888765
2026-07-26 18:51:20.889982,3599.557219144407,3602.7410014109046,3595.973787119954,3600.2311369459326,417.89630345405396
2026-07-26 18:56:20.889982,3600.2311369459326,3612.8676783978417,3598.952575286389,3612.8182635301287,863.779706440065
2026-07-26 19:01:20.889982,3612.8182635301287,3613.8335663547196,3607.736261247282,3608.6828759638684,735.4369926368678
2026-07-26 19:06:20.889982,3608.6828759638684,3611.2521617101092,3606.123872902581,3610.448729339646,527.3493294798461
2026-07-26 19:11:20.889982,3610.448729339646,3610.7547490722327,3602.7780961790736,3605.451931181596,50.0
2026-07-26 19:16:20.889982,3605.451931181596,3607.952044722825,3595.40357369623,3596.3055419878965,427.7981553494861
2026-07-26 19:21:20.889982,3596.3055419878965,3597.2148095234948,3590.0081891553473,3592.267224424813,1040.6055128810167
2026-07-26 19:26:20.889982,3592.267224424813,3595.0983534773563,3589.118653884239,3592.360360210319,453.86766667205836
2026-07-26 19:31:20.889982,3592.360360210319,3595.421552600877,3586.1726341270205,3589.636213064241,720.6435144107317
2026-07-26 19:36:20.889982,3589.636213064241,3591.723173338269,3581.7695047133366,3585.0270594884964,788.3884803905202
2026-07-26 19:41:20.889982,3585.0270594884964,3587.925601451091,3572.116649057042,3575.3153679634715,543.792783171195
2026-07-26 19:46:20.889982,3575.3153679634715,3575.356936729724,3571.6254709108075,3575.0786500750705,331.63567362636957
2026-07-26 19:51:20.889982,3575.0786500750705,3576.7715576504293,3561.847010406674,3564.6922871533484,50.0
2026-07-26 19:56:20.889982,3564.6922871533484,3570.92634717605,3563.2808789829332,3570.4721684082474,636.8326417217909
2026-07-26 20:01:20.889982,3570.4721684082474,3572.3875380858926,3569.4308088855014,3571.4180385772156,337.0487994352904
2026-07-26 20:06:20.889982,3571.4180385772156,3571.8582359216643,3558.5086372704777,3561.3782670720893,535.2300903775384
2026-07-26 20:11:20.889982,3561.3782670720893,3561.4111824503757,3558.420089096663,3559.532462415484,250.03593208212718
2026-07-26 20:16:20.889982,3559.532462415484,3560.1532824058504,3552.443512731442,3554.537273601437,446.95249190595956
2026-07-26 20:21:20.889982,3554.537273601437,3558.067149020987,3553.6166539410115,3557.162731849923,506.74381098021064
2026-07-26 20:26:20.889982,3557.162731849923,3568.810551788928,3554.8410107236928,3567.0686161214276,553.7187162088596
2026-07-26 20:31:20.889982,3567.0686161214276,3567.50131832607,3553.447541766439,3554.071321986327,277.03556252951716
2026-07-26 20:36:20.889982,3554.071321986327,3556.1233111608008,3550.6105513836947,3555.2445444985433,739.3821897522705
2026-07-26 20:41:20.889982,3555.2445444985433,3556.656518757299,3552.332445460156,3554.46153269577,380.6210430536057
2026-07-26 20:46:20.889982,3554.46153269577,3560.452978729277,3552.7182131802538,3559.593184579349,165.10610790935095
2026-07-26 20:51:20.889982,3559.593184579349,3561.731396702686,3559.469516673506,3561.4674236776405,478.1953160073072
2026-07-26 20:56:20.889982,3561.4674236776405,3563.1368028638003,3555.053029989736,3556.4708501249265,506.87506180529203
2026-07-26 21:01:20.889982,3556.4708501249265,3556.957660991866,3552.1134810950284,3554.5575999799557,532.117886634352
2026-07-26 21:06:20.889982,3554.5575999799557,3558.0869326295783,3547.8537182315386,3549.257970865319,772.4264807370159
2026-07-26 21:11:20.889982,3549.257970865319,3559.48167482784,3545.8401208261303,3557.2599574012415,452.71023265282815
2026-07-26 21:16:20.889982,3557.2599574012415,3560.7257496959037,3555.6109816391227,3557.767341727428,476.0760751262457
2026-07-26 21:21:20.889982,3557.767341727428,3574.312307009509,3557.311467065894,3571.6782318716296,279.3631237533813
2026-07-26 21:26:20.889982,3571.6782318716296,3573.5073020646473,3570.6053864241603,3571.602078690216,664.1107005775793
2026-07-26 21:31:20.889982,3571.602078690216,3572.1776912529153,3565.3815377179267,3566.9020399520386,536.8618128156207
2026-07-26 21:36:20.889982,3566.9020399520386,3567.369356033511,3553.9895338493807,3556.4754572315733,415.9944545411675
2026-07-26 21:41:20.889982,3556.4754572315733,3558.098063750855,3542.144905808696,3544.027296885099,119.06506130690724
2026-07-26 21:46:20.889982,3544.027296885099,3544.546057207346,3532.6760857435256,3533.169922772557,788.8824390110175
2026-07-26 21:51:20.889982,3533.169922772557,3537.474171942987,3529.6897159578884,3535.411558269895,254.46400710878856
2026-07-26 21:56:20.889982,3535.411558269895,3539.7050781159996,3534.4013800747825,3539.3644122270316,381.74439812605885
2026-07-26 22:01:20.889982,3539.3644122270316,3542.4417448819922,3528.2870930998465,3528.5421079383145,571.6689022152007
2026-07-26 22:06:20.889982,3528.5421079383145,3538.3140761880086,3526.692142769375,3535.2176295443664,260.6884142766627
2026-07-26 22:11:20.889982,3535.2176295443664,3536.6609414411087,3531.0631846542533,3532.157025035144,201.2980443493713
2026-07-26 22:16:20.889982,3532.157025035144,3534.597383886894,3531.0768822952714,3533.5475062937144,75.21048345986702
2026-07-26 22:21:20.889982,3533.5475062937144,3548.4510301463492,3530.989941463063,3545.3141252853247,644.1993905811272
2026-07-26 22:26:20.889982,3545.3141252853247,3554.4130506924803,3542.4823086449856,3552.0341716831017,390.96275105473563
2026-07-26 22:31:20.889982,3552.0341716831017,3552.947451752133,3548.2877043221524,3550.4820542351977,1085.454018494666
2026-07-26 22:36:20.889982,3550.4820542351977,3552.1155111603775,3541.740425116848,3544.5138002907374,301.1289868738253
2026-07-26 22:41:20.889982,3544.5138002907374,3545.609962842135,3527.375053403685,3529.6452457508885,315.70979531421574
2026-07-26 22:46:20.889982,3529.6452457508885,3532.7591425960018,3523.5071074592133,3524.924657588814,386.9214059429197
2026-07-26 22:51:20.889982,3524.924657588814,3525.159495427316,3521.970442542312,3523.7888967002127,548.6269310276978
2026-07-26 22:56:20.889982,3523.7888967002127,3525.0080307113108,3514.825892591146,3517.190237136762,405.95933224293776
2026-07-26 23:01:20.889982,3517.190237136762,3520.5352008548834,3514.910991869751,3516.6186911574,622.4664428005024
2026-07-26 23:06:20.889982,3516.6186911574,3519.1508130019392,3514.3167660140994,3517.5109837468517,304.2823220022691
2026-07-26 23:11:20.889982,3517.5109837468517,3517.8750373525327,3515.38968412512,3516.2810831416964,223.6816563072838
2026-07-26 23:16:20.889982,3516.2810831416964,3519.5124727597517,3509.7111770502847,3512.064058423886,140.3570521181785
2026-07-26 23:21:20.889982,3512.064058423886,3513.6474897210446,3511.3454006562733,3513.600252724707,55.28516641256067
2026-07-26 23:26:20.889982,3513.600252724707,3519.4604983828235,3510.9144594934005,3517.05891948578,396.38619610498864
2026-07-26 23:31:20.889982,3517.05891948578,3520.0127550869684,3508.7227714180904,3509.7482384390732,439.80393752135564
2026-07-26 23:36:20.889982,3509.7482384390732,3523.295482254861,3507.807534053388,3520.0182446097106,373.71259450336333
2026-07-26 23:41:20.889982,3520.0182446097106,3522.4700746765984,3517.5758714327644,3519.6761990051123,748.6811594374324
2026-07-26 23:46:20.889982,3519.6761990051123,3520.5929538734536,3516.2863472615622,3520.160889133458,745.606041921627
2026-07-26 23:51:20.889982,3520.160889133458,3525.9362103281132,3519.2636636391535,3525.5030121010827,433.03940251109964
2026-07-26 23:56:20.889982,3525.5030121010827,3530.3706092104144,3523.322146650034,3527.5005364264766,141.21577736160742
2026-07-27 00:01:20.889982,3527.5005364264766,3537.547279808835,3525.6812767453325,3534.58477053346,386.65897838898945
2026-07-27 00:06:20.889982,3534.58477053346,3538.302175321474,3531.3264294699734,3536.9687620244877,380.0357212165877
2026-07-27 00:11:20.889982,3536.9687620244877,3537.0969853390884,3529.9676505550688,3532.992352075957,368.57300754438836
2026-07-27 00:16:20.889982,3532.992352075957,3536.7173754284245,3529.9937731210734,3535.9012265386723,360.45621922035104
2026-07-27 00:21:20.889982,3535.9012265386723,3536.3934120147833,3526.1279501702,3528.1750642496977,369.3074208550386
2026-07-27 00:26:20.889982,3528.1750642496977,3532.4284885074762,3526.5043334755755,3529.294094473654,422.69167682044804
2026-07-27 00:31:20.889982,3529.294094473654,3532.0474107762493,3526.4541716847657,3529.4124690487515,372.8917802368887
2026-07-27 00:36:20.889982,3529.4124690487515,3532.0118608923785,3525.031688595874,3528.296526292164,541.6645017251184
2026-07-27 00:41:20.889982,3528.296526292164,3529.8730899555358,3527.131620612577,3527.7423625583565,572.0737431809722
2026-07-27 00:46:20.889982,3527.7423625583565,3527.911027673179,3513.9751592369885,3514.841426596784,317.870982563502
2026-07-27 00:51:20.889982,3514.841426596784,3515.3447431156073,3509.378150326471,3511.337296551834,754.2130652014067
2026-07-27 00:56:20.889982,3511.337296551834,3512.990184134204,3511.200587173336,3512.3405931188067,303.98753963187715
2026-07-27 01:01:20.889982,3512.3405931188067,3513.9415383789465,3509.4198378137007,3513.8150767756574,176.4398772369326
2026-07-27 01:06:20.889982,3513.8150767756574,3515.89332246192,3505.695262824179,3506.9510504498044,576.1556142730103
2026-07-27 01:11:20.889982,3506.9510504498044,3519.335725768697,3506.70487436969,3516.191448771562,336.518373117132
2026-07-27 01:16:20.889982,3516.191448771562,3519.6384488607296,3508.2930112342738,3510.4564767409347,564.2582941514776
2026-07-27 01:21:20.889982,3510.4564767409347,3518.266656520228,3508.0726342242765,3517.6212987529075,50.0
2026-07-27 01:26:20.889982,3517.6212987529075,3523.6679295997506,3516.1110334336563,3520.980079391072,778.4911882966135
2026-07-27 01:31:20.889982,3520.980079391072,3524.013870633417,3516.253879446008,3516.7839727601636,634.4586816080805
2026-07-27 01:36:20.889982,3516.7839727601636,3530.63008157589,3516.4551803213694,3529.645883646809,199.90469016739968
2026-07-27 01:41:20.889982,3529.645883646809,3530.390207748861,3520.741140375165,3521.5818434246935,204.24457523074284
2026-07-27 01:46:20.889982,3521.5818434246935,3531.6521646855062,3521.306773762992,3528.4143745440992,834.4531808195055
2026-07-27 01:51:20.889982,3528.4143745440992,3537.347218039851,3526.5358513630995,3535.8359482930473,352.5240193004083
2026-07-27 01:56:20.889982,3535.8359482930473,3539.0135794991625,3527.92653430718,3531.4498484673877,333.16303025347526
2026-07-27 02:01:20.889982,3531.4498484673877,3544.3207850946196,3528.021548770849,3541.652546159168,50.0
2026-07-27 02:06:20.889982,3541.652546159168,3544.440184889298,3536.8258745799453,3540.235839089818,429.84435887968914
2026-07-27 02:11:20.889982,3540.235839089818,3545.140364007722,3539.9534577523877,3542.634762147741,454.4560770328494
2026-07-27 02:16:20.889982,3542.634762147741,3546.2588988726475,3540.3441041330325,3544.834158464819,643.098619353897
2026-07-27 02:21:20.889982,3544.834158464819,3546.0773974171384,3543.267550584081,3544.2364878418493,220.18431436310493
2026-07-27 02:26:20.889982,3544.2364878418493,3552.3935253021414,3540.927936428972,3550.343559532796,195.94264155187807
2026-07-27 02:31:20.889982,3550.343559532796,3556.4623711815093,3547.612524483511,3556.3379638166784,590.1925269552954
2026-07-27 02:36:20.889982,3556.3379638166784,3558.9082262730744,3540.860834974062,3544.2773532692718,701.346014245413
2026-07-27 02:41:20.889982,3544.2773532692718,3557.1983279531482,3541.575789661694,3553.8906820124566,185.76952977642338
2026-07-27 02:46:20.889982,3553.8906820124566,3555.7401578720996,3541.7242956520354,3542.447902817601,716.3028172599483
2026-07-27 02:51:20.889982,3542.447902817601,3552.061594175784,3539.736683251823,3550.125938709446,507.5083682973643
2026-07-27 02:56:20.889982,3550.125938709446,3561.67791108637,3547.3223616214373,3558.490680540351,718.3610678149291
2026-07-27 03:01:20.889982,3558.490680540351,3559.185536109446,3548.960308567094,3551.0898485498637,485.9559276964767
2026-07-27 03:06:20.889982,3551.0898485498637,3552.2694263499634,3548.4955384578952,3548.5282050282767,50.0
2026-07-27 03:11:20.889982,3548.5282050282767,3549.2386946661604,3540.6427943659937,3541.0437136366945,469.6065235367922
2026-07-27 03:16:20.889982,3541.0437136366945,3544.027818891465,3538.960841028304,3539.8759210857324,712.028763734254
2026-07-27 03:21:20.889982,3539.8759210857324,3540.8837165705795,3534.6532705090813,3538.049573687702,321.25079618325714
2026-07-27 03:26:20.889982,3538.049573687702,3545.2686622994493,3538.0156592176754,3543.9252073058815,422.40700621850954
2026-07-27 03:31:20.889982,3543.9252073058815,3554.5886697552496,3543.5024185149655,3553.579999759478,464.77329928980436
2026-07-27 03:36:20.889982,3553.579999759478,3564.2359705194167,3553.304642475016,3563.8695742142777,50.0
2026-07-27 03:41:20.889982,3563.8695742142777,3565.98387358965,3559.546723490784,3560.2208432030643,834.2695150874953
2026-07-27 03:46:20.889982,3560.2208432030643,3561.506947327866,3556.019297330968,3559.0872936313317,319.72486402056506
2026-07-27 03:51:20.889982,3559.0872936313317,3560.597550112884,3544.2307708955254,3547.4791668831285,601.1470864945597
2026-07-27 03:56:20.889982,3547.4791668831285,3549.245591753948,3540.7076245535604,3542.1203518440448,482.65977277035824
2026-07-27 04:01:20.889982,3542.1203518440448,3551.9804745139763,3541.8611568374504,3549.3171062587057,751.5238112718721
2026-07-27 04:06:20.889982,3549.3171062587057,3561.4788310041044,3547.003044803048,3561.1601841492857,581.2112244856162
2026-07-27 04:11:20.889982,3561.1601841492857,3562.8942580293146,3549.926718715556,3552.734854524913,453.0151456958051
2026-07-27 04:16:20.889982,3552.734854524913,3555.990121864928,3547.504212907423,3548.882481315915,321.296981496144
2026-07-27 04:21:20.889982,3548.882481315915,3551.166640634816,3547.105567825078,3549.0499516587965,659.5701402764278
2026-07-27 04:26:20.889982,3549.0499516587965,3554.8803288876616,3546.1003915830433,3551.394242456879,125.31173920907668
2026-07-27 04:31:20.889982,3551.394242456879,3554.6321825046866,3545.101144816525,3546.0030355391345,629.1780840551785
2026-07-27 04:36:20.889982,3546.0030355391345,3552.1086532032605,3545.061666677438,3549.3666736623636,280.1910496890255
2026-07-27 04:41:20.889982,3549.3666736623636,3550.10757745389,3543.010519003034,3546.3592260101377,750.4567323913279
2026-07-27 04:46:20.889982,3546.3592260101377,3546.679830270996,3542.935610874215,3546.6113650072693,532.259908532539
2026-07-27 04:51:20.889982,3546.6113650072693,3551.3734706532514,3543.7051365934612,3550.8434650217523,628.8247535700218
2026-07-27 04:56:20.889982,3550.8434650217523,3552.224049287677,3549.598175954227,3551.2441809267075,516.3977627649439
2026-07-27 05:01:20.889982,3551.2441809267075,3552.0139404877104,3546.423242592306,3548.5009397222707,149.52458097180067
2026-07-27 05:06:20.889982,3548.5009397222707,3549.7361570997155,3545.7454323244738,3548.077914048754,327.85416732093233
2026-07-27 05:11:20.889982,3548.077914048754,3548.133431951958,3547.577305377123,3547.80569495547,634.4778675222765
2026-07-27 05:16:20.889982,3547.80569495547,3548.159273360696,3544.0501904433822,3545.53574753264,533.3311634719688
2026-07-27 05:21:20.889982,3545.53574753264,3548.4246364897585,3540.907717041693,3544.055468822257,736.1979810611344
2026-07-27 05:26:20.889982,3544.055468822257,3556.6310381792055,3542.0198706599417,3555.7605498075272,580.6549126074343
2026-07-27 05:31:20.889982,3555.7605498075272,3562.8432337951654,3554.733541514996,3560.107771613245,306.6596218594681
2026-07-27 05:36:20.889982,3560.107771613245,3561.56388323545,3556.4958388197665,3558.3603278354126,340.7871724558732
2026-07-27 05:41:20.889982,3558.3603278354126,3564.1608171773573,3558.2678734721926,3563.680166362272,1343.7388190043127
2026-07-27 05:46:20.889982,3563.680166362272,3564.2247173942446,3559.4252184894685,3561.6578566145536,129.0608399537216
2026-07-27 05:51:20.889982,3561.6578566145536,3570.6440702401287,3560.982223066314,3570.3812249813327,2154.511661026185
2026-07-27 05:56:20.889982,3570.3812249813327,3574.586328023302,3570.103199165745,3573.379048026864,1518.657218912027
2026-07-27 06:01:20.889982,3573.379048026864,3574.064062185955,3569.713607725943,3572.969546931019,1924.056862526831
2026-07-27 06:06:20.889982,3572.969546931019,3576.596996449933,3570.6348545649516,3576.527972563677,474.6321105972408
2026-07-27 06:11:20.889982,3576.527972563677,3577.902821857999,3563.2671486137183,3565.6655890774487,748.9130320710511
2026-07-27 06:16:20.889982,3565.6655890774487,3567.7646668873235,3557.199858523745,3557.9950659889937,946.2997822055497
2026-07-27 06:21:20.889982,3557.9950659889937,3561.0094331656387,3548.117890007566,3549.864211566015,235.82432892453647
2026-07-27 06:26:20.889982,3549.864211566015,3554.1553376151855,3548.4229221943533,3551.2343194758146,654.2803589807534
2026-07-27 06:31:20.889982,3551.2343194758146,3567.426508050229,3548.498131223114,3563.9171702972867,500.2219889374586
2026-07-27 06:36:20.889982,3563.9171702972867,3583.6733613707806,3562.0841533279613,3580.215051907044,191.11323035035116
2026-07-27 06:41:20.889982,3580.215051907044,3586.8434366145316,3577.510364807877,3585.14518513236,598.5767943703739
2026-07-27 06:46:20.889982,3585.14518513236,3592.256527242857,3581.688582474547,3589.097076444356,666.7206409674696
2026-07-27 06:51:20.889982,3589.097076444356,3590.2619247414514,3573.6930216397377,3576.5496281863457,379.7746894662306
2026-07-27 06:56:20.889982,3576.5496281863457,3577.3030126202484,3571.0778672883475,3573.0272192794096,733.1833040510446
2026-07-27 07:01:20.889982,3573.0272192794096,3573.6698216090126,3566.5194342701857,3567.7588642870005,166.64731864216049
2026-07-27 07:06:20.889982,3567.7588642870005,3571.081726357429,3563.16727381591,3563.687895474333,201.04877071007115
2026-07-27 07:11:20.889982,3563.687895474333,3565.9415748894135,3560.733334834063,3562.8459395577056,527.3194791177505
2026-07-27 07:16:20.889982,3562.8459395577056,3563.276111707404,3558.679088232184,3559.8395213153126,505.07705559445435
2026-07-27 07:21:20.889982,3559.8395213153126,3561.8436451248554,3545.466233009938,3546.129992689262,356.685302315179
2026-07-27 07:26:20.889982,3546.129992689262,3554.6371473340027,3542.6825993332127,3551.793497437261,661.9188871943771
2026-07-27 07:31:20.889982,3551.793497437261,3552.556278477561,3543.8732625456128,3544.5357786922787,606.1788628431899
2026-07-27 07:36:20.889982,3544.5357786922787,3548.200330371833,3541.885297913392,3546.586863622395,671.6278141868032
2026-07-27 07:41:20.889982,3546.586863622395,3562.688371621919,3546.5163577993594,3561.6853988401394,475.3727129295465
2026-07-27 07:46:20.889982,3561.6853988401394,3563.613056448555,3552.0966397197712,3555.4978309635667,620.5160535956682
2026-07-27 07:51:20.889982,3555.4978309635667,3556.889014974272,3536.417794713707,3537.904190513531,410.8699393940011
2026-07-27 07:56:20.889982,3537.904190513531,3541.332071958704,3533.778368394668,3536.2346639087177,910.7637380173192
2026-07-27 08:01:20.889982,3536.2346639087177,3546.9331883515856,3534.244817571873,3544.384166775075,337.49084597560284
2026-07-27 08:06:20.889982,3544.384166775075,3562.1177997798204,3541.9425593146548,3558.649507191877,921.0594858916625
2026-07-27 08:11:20.889982,3558.649507191877,3561.834615052297,3547.7812150610025,3550.26419480662,506.9775894178817
2026-07-27 08:16:20.889982,3550.26419480662,3556.760881706122,3549.2331593079575,3554.148171141688,224.89782208625144
2026-07-27 08:21:20.889982,3554.148171141688,3555.2267794012146,3548.416714128071,3551.197247060136,773.6158700977203
2026-07-27 08:26:20.889982,3551.197247060136,3552.2509096174213,3548.8016180955324,3550.7999020077873,525.1802776789918
2026-07-27 08:31:20.889982,3550.7999020077873,3570.8758810688073,3547.8989574992684,3569.9856968853856,670.2248196760476
2026-07-27 08:36:20.889982,3569.9856968853856,3570.380185128755,3556.6740687576007,3559.626589070712,744.7711837085186
2026-07-27 08:41:20.889982,3559.626589070712,3563.9364423231796,3558.9612609207907,3561.789645560661,567.5911108290051
2026-07-27 08:46:20.889982,3561.789645560661,3567.4119997331213,3560.783444128695,3565.479383740841,381.55183103743707
2026-07-27 08:51:20.889982,3565.479383740841,3574.743774106715,3564.2260177557205,3573.587835174246,695.14267553385
2026-07-27 08:56:20.889982,3573.587835174246,3574.8719971708542,3570.064414492921,3574.6456532998945,500.15110149091913
2026-07-27 09:01:20.889982,3574.6456532998945,3577.3191835414755,3572.2774617318414,3577.2063776686073,637.1715637216838
2026-07-27 09:06:20.889982,3577.2063776686073,3578.5343355777322,3572.4535840671415,3574.76291769967,69.25388524170774
2026-07-27 09:11:20.889982,3574.76291769967,3578.319568410194,3572.354418873648,3577.045252287851,589.3963434019704
2026-07-27 09:16:20.889982,3577.045252287851,3579.6537607047944,3572.479653053769,3574.9483430713694,372.282834970994
2026-07-27 09:21:20.889982,3574.9483430713694,3580.1611945835893,3572.5999836905658,3579.753238811721,830.661927435706
2026-07-27 09:26:20.889982,3579.753238811721,3580.7555251487065,3577.3626818179364,3577.465717733772,624.6174695778191
2026-07-27 09:31:20.889982,3577.465717733772,3582.0082080241136,3575.914732146332,3580.5228973049107,547.9715491698594
2026-07-27 09:36:20.889982,3580.5228973049107,3582.3441973835443,3577.999258242155,3580.671400325278,597.2619986700444
2026-07-27 09:41:20.889982,3580.671400325278,3590.211884272897,3579.5424844089266,3589.103411903758,300.31182942465637
2026-07-27 09:46:20.889982,3589.103411903758,3589.3207402132325,3586.6283419830916,3589.0934074815277,824.6513381056108
2026-07-27 09:51:20.889982,3589.0934074815277,3591.131388362766,3575.496639942887,3576.746444972499,898.2740836833809
2026-07-27 09:56:20.889982,3576.746444972499,3588.672497959884,3574.824452553273,3586.143589024089,578.5827021096433
2026-07-27 10:01:20.889982,3586.143589024089,3587.8263687784047,3578.1807326920384,3580.0112803262527,818.0807137147277
2026-07-27 10:06:20.889982,3580.0112803262527,3582.2894137929234,3573.3309434271505,3575.6909087400727,386.17036026549323
2026-07-27 10:11:20.889982,3575.6909087400727,3576.7241325869836,3571.288099154852,3571.7908050060782,340.57728675500385
2026-07-27 10:16:20.889982,3571.7908050060782,3582.541963690679,3569.507034519005,3581.9809030448905,508.1849497457846
2026-07-27 10:21:20.889982,3581.9809030448905,3585.107518485286,3565.6096308223814,3567.0703328482796,586.9882076735797
2026-07-27 10:26:20.889982,3567.0703328482796,3590.493386744068,3564.3714785228567,3589.8848288923095,421.2026637513759
2026-07-27 10:31:20.889982,3589.8848288923095,3600.830011589984,3586.723639339161,3597.8348519450406,607.5536380736968
2026-07-27 10:36:20.889982,3597.8348519450406,3601.985998948347,3594.7380927360095,3599.80152624437,561.2778964146828
2026-07-27 10:41:20.889982,3599.80152624437,3599.8570170353196,3599.380267730575,3599.7662915550327,300.33864494178897
2026-07-27 10:46:20.889982,3599.7662915550327,3602.5164108030904,3597.2010812334483,3602.1829348741776,603.7586034903443
2026-07-27 10:51:20.889982,3602.1829348741776,3606.5507934019483,3600.3949396022,3606.299860625653,672.7056485043042
2026-07-27 10:56:20.889982,3606.299860625653,3613.0247547820713,3605.179370551949,3611.317660011017,534.2938635180782
2026-07-27 11:01:20.889982,3611.317660011017,3618.8414893101185,3610.7021715792152,3615.6943702373333,730.5296206523385
2026-07-27 11:06:20.889982,3615.6943702373333,3617.9786268222524,3612.8952027031023,3616.70387330472,256.5192413006096
2026-07-27 11:11:20.889982,3616.70387330472,3616.813901807021,3613.205126223786,3615.638271445702,593.5900844263704
2026-07-27 11:16:20.889982,3615.638271445702,3618.590070309856,3611.5359498721728,3614.906010486172,265.94385872064504
2026-07-27 11:21:20.889982,3614.906010486172,3618.073740478853,3612.704293652596,3613.8585026588294,277.1837283533825
2026-07-27 11:26:20.889982,3613.8585026588294,3624.5486540867864,3613.5791749114073,3622.4245942001016,373.813833252442
2026-07-27 11:31:20.889982,3622.4245942001016,3628.0253851783505,3622.083280738003,3627.090067449788,311.587963285151
2026-07-27 11:36:20.889982,3627.090067449788,3628.2332801392918,3603.0270695708755,3606.1831549574845,390.40083625177243
2026-07-27 11:41:20.889982,3606.1831549574845,3612.5316814792386,3604.156847483638,3611.277965520763,457.16993785776225
2026-07-27 11:46:20.889982,3611.277965520763,3614.6118439948746,3609.6206903885495,3613.0460190468616,667.4308972662769
2026-07-27 11:51:20.889982,3613.0460190468616,3616.7754672104534,3611.9759993242783,3613.272139528287,435.76819225885953
2026-07-27 11:56:20.889982,3613.272139528287,3615.5388335564594,3609.309875393374,3610.826648874889,182.87485864608146
2026-07-27 12:01:20.889982,3610.826648874889,3619.5369543408087,3609.059760067944,3619.3156470109884,728.013569299032
2026-07-27 12:06:20.889982,3619.3156470109884,3629.4932059633184,3618.95822884625,3626.543580934274,332.5819732769921
2026-07-27 12:11:20.889982,3626.543580934274,3626.7959588017343,3620.7479280109096,3621.3042744924064,488.2559145790743
2026-07-27 12:16:20.889982,3621.3042744924064,3627.3866956170095,3618.6824669130906,3624.6160387132736,589.3073013881423
2026-07-27 12:21:20.889982,3624.6160387132736,3626.6640111806087,3616.2468737826157,3617.940889235402,539.9220836805565
2026-07-27 12:26:20.889982,3617.940889235402,3621.1547995233777,3605.566209419213,3608.3327102558333,718.8359095042952
2026-07-27 12:31:20.889982,3608.3327102558333,3611.262468040044,3601.241996226228,3604.173134363947,595.8006286785518
2026-07-27 12:36:20.889982,3604.173134363947,3613.076681585416,3602.5223703598417,3610.7559867711175,327.73808406057844
2026-07-27 12:41:20.889982,3610.7559867711175,3621.135748330674,3607.4123999442118,3618.0073378769202,935.7124347983324
2026-07-27 12:46:20.889982,3618.0073378769202,3622.1703548817354,3617.8208119671394,3622.084127390314,538.8666926676467
2026-07-27 12:51:20.889982,3622.084127390314,3631.181442361423,3621.080228330171,3627.7034060377123,470.5319546756988
2026-07-27 12:56:20.889982,3627.7034060377123,3634.9855014915906,3626.292972660405,3631.8135864946425,692.7850846111141
2026-07-27 13:01:20.889982,3631.8135864946425,3632.24613570202,3627.2280155854105,3627.5198248889474,549.8901891860145
2026-07-27 13:06:20.889982,3627.5198248889474,3631.5861605578684,3626.613332370461,3631.017877578325,579.8456385878654
2026-07-27 13:11:20.889982,3631.017877578325,3638.9756752023272,3628.4707261602875,3637.1988368136476,998.4367997201373
2026-07-27 13:16:20.889982,3637.1988368136476,3646.6477835676224,3635.592989000511,3643.05428001176,444.97571434899066
2026-07-27 13:21:20.889982,3643.05428001176,3653.98478932316,3641.1532770874587,3652.0923300696713,436.44782119652086
2026-07-27 13:26:20.889982,3652.0923300696713,3659.6083777623962,3650.201493386895,3657.6353236089953,523.3157024024928
2026-07-27 13:31:20.889982,3657.6353236089953,3660.605325780718,3657.6290148387197,3660.5732051474565,714.3031871162077
2026-07-27 13:36:20.889982,3660.5732051474565,3669.1414985628494,3660.201449766138,3668.7831820174592,198.6931939619202
2026-07-27 13:41:20.889982,3668.7831820174592,3671.541698245647,3668.0313895236386,3668.9554628807696,106.88882170469896
2026-07-27 13:46:20.889982,3668.9554628807696,3672.2381290831295,3659.4549643620167,3662.856315921312,382.57694587597047
2026-07-27 13:51:20.889982,3662.856315921312,3666.4308729976897,3658.589171341829,3662.0281134811703,173.21540818814253
2026-07-27 13:56:20.889982,3662.0281134811703,3663.023776159763,3655.0779180850027,3656.9421425116757,415.0337304948723
2026-07-27 14:01:20.889982,3656.9421425116757,3657.583771186302,3649.4279403874775,3652.372518376079,600.499939225858
2026-07-27 14:06:20.889982,3652.372518376079,3655.6174019204013,3648.573512582187,3651.6821488401565,321.8502272895473
2026-07-27 14:11:20.889982,3651.6821488401565,3653.2646671906105,3643.4976839450205,3646.2640092254933,214.63468464373153
2026-07-27 14:16:20.889982,3646.2640092254933,3646.6198086395693,3644.236635364491,3644.383302734558,513.8674323430696
2026-07-27 14:21:20.889982,3644.383302734558,3647.128384945877,3629.4259167967166,3630.9703691941845,672.508696923034
2026-07-27 14:26:20.889982,3630.9703691941845,3636.4996099020013,3630.617242018134,3632.8828960059977,161.00531229667746
2026-07-27 14:31:20.889982,3632.8828960059977,3636.363675568346,3631.139173736865,3633.2549620487416,664.0464796611968
2026-07-27 14:36:20.889982,3633.2549620487416,3636.260209600916,3624.7208979780366,3627.68517850852,663.4612407476652
2026-07-27 14:41:20.889982,3627.68517850852,3636.1623173980192,3626.6046724371586,3632.8346698981213,690.8170204313255
2026-07-27 14:46:20.889982,3632.8346698981213,3643.4744047110585,3632.283688906256,3640.017118805027,743.6960429743373
2026-07-27 14:51:20.889982,3640.017118805027,3640.315486558675,3627.129471290539,3628.6956726506774,940.4027849319232
2026-07-27 14:56:20.889982,3628.6956726506774,3631.7014046225454,3621.811380674093,3623.526834845126,428.781590276189
2026-07-27 15:01:20.889982,3623.526834845126,3626.5317773749375,3615.6786781981236,3618.3189177715776,521.9143160155717
2026-07-27 15:06:20.889982,3618.3189177715776,3619.0766964630625,3608.4574877544846,3611.8847388144004,416.7123133503949
2026-07-27 15:11:20.889982,3611.8847388144004,3618.463374089087,3608.6402560475367,3618.2434530236264,500.39536895116214
2026-07-27 15:16:20.889982,3618.2434530236264,3619.3450035397514,3615.3936696827577,3617.2028067329625,806.5746711272624
2026-07-27 15:21:20.889982,3617.2028067329625,3618.730539112324,3615.0299583851925,3615.6512522160833,230.99710321386624
2026-07-27 15:26:20.889982,3615.6512522160833,3616.946186382066,3600.8549895549477,3601.5498525455287,327.7900655668849
2026-07-27 15:31:20.889982,3601.5498525455287,3607.225687115402,3600.8761580253204,3606.490372504569,775.4361873009123
2026-07-27 15:36:20.889982,3606.490372504569,3608.2540089787767,3595.05157289803,3597.922468093195,704.007301380418
2026-07-27 15:41:20.889982,3597.922468093195,3600.761173429509,3594.7087800395993,3598.7136132234964,427.3736706365844
2026-07-27 15:46:20.889982,3598.7136132234964,3603.362898146812,3596.2328755652284,3601.070656467462,670.880400224144
2026-07-27 15:51:20.889982,3601.070656467462,3613.6556575762856,3599.4521221556083,3611.2447644632166,568.2431684984067
2026-07-27 15:56:20.889982,3611.2447644632166,3613.7341356758275,3601.9132839164204,3602.1643826779477,800.0549218001976
2026-07-27 16:01:20.889982,3602.1643826779477,3605.2617090244753,3578.049226532035,3580.834443045498,514.9019187653545
2026-07-27 16:06:20.889982,3580.834443045498,3583.388126432049,3578.0842459799283,3582.509587755479,705.1264227745164
2026-07-27 16:11:20.889982,3582.509587755479,3595.8385621633697,3581.7312998266593,3595.7931019844646,1028.402382098524
2026-07-27 16:16:20.889982,3595.7931019844646,3605.309453650856,3592.9875674197074,3605.0746290443176,619.6198310094933
2026-07-27 16:21:20.889982,3605.0746290443176,3609.6736966263807,3602.1414104576334,3606.947298398858,509.8656331589687
2026-07-27 16:26:20.889982,3606.947298398858,3606.963463630491,3601.9564642590076,3603.762788107593,644.4893970441958
2026-07-27 16:31:20.889982,3603.762788107593,3612.4902397308547,3603.2027593026137,3609.9458192463735,426.943828359223
2026-07-27 16:36:20.889982,3609.9458192463735,3612.291528566543,3602.9809975075264,3603.284070088502,977.5935411049464
2026-07-27 16:41:20.889982,3603.284070088502,3607.733357260212,3601.569639004433,3607.0793005180094,536.0142075391963
2026-07-27 16:46:20.889982,3607.0793005180094,3613.448858864527,3606.5531390095894,3611.088777076592,445.41333595489743
2026-07-27 16:51:20.889982,3611.088777076592,3619.7861632405284,3610.3505030949673,3619.1158185539525,332.8621989959928
2026-07-27 16:56:20.889982,3619.1158185539525,3640.3787898636206,3618.2958939369964,3639.510035889344,719.4440383212877
2026-07-27 17:01:20.889982,3639.510035889344,3644.1712379806563,3637.130561893763,3642.731815751166,673.4374825655477
2026-07-27 17:06:20.889982,3642.731815751166,3644.3274480639,3636.565515780529,3639.3895871439286,400.5291257171814
2026-07-27 17:11:20.889982,3639.3895871439286,3642.185206866554,3638.9291064104445,3639.5673806743566,615.2902690244846
2026-07-27 17:16:20.889982,3639.5673806743566,3639.745143053414,3623.891122002886,3627.0754823245825,198.2888063574287
2026-07-27 17:21:20.889982,3627.0754823245825,3627.3650356288404,3621.864305778514,3622.401649871493,536.9941150146312
2026-07-27 17:26:20.889982,3622.401649871493,3622.481825485392,3617.525202483748,3619.799654241604,590.5512704153389
2026-07-27 17:31:20.889982,3619.799654241604,3621.9077190047647,3612.8000629653397,3616.369070860555,841.4659619118446
2026-07-27 17:36:20.889982,3616.369070860555,3621.0417201091745,3614.883310300539,3617.832946864137,345.8362394542621
2026-07-27 17:41:20.889982,3617.832946864137,3619.1772823619785,3611.1759858624387,3612.248289115387,244.32947423953513
2026-07-27 17:46:20.889982,3612.248289115387,3621.270133474208,3611.749496663071,3620.7183109481116,320.91440781499165
2026-07-27 17:51:20.889982,3620.7183109481116,3621.560910621948,3620.305133557216,3621.081900481146,232.68629993701603
2026-07-27 17:56:20.889982,3621.081900481146,3622.2476509171274,3619.9714282544737,3621.376666218815,767.3314715517965
2026-07-27 18:01:20.889982,3621.376666218815,3624.858905867262,3617.270797005817,3619.3645025561714,809.7278590048073
2026-07-27 18:06:20.889982,3619.3645025561714,3624.426063412169,3618.0164089068357,3620.8501271264727,564.0433155897658
2026-07-27 18:11:20.889982,3620.8501271264727,3628.852775422404,3619.6748764471718,3627.1928753611,744.2589891370296
2026-07-27 18:16:20.889982,3627.1928753611,3627.8562441454233,3620.7515006439717,3621.2699386965287,526.791676116047
2026-07-27 18:21:20.889982,3621.2699386965287,3624.6923255852375,3613.299143740062,3616.8683080210762,480.9776704598468
2026-07-27 18:26:20.889982,3616.8683080210762,3617.0307397557276,3614.4898810063755,3615.0333863630326,433.39247618924765
2026-07-27 18:31:20.889982,3615.0333863630326,3616.56444009663,3605.0044256956917,3605.676283892242,437.9218017244869
2026-07-27 18:36:20.889982,3605.676283892242,3606.9883187977152,3599.6683953858105,3600.133159435702,190.43968873819375
2026-07-27 18:41:20.889982,3600.133159435702,3601.776662548749,3596.088259947228,3597.065563294783,552.8509527214678
2026-07-27 18:46:20.889982,3597.065563294783,3604.9900593677307,3596.7263145040233,3603.721891414594,491.93321795719123
2026-07-27 18:51:20.889982,3603.721891414594,3607.519183100486,3600.178504437072,3605.975363897032,649.0721448155751
2026-07-27 18:56:20.889982,3605.975363897032,3608.9188920205947,3602.814981523752,3607.732550333736,518.704699287722
2026-07-27 19:01:20.889982,3607.732550333736,3617.2863309133704,3604.297778188226,3614.2388078529652,467.45925968618167
2026-07-27 19:06:20.889982,3614.2388078529652,3617.094452314655,3611.2237741060203,3613.607298014027,325.76139399847386
2026-07-27 19:11:20.889982,3613.607298014027,3619.8901223598355,3613.3339478439475,3616.7920345650214,514.4306473643522
2026-07-27 19:16:20.889982,3616.7920345650214,3618.4659967993302,3612.8295177732875,3616.407071029675,647.6474461632324
2026-07-27 19:21:20.889982,3616.407071029675,3621.4736911773543,3612.9278148296776,3618.6887477695827,271.33220178322784
2026-07-27 19:26:20.889982,3618.6887477695827,3621.5100018414973,3611.672471739542,3614.8350257188213,517.4947507361478
2026-07-27 19:31:20.889982,3614.8350257188213,3617.389013780379,3594.8698694954887,3597.6058559600497,546.6085903058968
2026-07-27 19:36:20.889982,3597.6058559600497,3599.488044231958,3593.6750181014586,3596.999500649769,356.38704327634713
2026-07-27 19:41:20.889982,3596.999500649769,3610.5864869730613,3593.9640468496636,3607.610068292363,382.42873901839994
2026-07-27 19:46:20.889982,3607.610068292363,3617.093257329433,3606.511262608651,3614.6605578770896,546.1221697532429
2026-07-27 19:51:20.889982,3614.6605578770896,3622.137702490432,3611.278482185038,3622.008651063293,273.3157963414754
2026-07-27 19:56:20.889982,3622.008651063293,3633.465797849902,3620.9287746425407,3631.3373971080787,569.9847430498785
2026-07-27 20:01:20.889982,3631.3373971080787,3632.8862718415035,3628.3251186154284,3632.3445617435486,320.92912526815996
2026-07-27 20:06:20.889982,3632.3445617435486,3637.1817107946567,3629.385988155013,3634.141677891617,712.5707386066433
2026-07-27 20:11:20.889982,3634.141677891617,3636.48599978818,3628.689521726056,3630.0181642314024,967.56554907766
2026-07-27 20:16:20.889982,3630.0181642314024,3631.121944888358,3628.055942061956,3628.0869795120348,327.8486396596361
2026-07-27 20:21:20.889982,3628.0869795120348,3635.949579057218,3627.7697660806743,3632.921148527687,606.841572474935
2026-07-27 20:26:20.889982,3632.921148527687,3644.3403451031577,3631.0898839928686,3642.043108209575,354.65161902359614
2026-07-27 20:31:20.889982,3642.043108209575,3643.9613335594204,3638.017107699363,3641.391632099626,708.1908347595579
2026-07-27 20:36:20.889982,3641.391632099626,3641.5067547371173,3635.664335624532,3638.478306456226,246.948318182957
2026-07-27 20:41:20.889982,3638.478306456226,3639.0354254621634,3638.339485388717,3638.8460147998035,596.1173516855425
2026-07-27 20:46:20.889982,3638.8460147998035,3645.1544633313592,3638.6164939530127,3643.5883845589333,325.4022066221295
2026-07-27 20:51:20.889982,3643.5883845589333,3646.463700293609,3631.521124217349,3633.445262731283,458.6030821803262
2026-07-27 20:56:20.889982,3633.445262731283,3633.550773558574,3617.0126232287216,3617.1591206562225,293.7949449705386
2026-07-27 21:01:20.889982,3617.1591206562225,3619.3752402165082,3610.626972447597,3613.539889656229,664.4700941791507
2026-07-27 21:06:20.889982,3613.539889656229,3615.1218957261635,3603.0896423769245,3605.088955030551,332.6039291120826
2026-07-27 21:11:20.889982,3605.088955030551,3607.972411361254,3599.5882822769904,3601.7871955974874,610.3928518663655
2026-07-27 21:16:20.889982,3601.7871955974874,3602.5967341435667,3598.875245500585,3601.08289666571,431.1803943475334
2026-07-27 21:21:20.889982,3601.08289666571,3603.3453830800763,3595.5383566784913,3598.1798055922422,477.1055256402274
2026-07-27 21:26:20.889982,3598.1798055922422,3611.2491038189287,3594.692298131699,3609.008363683241,529.5511814800257
2026-07-27 21:31:20.889982,3609.008363683241,3612.4412903086886,3605.575869466062,3611.728738454334,347.63506566823025
2026-07-27 21:36:20.889982,3611.728738454334,3616.206962134888,3609.3018151507276,3614.261262568805,542.0734227081774
2026-07-27 21:41:20.889982,3614.261262568805,3619.4835586273007,3612.885761686416,3619.123594813184,806.0669128708822
2026-07-27 21:46:20.889982,3619.123594813184,3621.908073035506,3608.6980936330137,3611.2509266913785,344.3810428334572
2026-07-27 21:51:20.889982,3611.2509266913785,3619.2708813812364,3609.2770376507997,3619.125611893481,734.3620286547689
2026-07-27 21:56:20.889982,3619.125611893481,3619.4451017626243,3615.3351845218517,3618.9391283195932,799.6195266975569
2026-07-27 22:01:20.889982,3618.9391283195932,3627.4095825308477,3618.8628386927176,3624.1576382457433,336.7690021943912
2026-07-27 22:06:20.889982,3624.1576382457433,3627.2695196757,3613.433103549343,3616.758458334005,208.98907898188963
2026-07-27 22:11:20.889982,3616.758458334005,3618.03715685839,3603.3028854580966,3605.8973345582435,560.3921800343529
2026-07-27 22:16:20.889982,3605.8973345582435,3613.758762138508,3603.534633488594,3612.161811869572,390.5184954466254
2026-07-27 22:21:20.889982,3612.161811869572,3616.4739765526724,3610.9966757129396,3615.243646219086,873.7206438326004
2026-07-27 22:26:20.889982,3615.243646219086,3616.778078139018,3608.5627777051727,3609.088144577158,506.96150809996647
2026-07-27 22:31:20.889982,3609.088144577158,3612.0877983601977,3601.920098755359,3603.1765188240893,339.56011839296417
2026-07-27 22:36:20.889982,3603.1765188240893,3613.102284265662,3599.9550822370543,3611.6570812957207,270.56809779765774
2026-07-27 22:41:20.889982,3611.6570812957207,3613.450716210522,3601.4749376531436,3603.4361218495565,717.9809918181661
2026-07-27 22:46:20.889982,3603.4361218495565,3619.1140394748945,3600.240859970335,3615.655671605164,385.7632051831627
2026-07-27 22:51:20.889982,3615.655671605164,3616.268404872305,3607.8017232413245,3609.5097975281515,508.76575989208567
2026-07-27 22:56:20.889982,3609.5097975281515,3617.9934683170686,3608.165737726426,3614.4827348725807,691.1605490224962
2026-07-27 23:01:20.889982,3614.4827348725807,3615.825779458055,3611.764631899849,3612.4691725999123,403.14832961383394
2026-07-27 23:06:20.889982,3612.4691725999123,3617.6050240037666,3609.7948443649784,3617.191495407646,490.8142342519679
2026-07-27 23:11:20.889982,3617.191495407646,3619.976843070238,3610.1170078402383,3613.6186511583674,496.68631803549596
2026-07-27 23:16:20.889982,3613.6186511583674,3616.4134896304404,3611.92437724263,3612.803561999896,636.6649023032184
2026-07-27 23:21:20.889982,3612.803561999896,3613.6055276477423,3609.2433703075176,3613.4605679739743,618.1488671020652
2026-07-27 23:26:20.889982,3613.4605679739743,3614.6907731376605,3605.460580420291,3606.5857325341844,455.9772537490343
2026-07-27 23:31:20.889982,3606.5857325341844,3615.567174765755,3604.475519587985,3612.294597655859,512.7298122993035
2026-07-27 23:36:20.889982,3612.294597655859,3613.0707756363463,3605.740916059914,3608.949619606859,425.6441976953023
2026-07-27 23:41:20.889982,3608.949619606859,3612.534608886841,3607.3480267809236,3607.6607336224347,204.47751861611107
2026-07-27 23:46:20.889982,3607.6607336224347,3610.771444964364,3599.447190081217,3600.853379851109,551.5201714796259
2026-07-27 23:51:20.889982,3600.853379851109,3602.7404878913994,3579.528061535225,3582.8056693996527,878.4383521666136
2026-07-27 23:56:20.889982,3582.8056693996527,3586.2930979007515,3580.8562443149976,3581.7952617671062,323.25617186178744
2026-07-28 00:01:20.889982,3581.7952617671062,3600.2460971703,3581.5068679390492,3599.4799450889327,345.3940580794594
2026-07-28 00:06:20.889982,3599.4799450889327,3607.5188035744786,3599.430976340343,3605.493245211531,325.8544456712517
2026-07-28 00:11:20.889982,3605.493245211531,3607.200102847123,3605.2286596351855,3605.7149150119626,644.9183557446245
2026-07-28 00:16:20.889982,3605.7149150119626,3607.176043661418,3604.0360717316657,3604.1799945293546,589.697090839288
2026-07-28 00:21:20.889982,3604.1799945293546,3607.713102284482,3603.4240574433284,3604.7023926268025,468.29246151670867
2026-07-28 00:26:20.889982,3604.7023926268025,3610.194706944334,3601.566128531735,3609.00983757889,316.396187672207
2026-07-28 00:31:20.889982,3609.00983757889,3611.703119135689,3600.0681056472304,3600.8568314280938,518.4753583279848
2026-07-28 00:36:20.889982,3600.8568314280938,3609.5112165342857,3598.2797926196304,3609.251713434301,187.07557453283914
2026-07-28 00:41:20.889982,3609.251713434301,3616.193156001294,3606.4867378848558,3614.780851902277,528.6853133714986
2026-07-28 00:46:20.889982,3614.780851902277,3621.950884350521,3613.530129005153,3620.338766423605,674.3048772175869
2026-07-28 00:51:20.889982,3620.338766423605,3625.5125030583117,3617.6287293088267,3623.8773899812536,249.76017267326444
2026-07-28 00:56:20.889982,3623.8773899812536,3627.6519805297057,3623.697039762774,3624.381989572542,193.49634463406727
2026-07-28 01:01:20.889982,3624.381989572542,3631.5279582553053,3624.2629814347506,3629.6256295725134,815.8875783389719
2026-07-28 01:06:20.889982,3629.6256295725134,3635.9900462340192,3626.4123843266025,3634.287711180738,377.64807209908304
2026-07-28 01:11:20.889982,3634.287711180738,3635.601834242472,3628.691707047329,3632.078440118215,727.1895691887644
2026-07-28 01:16:20.889982,3632.078440118215,3634.3688595522526,3624.8875312747114,3628.2769055347776,469.2004669604337
2026-07-28 01:21:20.889982,3628.2769055347776,3632.127070938058,3627.9016141084057,3629.3790262683956,467.6090366117345
2026-07-28 01:26:20.889982,3629.3790262683956,3641.846129308446,3627.9484322877556,3641.004506137551,587.6825398993291
2026-07-28 01:31:20.889982,3641.004506137551,3641.623866061482,3630.5580111301338,3632.3557061217703,323.2002286507119
2026-07-28 01:36:20.889982,3632.3557061217703,3634.067882931817,3618.6087378844663,3622.072377911765,526.4994286991291
2026-07-28 01:41:20.889982,3622.072377911765,3625.2001394024346,3619.2267807646067,3623.628470697437,423.70211703518146
2026-07-28 01:46:20.889982,3623.628470697437,3627.7735261880593,3620.450589001036,3624.3597035649373,235.9013113189937
2026-07-28 01:51:20.889982,3624.3597035649373,3626.735630678477,3622.561912804441,3625.9790062527127,567.4964149452799
2026-07-28 01:56:20.889982,3625.9790062527127,3629.3730079127827,3624.529127018677,3628.1113692550925,447.33843862441677
2026-07-28 02:01:20.889982,3628.1113692550925,3629.4204166034997,3623.8577079091215,3626.854792771095,468.59503431105844
2026-07-28 02:06:20.889982,3626.854792771095,3639.6866332248846,3624.9554294722466,3638.041732473468,257.9678113171684
2026-07-28 02:11:20.889982,3638.041732473468,3641.6159169583634,3626.5571774779173,3626.7747087853527,818.2800735525609
2026-07-28 02:16:20.889982,3626.7747087853527,3628.5444212123043,3618.3292561332687,3621.132235932893,675.3428372772232
2026-07-28 02:21:20.889982,3621.132235932893,3621.6796133725347,3618.5323704898306,3620.7465714143436,692.8311768343957
2026-07-28 02:26:20.889982,3620.7465714143436,3621.6136126938177,3606.0972076830562,3609.227866780266,438.9110595116636
2026-07-28 02:31:20.889982,3609.227866780266,3610.4084440078427,3607.132142877778,3608.3195066589174,154.16342209931594
2026-07-28 02:36:20.889982,3608.3195066589174,3622.857607270898,3607.657153036849,3620.6917316410304,890.5834764979022
2026-07-28 02:41:20.889982,3620.6917316410304,3622.2367244617,3619.1832361461647,3621.2050842740523,487.78049839882635
2026-07-28 02:46:20.889982,3621.2050842740523,3624.519920484284,3619.304396223591,3623.2386061259667,350.2400407959892
2026-07-28 02:51:20.889982,3623.2386061259667,3625.41124544574,3612.4315705794656,3614.4797786322542,583.3603148966228
2026-07-28 02:56:20.889982,3614.4797786322542,3616.8442567677707,3609.2767977136614,3610.3878928424506,733.4241576006596
2026-07-28 03:01:20.889982,3610.3878928424506,3610.844340562309,3605.2954617330765,3608.040486144724,495.3898887829068
2026-07-28 03:06:20.889982,3608.040486144724,3611.1101362100735,3605.1823568976884,3606.1091494231646,755.7150335878748
2026-07-28 03:11:20.889982,3606.1091494231646,3617.1979887712164,3604.3112544082514,3615.726055778238,716.5999877033737
2026-07-28 03:16:20.889982,3615.726055778238,3622.0539250415227,3613.3415199831065,3620.1232161562734,284.7237625195883
2026-07-28 03:21:20.889982,3620.1232161562734,3620.27382498721,3609.8398536255513,3612.4461507359183,365.24197886810475
2026-07-28 03:26:20.889982,3612.4461507359183,3614.8130008497624,3610.754483502195,3614.589001129546,691.5074326559535
2026-07-28 03:31:20.889982,3614.589001129546,3621.5493402390703,3612.9580432210287,3618.5543672368203,50.0
2026-07-28 03:36:20.889982,3618.5543672368203,3627.7186394506475,3614.9899687150983,3627.1778644141045,470.10886136700225
2026-07-28 03:41:20.889982,3627.1778644141045,3642.261827100126,3624.38017267715,3639.0256944539333,213.83375967506566
2026-07-28 03:46:20.889982,3639.0256944539333,3640.5231957504498,3631.3407345617593,3632.0084637978543,404.6892397132951
2026-07-28 03:51:20.889982,3632.0084637978543,3635.4276771766804,3624.5552212013445,3626.4857849942846,440.2359821941592
2026-07-28 03:56:20.889982,3626.4857849942846,3629.5768399551416,3616.500215167645,3617.737825209796,428.35112441849844
2026-07-28 04:01:20.889982,3617.737825209796,3618.9508104368456,3612.842483889244,3616.4065989871224,389.54774957747827
2026-07-28 04:06:20.889982,3616.4065989871224,3622.0323621616244,3615.8977871278253,3620.143251772564,280.5712700742372
2026-07-28 04:11:20.889982,3620.143251772564,3628.4585526713236,3618.39854444179,3627.661647267086,958.3822533637372
2026-07-28 04:16:20.889982,3627.661647267086,3627.81571736019,3625.795539372532,3627.4733690867893,873.4924008322702
2026-07-28 04:21:20.889982,3627.4733690867893,3628.9930658346575,3622.6906716414296,3625.516167871554,267.5868359487434
2026-07-28 04:26:20.889982,3625.516167871554,3628.266783999017,3621.95392145087,3626.979416799656,816.4233502607135
2026-07-28 04:31:20.889982,3626.979416799656,3627.6350655761366,3619.148358590315,3621.2884918714394,420.1069019054294
2026-07-28 04:36:20.889982,3621.2884918714394,3637.1436868912974,3618.630958671603,3636.817466921167,525.8374946663421
2026-07-28 04:41:20.889982,3636.817466921167,3640.435204509195,3622.5354476020852,3625.5052390247415,487.34520802061684
2026-07-28 04:46:20.889982,3625.5052390247415,3629.2233972247595,3623.747806693917,3627.2077450379143,368.05027174920684
2026-07-28 04:51:20.889982,3627.2077450379143,3645.3231965421965,3623.812772588697,3642.281782126744,696.7704687212293
2026-07-28 04:56:20.889982,3642.281782126744,3646.2989459344644,3640.8374745222873,3642.6955677073925,525.1773061153316
2026-07-28 05:01:20.889982,3642.6955677073925,3646.30517840079,3641.1076386152563,3641.675471423149,404.68971535615174
2026-07-28 05:06:20.889982,3641.675471423149,3642.598817422945,3639.1129582424346,3639.436926813873,239.0821112399055
2026-07-28 05:11:20.889982,3639.436926813873,3640.4259020052045,3635.6938144305423,3638.487945955351,321.2809972561759
2026-07-28 05:16:20.889982,3638.487945955351,3651.96892499068,3635.653954454952,3648.8567262093925,171.72397687958062
2026-07-28 05:21:20.889982,3648.8567262093925,3651.15939481874,3631.2468362878913,3633.114135289603,502.4447096830339
2026-07-28 05:26:20.889982,3633.114135289603,3647.220934159017,3631.694192397215,3644.6379636015818,260.66688154312084
2026-07-28 05:31:20.889982,3644.6379636015818,3647.704227958553,3632.1752187278753,3634.6365586005654,446.88789749629177
2026-07-28 05:36:20.889982,3634.6365586005654,3637.1728250684764,3631.114906117147,3633.0619948054323,774.0203707220742
2026-07-28 05:41:20.889982,3633.0619948054323,3636.2780865846703,3629.3925116677065,3630.307402620951,739.8599145843172
2026-07-28 05:46:20.889982,3630.307402620951,3636.332105110952,3627.484321043657,3634.9466537237927,493.54462117947645
2026-07-28 05:51:20.889982,3634.9466537237927,3636.737769674904,3620.487107419568,3623.7093605635578,482.58305477137003
2026-07-28 05:56:20.889982,3623.7093605635578,3628.6797290566924,3622.3710153736674,3627.4231921304468,875.9749098842017
2026-07-28 06:01:20.889982,3627.4231921304468,3645.740471879238,3625.738724461281,3642.5032488790025,604.1512240717423
2026-07-28 06:06:20.889982,3642.5032488790025,3644.3832343537865,3631.7404054735725,3632.9493191866513,434.4387080246954
2026-07-28 06:11:20.889982,3632.9493191866513,3635.6970273261436,3630.5662907641895,3634.691417461836,214.79637657590962
2026-07-28 06:16:20.889982,3634.691417461836,3635.127001285803,3627.0534306915915,3630.245406158006,578.7746436329487
2026-07-28 06:21:20.889982,3630.245406158006,3636.5336178137723,3629.5529431499554,3633.702225641482,665.8647545165725
2026-07-28 06:26:20.889982,3633.702225641482,3636.7269958651277,3631.5124370541616,3634.2047852569485,373.6696950972712
2026-07-28 06:31:20.889982,3634.2047852569485,3634.875423421383,3628.9164544108153,3629.908158046234,558.2405510276064
2026-07-28 06:36:20.889982,3629.908158046234,3635.301294440311,3627.369971137112,3633.815113101988,427.28534101699415
2026-07-28 06:41:20.889982,3633.815113101988,3649.646477572918,3631.881070068781,3647.316850920862,463.19352016019945
2026-07-28 06:46:20.889982,3647.316850920862,3650.1194876431873,3643.5254940267046,3646.289154186179,50.0
2026-07-28 06:51:20.889982,3646.289154186179,3654.163361695947,3643.419560780681,3651.9069975277407,455.6437192567729
2026-07-28 06:56:20.889982,3651.9069975277407,3653.127696285114,3639.6273944989002,3642.8376434539496,693.8738604816108
2026-07-28 07:01:20.889982,3642.8376434539496,3645.077661061848,3633.249314040396,3636.23962483534,373.71948888668834
2026-07-28 07:06:20.889982,3636.23962483534,3642.0292772917232,3635.4453310333324,3640.040799062611,510.5052736430633
2026-07-28 07:11:20.889982,3640.040799062611,3653.2069024308444,3638.6899374654563,3651.2264402275664,348.8098586616159
2026-07-28 07:16:20.889982,3651.2264402275664,3656.7384080687234,3649.4892093550884,3654.189614335228,572.0883352585546
2026-07-28 07:21:20.889982,3654.189614335228,3657.244929063407,3649.7910898748537,3652.267592136726,456.6953604927653
2026-07-28 07:26:20.889982,3652.267592136726,3655.1280466209773,3651.4744827497566,3652.627660689916,312.15169186359867
2026-07-28 07:31:20.889982,3652.627660689916,3656.22275861203,3640.801939887929,3643.868894001846,766.5102935330256
2026-07-28 07:36:20.889982,3643.868894001846,3651.5207497608058,3642.6656330145593,3648.6419534375304,685.786402706443
2026-07-28 07:41:20.889982,3648.6419534375304,3657.409775249921,3648.141712993572,3655.451799560619,379.01864721436505
2026-07-28 07:46:20.889982,3655.451799560619,3657.4201725385306,3651.9804751660613,3652.5133375846517,599.5576618835555
2026-07-28 07:51:20.889982,3652.5133375846517,3654.5333156860124,3647.0787313901515,3649.4462069950773,607.4824005640761
2026-07-28 07:56:20.889982,3649.4462069950773,3653.177395736796,3647.626794279834,3651.7524966392125,628.4602470022352
2026-07-28 08:01:20.889982,3651.7524966392125,3654.9501660838437,3648.533039862923,3648.9291790894026,161.14882080098442
2026-07-28 08:06:20.889982,3648.9291790894026,3651.8181563447138,3648.1883962918655,3648.8114474522454,701.3213082065256
2026-07-28 08:11:20.889982,3648.8114474522454,3664.6675969322428,3648.1343207173927,3664.5330793149806,386.0602074148537
2026-07-28 08:16:20.889982,3664.5330793149806,3667.3366053917316,3661.605336385444,3663.0893493898443,428.43441331174665
2026-07-28 08:21:20.889982,3663.0893493898443,3666.285470002228,3658.9102250392216,3660.831090719517,1027.57635045204
2026-07-28 08:26:20.889982,3660.831090719517,3660.912545499628,3653.8380709666185,3656.458704683212,560.3746761442023
2026-07-28 08:31:20.889982,3656.458704683212,3662.6748827818255,3653.572370651141,3662.2711799771305,422.7355049105649
2026-07-28 08:36:20.889982,3662.2711799771305,3662.886817100563,3660.0453627194343,3661.3101490777462,58.94112544881881
2026-07-28 08:41:20.889982,3661.3101490777462,3664.097399889237,3653.4342461278447,3656.923797487309,777.9528267892711
2026-07-28 08:46:20.889982,3656.923797487309,3668.329108340112,3653.8907440844223,3666.967072273566,230.95806583827948
2026-07-28 08:51:20.889982,3666.967072273566,3678.4625871303524,3664.007170634828,3677.7608987965928,299.3122193000993
2026-07-28 08:56:20.889982,3677.7608987965928,3680.179004738917,3673.006389304947,3673.7144739171463,433.7295401824301
2026-07-28 09:01:20.889982,3673.7144739171463,3674.825787094707,3659.9094584535856,3660.391791532569,783.2823583400585
2026-07-28 09:06:20.889982,3660.391791532569,3669.5465905634064,3659.6463577182444,3668.141813257024,654.6479973331518
2026-07-28 09:11:20.889982,3668.141813257024,3670.504089078388,3659.845583880317,3663.4889423327227,468.432498031948
2026-07-28 09:16:20.889982,3663.4889423327227,3669.697437494842,3661.507288578056,3669.6533680290827,561.6584127277642
2026-07-28 09:21:20.889982,3669.6533680290827,3671.7585255909044,3652.2461902602336,3655.588161088554,379.9228614257788
2026-07-28 09:26:20.889982,3655.588161088554,3664.3393939524385,3653.600612615733,3662.4861564187804,527.9307379130702
2026-07-28 09:31:20.889982,3662.4861564187804,3664.213578274282,3653.0078991868104,3653.9904729538143,514.6673489556273
2026-07-28 09:36:20.889982,3653.9904729538143,3659.9057893304785,3652.49724167632,3659.7007394700954,693.7539791362707
2026-07-28 09:41:20.889982,3659.7007394700954,3660.363703884747,3657.686101772518,3660.1712100958157,693.4356244877899
2026-07-28 09:46:20.889982,3660.1712100958157,3661.2959574418564,3651.6104935024428,3653.560041914926,598.7954764411289
2026-07-28 09:51:20.889982,3653.560041914926,3654.0507039377903,3647.5470786548326,3650.9520659550203,427.53048849077953
2026-07-28 09:56:20.889982,3650.9520659550203,3659.603220660809,3650.258397807224,3656.332553518204,648.3644588780253
2026-07-28 10:01:20.889982,3656.332553518204,3658.7288732868433,3654.0894199251334,3657.472735184641,481.6063067593907
2026-07-28 10:06:20.889982,3657.472735184641,3662.466790932904,3656.1759130461346,3662.1163769060854,283.6171262573734
2026-07-28 10:11:20.889982,3662.1163769060854,3677.911953782016,3658.7636481005206,3676.988616761854,419.34244161781226
2026-07-28 10:16:20.889982,3676.988616761854,3680.1232886671573,3663.744172237595,3665.8697635517224,516.9053967568649
2026-07-28 10:21:20.889982,3665.8697635517224,3680.0276268525104,3662.4578440033406,3678.113733844508,682.043156732949
2026-07-28 10:26:20.889982,3678.113733844508,3682.6800208661275,3674.5484273978227,3679.249386517631,463.2943655685694
2026-07-28 10:31:20.889982,3679.249386517631,3679.7106867000684,3672.419178187068,3673.0089084563238,258.1602577520788
2026-07-28 10:36:20.889982,3673.0089084563238,3675.4945683792544,3661.6321252263087,3663.6157330932556,511.3483366593639
2026-07-28 10:41:20.889982,3663.6157330932556,3663.683385072948,3662.369518039619,3662.5965075899917,522.6912080113104
2026-07-28 10:46:20.889982,3662.5965075899917,3672.979959614828,3659.414184448702,3669.7209524286122,537.1675257805506
2026-07-28 10:51:20.889982,3669.7209524286122,3671.0320370167547,3665.882429299857,3669.151829300967,683.9743031908861
2026-07-28 10:56:20.889982,3669.151829300967,3682.811057705899,3666.194839121964,3680.625961814188,703.7846480179796
2026-07-28 11:01:20.889982,3680.625961814188,3682.1991757115866,3669.9097845479973,3670.3259933764566,381.1578255236667
2026-07-28 11:06:20.889982,3670.3259933764566,3672.1963361867124,3668.647554041103,3670.6042957673735,376.7713083902113
2026-07-28 11:11:20.889982,3670.6042957673735,3672.6265938920124,3661.401258234041,3661.787879732464,291.96025780890534
2026-07-28 11:16:20.889982,3661.787879732464,3668.4517052943665,3660.8939024810365,3664.818397507339,639.7631340560953
2026-07-28 11:21:20.889982,3664.818397507339,3672.420902709781,3662.8877604784548,3671.691879462066,789.7640216675431
2026-07-28 11:26:20.889982,3671.691879462066,3673.6643423719306,3667.3565533324604,3668.9702425316186,436.9836144182153
2026-07-28 11:31:20.889982,3668.9702425316186,3671.80229184693,3648.3894338058835,3650.275364636894,451.71388705500135
2026-07-28 11:36:20.889982,3650.275364636894,3654.3199404115694,3647.6334910359956,3652.093275739586,793.3565113797952
2026-07-28 11:41:20.889982,3652.093275739586,3655.7417189704443,3650.009229957673,3655.6502359520077,2126.596149840325
2026-07-28 11:46:20.889982,3655.6502359520077,3662.2084746999135,3655.586668789829,3658.973230798869,2077.546947956529
2026-07-28 11:51:20.889982,3658.973230798869,3669.880992560093,3655.5841893529346,3668.394624708482,926.2479892835528
2026-07-28 11:56:20.889982,3668.394624708482,3669.6901344195076,3659.2316474142813,3660.9110128186935,2249.123525034806
2026-07-28 12:01:20.889982,3660.9110128186935,3669.8600185461873,3660.181305908344,3666.2614311937486,1111.4717378082212
2026-07-28 12:06:20.889982,3666.2614311937486,3675.623313293717,3663.110563295777,3675.38347544992,966.5052396988461
2026-07-28 12:11:20.889982,3675.38347544992,3678.5754186140125,3660.969890879553,3662.698969878338,1523.5265791595107
2026-07-28 12:16:20.889982,3662.698969878338,3667.2925968068575,3659.637662749321,3665.4078178095547,1354.4060780450202
2026-07-28 12:21:20.889982,3665.4078178095547,3668.114939567866,3661.108824130347,3662.079820940908,455.68006112299213
2026-07-28 12:26:20.889982,3662.079820940908,3662.1416857556233,3660.092361591454,3661.8489511284833,211.80367309501628
2026-07-28 12:31:20.889982,3661.8489511284833,3667.9102818270667,3658.568539857261,3664.762572081692,691.7632612935345
2026-07-28 12:36:20.889982,3664.762572081692,3668.2669140591806,3658.338722147289,3661.5592950955943,725.5372589032858
2026-07-28 12:41:20.889982,3661.5592950955943,3663.683158967056,3655.3541127159315,3656.9800265120134,110.53150517183713
2026-07-28 12:46:20.889982,3656.9800265120134,3660.4296530923357,3654.274513571957,3657.5955657295463,695.6915611333101
2026-07-28 12:51:20.889982,3657.5955657295463,3659.563876753139,3649.697031970806,3650.0157782585184,337.8942740356747
2026-07-28 12:56:20.889982,3650.0157782585184,3653.3959897862414,3640.8025342222177,3642.462049174575,671.3951073965573
2026-07-28 13:01:20.889982,3642.462049174575,3649.10471700741,3640.168873830275,3647.779355538566,486.31070146671686
2026-07-28 13:06:20.889982,3647.779355538566,3650.2373677422893,3639.0049850279024,3639.771840975543,505.7551128161997
2026-07-28 13:11:20.889982,3639.771840975543,3648.0406397852507,3638.716536106376,3644.990006060235,462.98047011575625
2026-07-28 13:16:20.889982,3644.990006060235,3649.4098614340546,3643.508682658116,3648.7287024352877,742.4258408466972
2026-07-28 13:21:20.889982,3648.7287024352877,3651.394317971312,3633.0091369735746,3636.5200449920726,252.08239749499435
2026-07-28 13:26:20.889982,3636.5200449920726,3639.463012531996,3628.543298931434,3631.9586053137064,621.5680677470017
2026-07-28 13:31:20.889982,3631.9586053137064,3641.518912212053,3631.7000941265746,3641.0069655000207,720.2660329779101
2026-07-28 13:36:20.889982,3641.0069655000207,3643.0375724228156,3633.1775066707914,3634.2325152227572,643.2680161080821
2026-07-28 13:41:20.889982,3634.2325152227572,3637.241859529914,3628.7815432814346,3631.2216802089083,964.9397828646836
2026-07-28 13:46:20.889982,3631.2216802089083,3638.4709393128383,3630.296472682825,3634.942398352292,394.2106474550602
2026-07-28 13:51:20.889982,3634.942398352292,3642.774846301124,3633.120418089128,3641.0061033758334,691.4609645187063
2026-07-28 13:56:20.889982,3641.0061033758334,3641.8769475456947,3637.3911226705463,3639.538790487994,478.78187293171595
2026-07-28 14:01:20.889982,3639.538790487994,3641.1521470296093,3633.931521482824,3635.5556025384776,746.6812152705339
2026-07-28 14:06:20.889982,3635.5556025384776,3647.599784216983,3635.4940549364196,3646.277145867513,498.4622008557261
2026-07-28 14:11:20.889982,3646.277145867513,3661.256686200276,3645.054739345997,3659.3461590004395,422.4248436275061
2026-07-28 14:16:20.889982,3659.3461590004395,3666.8886468294118,3658.219286376618,3666.883807023206,761.2144407743258
2026-07-28 14:21:20.889982,3666.883807023206,3668.8983074041544,3665.441078361247,3667.8763331354735,401.687612196214
2026-07-28 14:26:20.889982,3667.8763331354735,3668.3599499277634,3660.458799370321,3662.3180990298665,217.4548482198888
2026-07-28 14:31:20.889982,3662.3180990298665,3664.8540358653922,3654.301746359197,3656.606086746782,396.63062336523427
2026-07-28 14:36:20.889982,3656.606086746782,3663.7377842714654,3654.9532704896683,3660.7954018551854,623.8065893177065
2026-07-28 14:41:20.889982,3660.7954018551854,3666.128498434996,3657.8286861564343,3664.226428797715,778.4077503174183
2026-07-28 14:46:20.889982,3664.226428797715,3676.4516080916396,3661.655609917386,3674.8798576738927,522.2258750593024
2026-07-28 14:51:20.889982,3674.8798576738927,3681.630955698753,3673.344727346861,3680.031605246156,763.6394134468051
2026-07-28 14:56:20.889982,3680.031605246156,3682.8291859709084,3668.710829431499,3669.352367681223,228.36501570448127
2026-07-28 15:01:20.889982,3669.352367681223,3678.6932860942097,3668.5298006067733,3677.448153736812,411.3473070364194
2026-07-28 15:06:20.889982,3677.448153736812,3678.7687619335666,3669.6362860642375,3670.481872673652,442.2849765691798
2026-07-28 15:11:20.889982,3670.481872673652,3672.6085705394808,3665.1033050161905,3668.031020279674,477.0881145054961
2026-07-28 15:16:20.889982,3668.031020279674,3673.121022854416,3666.694019434787,3670.2339688767715,516.8188776500393
2026-07-28 15:21:20.889982,3670.2339688767715,3688.924745319945,3668.0543844148624,3685.280885495768,638.1821914784385
2026-07-28 15:26:20.889982,3685.280885495768,3710.126245311538,3682.2016885608987,3708.6450113748065,411.03863236590195
2026-07-28 15:31:20.889982,3708.6450113748065,3716.229718382325,3705.8662151347476,3713.5193171373,527.8057373906252
2026-07-28 15:36:20.889982,3713.5193171373,3714.2476844013872,3710.7915243270536,3712.5301924580212,490.9754219351897
2026-07-28 15:41:20.889982,3712.5301924580212,3720.0760253993444,3710.658936136553,3716.8727199306136,314.82201922177
2026-07-28 15:46:20.889982,3716.8727199306136,3726.394626688223,3714.6874450771716,3723.849551496166,477.2666621837129
2026-07-28 15:51:20.889982,3723.849551496166,3726.986361442311,3720.775157712772,3721.8342459912647,471.26809402057637
2026-07-28 15:56:20.889982,3721.8342459912647,3737.744505501748,3721.3755869835722,3735.594763067401,466.9838869993908
2026-07-28 16:01:20.889982,3735.594763067401,3740.2676033438756,3732.8604278437165,3737.6878109368286,506.35189131629016
2026-07-28 16:06:20.889982,3737.6878109368286,3741.9449279025325,3735.161915289335,3741.7846398720944,515.1347081226772
2026-07-28 16:11:20.889982,3741.7846398720944,3748.7000507407597,3741.320296087211,3747.1461461277404,413.54096417853395
2026-07-28 16:16:20.889982,3747.1461461277404,3752.256960927774,3746.4183269537807,3750.682021238039,754.5429467942529
2026-07-28 16:21:20.889982,3750.682021238039,3758.917623942907,3749.2404877558147,3757.3562187506222,266.1038741593967
2026-07-28 16:26:20.889982,3757.3562187506222,3760.1306191595377,3750.190186085389,3753.095891315736,355.80597830602073
2026-07-28 16:31:20.889982,3753.095891315736,3755.374128064417,3749.1973602114144,3749.2824195899652,1055.9927248447111
2026-07-28 16:36:20.889982,3749.2824195899652,3752.773085053133,3738.848549595902,3741.416033792977,292.401729002154
2026-07-28 16:41:20.889982,3741.416033792977,3745.208747575055,3738.35243925486,3745.0806828561135,229.24906505804825
2026-07-28 16:46:20.889982,3745.0806828561135,3752.0459579971352,3742.91145276795,3751.2947006322256,646.8953490002435
2026-07-28 16:51:20.889982,3751.2947006322256,3756.858508666002,3749.719761632857,3755.1062470283237,84.57602924522519
2026-07-28 16:56:20.889982,3755.1062470283237,3771.432424169192,3753.463908910169,3768.079911773162,452.94521800551223
2026-07-28 17:01:20.889982,3768.079911773162,3768.6984900014895,3764.5129014014374,3768.414562131656,929.1649850152977
2026-07-28 17:06:20.889982,3768.414562131656,3777.3094390138003,3765.835336017438,3773.835490487904,191.0128155693199
2026-07-28 17:11:20.889982,3773.835490487904,3775.601239916303,3765.631552579491,3765.9812596143743,103.60710285225736
2026-07-28 17:16:20.889982,3765.9812596143743,3768.959202210012,3763.1590361657336,3763.443093001447,200.16375960846034
2026-07-28 17:21:20.889982,3763.443093001447,3769.317417723018,3761.4206794913275,3769.058856573329,679.6719136693971
2026-07-28 17:26:20.889982,3769.058856573329,3776.4471104861514,3769.029720740746,3775.8424914727775,724.9553439971626
2026-07-28 17:31:20.889982,3775.8424914727775,3777.440101144244,3773.482721428399,3774.000579339991,397.4822406042982
2026-07-28 17:36:20.889982,3774.000579339991,3774.606364610253,3773.547303426657,3773.8375516832407,636.6424808002138
2026-07-28 17:41:20.889982,3773.8375516832407,3774.611542192659,3760.0825584553386,3762.774764271229,778.0510655023979
2026-07-28 17:46:20.889982,3762.774764271229,3765.818575528958,3758.763173190115,3760.4649100791175,857.4692828859651
2026-07-28 17:51:20.889982,3760.4649100791175,3769.4525847909135,3760.342111967389,3767.5441209399496,450.7329437640304
2026-07-28 17:56:20.889982,3767.5441209399496,3772.5195212831945,3766.5737231694347,3772.258042458763,50.0
2026-07-28 18:01:20.889982,3772.258042458763,3778.4688235015205,3769.468264690138,3776.414837435482,335.82421551806266
2026-07-28 18:06:20.889982,3776.414837435482,3779.453684790015,3774.933999985738,3777.168486292618,414.6391610129485
2026-07-28 18:11:20.889982,3777.168486292618,3778.046566190113,3774.2193742348613,3777.5995852210144,448.2122406843219
2026-07-28 18:16:20.889982,3777.5995852210144,3778.973823258644,3770.214175166703,3772.991300560089,462.4281197982561
2026-07-28 18:21:20.889982,3772.991300560089,3780.5845458093777,3770.204335057946,3778.64618026782,723.7789195861338
2026-07-28 18:26:20.889982,3778.64618026782,3785.6386944085966,3775.1659356050695,3782.207137353624,754.8856853375163
2026-07-28 18:31:20.889982,3782.207137353624,3788.3354954143833,3780.2725067655915,3786.309415574929,465.66526921504334
2026-07-28 18:36:20.889982,3786.309415574929,3787.315356450378,3779.1664447226126,3782.7063006414774,719.6969752103637
2026-07-28 18:41:20.889982,3782.7063006414774,3784.438474360428,3766.3464523686107,3766.827066502207,571.5322733262178
2026-07-28 18:46:20.889982,3766.827066502207,3777.1129082612497,3766.3484788803235,3775.4792398391005,512.9011945725143
2026-07-28 18:51:20.889982,3775.4792398391005,3777.3765377803743,3770.1252269022857,3772.2424942504085,681.3088314219927
2026-07-28 18:56:20.889982,3772.2424942504085,3773.516590886593,3765.8456564315184,3766.1155009204263,514.4504096475831
2026-07-28 19:01:20.889982,3766.1155009204263,3775.278352309693,3763.202963772051,3771.7197214171183,911.5622354195525
2026-07-28 19:06:20.889982,3771.7197214171183,3774.883745732383,3767.7578733752994,3769.1406519541206,212.31776664108816
2026-07-28 19:11:20.889982,3769.1406519541206,3780.3910104923675,3767.3112132435817,3777.5169583740117,396.9658201815964
2026-07-28 19:16:20.889982,3777.5169583740117,3783.3201839264875,3777.0469469577265,3782.5595736523137,474.69622060920994
2026-07-28 19:21:20.889982,3782.5595736523137,3789.420277696471,3782.039274596177,3788.113185948569,587.8905380915982
2026-07-28 19:26:20.889982,3788.113185948569,3791.8947418204507,3777.9704724382614,3778.1563161323907,753.5920974206178
2026-07-28 19:31:20.889982,3778.1563161323907,3789.374924365363,3776.448236135289,3787.7040029881405,495.1202865527687
2026-07-28 19:36:20.889982,3787.7040029881405,3791.2020006135217,3785.539892375599,3790.06258678861,215.55407009875853
2026-07-28 19:41:20.889982,3790.06258678861,3790.631009096725,3784.674018248931,3787.643198645597,668.5027792910008
2026-07-28 19:46:20.889982,3787.643198645597,3790.368135477128,3785.4034039072767,3789.108455017065,650.9917532283929
2026-07-28 19:51:20.889982,3789.108455017065,3791.8200896971885,3772.692159456282,3776.0492262568955,111.62826812411879
2026-07-28 19:56:20.889982,3776.0492262568955,3782.6734774322563,3773.752221422,3779.5146066081656,499.2391732658401
2026-07-28 20:01:20.889982,3779.5146066081656,3780.9825443065333,3770.220606645461,3772.118754418762,181.97163386394044
2026-07-28 20:06:20.889982,3772.118754418762,3775.018513350041,3759.002298459041,3762.3038914687536,367.0697804995875
2026-07-28 20:11:20.889982,3762.3038914687536,3762.694350620997,3749.7975735427503,3751.2412622346437,319.43821460744005
2026-07-28 20:16:20.889982,3751.2412622346437,3762.8926400925507,3749.622032331885,3759.974461503367,661.8529396483972
2026-07-28 20:21:20.889982,3759.974461503367,3761.2236294116583,3754.076180546552,3755.6209526850566,523.3660348344367
2026-07-28 20:26:20.889982,3755.6209526850566,3769.8068132105295,3751.8660635371457,3767.5355741813037,242.88179984879446
2026-07-28 20:31:20.889982,3767.5355741813037,3769.3929406957573,3763.092055799392,3763.876803317292,676.0131925914684
2026-07-28 20:36:20.889982,3763.876803317292,3764.4897377644843,3751.262403903162,3751.4212756468633,213.23883521431713
2026-07-28 20:41:20.889982,3751.4212756468633,3753.5176345111336,3741.3892725956434,3743.4278389232236,566.0227580941887
2026-07-28 20:46:20.889982,3743.4278389232236,3753.8371703334656,3740.824923465887,3753.0669136733027,337.19786614168885
2026-07-28 20:51:20.889982,3753.0669136733027,3755.8483379907334,3751.2999049783525,3752.2721119486637,426.864583493896
2026-07-28 20:56:20.889982,3752.2721119486637,3753.563267896961,3744.8217382920147,3748.5345555821336,600.8541496076768
2026-07-28 21:01:20.889982,3748.5345555821336,3751.512940162165,3745.6826642256115,3750.1094074603993,604.2898798119058
2026-07-28 21:06:20.889982,3750.1094074603993,3755.9498276240524,3747.134277558078,3754.250183108229,767.3938147111921
2026-07-28 21:11:20.889982,3754.250183108229,3765.9196925655788,3751.7432599283557,3763.0258382478264,483.54926006570935
2026-07-28 21:16:20.889982,3763.0258382478264,3777.5467450007523,3759.4915347838414,3774.32053753329,561.2901725926681
2026-07-28 21:21:20.889982,3774.32053753329,3776.509580491099,3771.0872007380854,3771.9829294023934,412.4525355191351
2026-07-28 21:26:20.889982,3771.9829294023934,3773.48655104088,3759.515716889594,3762.368742603454,536.3979765245596
2026-07-28 21:31:20.889982,3762.368742603454,3764.8176062829602,3758.9662996967522,3759.634756510072,587.8972096017023
2026-07-28 21:36:20.889982,3759.634756510072,3762.161324866562,3757.0670703656297,3761.96856332357,480.3380305091248
2026-07-28 21:41:20.889982,3761.96856332357,3762.913114718878,3753.223465319658,3755.099776940429,139.24990318150077
2026-07-28 21:46:20.889982,3755.099776940429,3757.903885579322,3746.184029128278,3748.2930691224374,566.2941792661791
2026-07-28 21:51:20.889982,3748.2930691224374,3751.5587851956516,3747.597460007136,3751.246296689249,572.9122954710914
2026-07-28 21:56:20.889982,3751.246296689249,3752.0791636809104,3750.278984362715,3751.256407425236,363.9653047304098
2026-07-28 22:01:20.889982,3751.256407425236,3753.998968725791,3749.365902564543,3751.877644379476,243.12259278549715
2026-07-28 22:06:20.889982,3751.877644379476,3752.639875985646,3746.3119349991757,3746.565033613518,795.1758301007931
2026-07-28 22:11:20.889982,3746.565033613518,3747.207315516439,3741.5267932355664,3745.2135114279827,598.2891021788804
2026-07-28 22:16:20.889982,3745.2135114279827,3746.96831979508,3735.4281339770496,3738.6708533352507,454.1837938156581
2026-07-28 22:21:20.889982,3738.6708533352507,3748.8868306499053,3736.7584500748535,3745.707652040815,272.5934233705025
2026-07-28 22:26:20.889982,3745.707652040815,3756.499332243592,3744.985659360466,3753.8465350378337,335.63703431573083
2026-07-28 22:31:20.889982,3753.8465350378337,3756.430670623355,3739.3666775635534,3740.385500894497,760.5180793572463
2026-07-28 22:36:20.889982,3740.385500894497,3743.4977338970402,3733.49925467353,3733.8118648351046,527.5323881736092
2026-07-28 22:41:20.889982,3733.8118648351046,3736.6986191850865,3722.6532715569683,3723.025339192444,389.88258659985866
2026-07-28 22:46:20.889982,3723.025339192444,3726.306029050025,3717.4290074717505,3718.5602102886774,601.9378462449313
2026-07-28 22:51:20.889982,3718.5602102886774,3720.9936114170137,3716.4988510493567,3718.3115363959696,337.1203625107353
2026-07-28 22:56:20.889982,3718.3115363959696,3719.6735656068167,3705.5242122310365,3707.917457271951,800.1686060560756
2026-07-28 23:01:20.889982,3707.917457271951,3711.4307942727037,3701.3047644065455,3701.457522623422,770.560106979345
2026-07-28 23:06:20.889982,3701.457522623422,3704.858617439014,3692.1519972678907,3694.402189868009,406.68518575944466
2026-07-28 23:11:20.889982,3694.402189868009,3699.2876556987303,3692.9840013994058,3696.303576961066,374.26595059382794
2026-07-28 23:16:20.889982,3696.303576961066,3698.9304392788868,3693.092040819338,3697.185948062625,50.0
2026-07-28 23:21:20.889982,3697.185948062625,3698.7197181471884,3690.248123930377,3692.2222058553007,203.6838456897264
2026-07-28 23:26:20.889982,3692.2222058553007,3693.972129923763,3691.636626776341,3693.8975319472243,232.10604500844875
2026-07-28 23:31:20.889982,3693.8975319472243,3696.267856155316,3687.584173512451,3690.229983169997,527.0380681974772
2026-07-28 23:36:20.889982,3690.229983169997,3692.379914615142,3688.065816456179,3688.5944290576135,434.7532591117281
2026-07-28 23:41:20.889982,3688.5944290576135,3702.979190924329,3687.2846284806187,3701.330598182937,230.93290251695169
2026-07-28 23:46:20.889982,3701.330598182937,3713.4777512011106,3698.109222696855,3711.6380357037624,443.76719150708857
2026-07-28 23:51:20.889982,3711.6380357037624,3714.5177525299237,3702.062670141899,3702.373630657094,601.0674295294697
2026-07-28 23:56:20.889982,3702.373630657094,3712.195623032063,3700.6269723968667,3708.8935609811547,605.5678699831174
2026-07-29 00:01:20.889982,3708.8935609811547,3718.0523870794214,3708.3741703780333,3715.2887244399885,120.06594382822374
2026-07-29 00:06:20.889982,3715.2887244399885,3717.7806411311094,3706.2608571735236,3707.1369500856704,474.34730390323386
2026-07-29 00:11:20.889982,3707.1369500856704,3715.2118690867915,3707.074437116905,3713.5839048429784,223.33184460567793
2026-07-29 00:16:20.889982,3713.5839048429784,3725.961299061025,3713.241956205765,3725.396489322735,680.3457394280548
2026-07-29 00:21:20.889982,3725.396489322735,3726.2896314229347,3717.0419363005235,3717.413744923121,656.8292832706998
2026-07-29 00:26:20.889982,3717.413744923121,3719.985860766327,3710.861836835359,3710.9696030297328,320.39455473510833
2026-07-29 00:31:20.889982,3710.9696030297328,3721.1995043295874,3710.447440546631,3718.902187830302,346.79095951992
2026-07-29 00:36:20.889982,3718.902187830302,3724.811399816447,3715.4321022403624,3721.2941759904807,407.74658990033856
2026-07-29 00:41:20.889982,3721.2941759904807,3726.6135833865847,3719.007733591799,3725.773409923357,50.0
2026-07-29 00:46:20.889982,3725.773409923357,3728.789463876054,3722.3017769459857,3728.6850408602722,567.1936346881154
2026-07-29 00:51:20.889982,3728.6850408602722,3733.924696651989,3728.523875342162,3731.972922179174,445.4310907319739
2026-07-29 00:56:20.889982,3731.972922179174,3733.251122878927,3722.171485751298,3722.4575546111714,694.0350165135718
2026-07-29 01:01:20.889982,3722.4575546111714,3732.1018954713054,3719.96378223776,3730.6359628143914,280.3181564074895
2026-07-29 01:06:20.889982,3730.6359628143914,3741.504031570663,3729.2044350696533,3739.746762308423,376.1754103500137
2026-07-29 01:11:20.889982,3739.746762308423,3740.1923794836894,3737.4895696542667,3738.40525106888,198.6949483921769
2026-07-29 01:16:20.889982,3738.40525106888,3738.82840407408,3735.386493570223,3738.4540229971585,299.1418873011494
2026-07-29 01:21:20.889982,3738.4540229971585,3738.959610876158,3725.1771116642944,3727.3963041503584,263.6036007863562
2026-07-29 01:26:20.889982,3727.3963041503584,3732.8840525789547,3726.553993154577,3731.6050807102415,699.1947357692891
2026-07-29 01:31:20.889982,3731.6050807102415,3738.6397295447114,3729.899728570674,3736.2505152581675,360.34763024972153
2026-07-29 01:36:20.889982,3736.2505152581675,3737.745558966488,3733.944429379498,3736.1594189816383,524.8351369489227
2026-07-29 01:41:20.889982,3736.1594189816383,3746.784645093537,3735.0255535973465,3744.944874906016,423.8473192276391
2026-07-29 01:46:20.889982,3744.944874906016,3747.038528610391,3740.3119609135438,3742.817772084243,246.10694679743742
2026-07-29 01:51:20.889982,3742.817772084243,3747.521347346506,3741.074099097776,3747.421316835004,466.33991536567146
2026-07-29 01:56:20.889982,3747.421316835004,3747.6374804052775,3739.463691436419,3740.1608776735034,619.820666372719
2026-07-29 02:01:20.889982,3740.1608776735034,3742.4552250590823,3736.9211917799526,3740.358721327194,258.4481214913295
2026-07-29 02:06:20.889982,3740.358721327194,3743.660731248584,3739.1670273027503,3739.4285779331176,661.8225581462757
2026-07-29 02:11:20.889982,3739.4285779331176,3743.056210222912,3737.24846682945,3741.488133515874,330.05581570446077
2026-07-29 02:16:20.889982,3741.488133515874,3742.038393818546,3736.2358589381943,3739.097884920875,403.4032147854318
2026-07-29 02:21:20.889982,3739.097884920875,3741.880653401581,3735.1115363947556,3738.488666536516,606.1366246020095
2026-07-29 02:26:20.889982,3738.488666536516,3745.0763734974607,3737.678594946146,3745.0445930037913,367.3127685561024
2026-07-29 02:31:20.889982,3745.0445930037913,3748.14244413538,3739.6394041586423,3742.1488145008725,507.51497186717313
2026-07-29 02:36:20.889982,3742.1488145008725,3745.4957544315916,3730.3037336636594,3730.5170433394164,437.0618342423815
2026-07-29 02:41:20.889982,3730.5170433394164,3746.2030057604256,3728.394205393322,3743.967991780537,525.8736013407637
2026-07-29 02:46:20.889982,3743.967991780537,3754.835932975663,3742.045381561504,3754.7019861736985,50.0
2026-07-29 02:51:20.889982,3754.7019861736985,3756.990553297187,3744.668446233226,3745.3849128018046,134.06363695838343
2026-07-29 02:56:20.889982,3745.3849128018046,3751.9552345696125,3742.9865655120284,3750.9299944379027,623.1934012093676
2026-07-29 03:01:20.889982,3750.9299944379027,3752.686558508679,3744.3179451215324,3747.533379943717,707.43628112981
2026-07-29 03:06:20.889982,3747.533379943717,3751.167616088749,3746.534063972823,3749.8837242769023,317.9026592936957
2026-07-29 03:11:20.889982,3749.8837242769023,3756.161890214487,3746.4670710818846,3752.4662140479763,451.19432956577316
2026-07-29 03:16:20.889982,3752.4662140479763,3752.5750083440375,3748.1914345285127,3751.0825011505253,558.9438505804603
2026-07-29 03:21:20.889982,3751.0825011505253,3751.496375989889,3745.478759292164,3745.5817073351395,638.6435203317408
2026-07-29 03:26:20.889982,3745.5817073351395,3746.6068562531227,3739.778816500653,3740.786381897065,94.46454566583026
2026-07-29 03:31:20.889982,3740.786381897065,3743.8512783656847,3731.6576612721624,3734.3115141514168,322.7919506043246
2026-07-29 03:36:20.889982,3734.3115141514168,3737.9771495383025,3725.8240821477216,3728.4769415901783,433.484124030025
2026-07-29 03:41:20.889982,3728.4769415901783,3730.036397776186,3725.7429999357882,3728.3488460739627,640.6280394472099
2026-07-29 03:46:20.889982,3728.3488460739627,3732.0751781338054,3720.743645106078,3723.3877787127635,999.686096744299
2026-07-29 03:51:20.889982,3723.3877787127635,3731.6833891634287,3719.8938818832326,3728.843198819514,454.39885463805643
2026-07-29 03:56:20.889982,3728.843198819514,3740.7502327575194,3726.2151687002565,3740.325140087633,218.60450757920222
2026-07-29 04:01:20.889982,3740.325140087633,3743.5074310015552,3732.7961941242866,3736.3620981534405,580.4536154402596
2026-07-29 04:06:20.889982,3736.3620981534405,3739.3140782062837,3734.4792369088195,3738.525364165637,764.1991579081421
2026-07-29 04:11:20.889982,3738.525364165637,3745.184717860906,3737.6001997820836,3742.6376476668092,521.6028241959002
2026-07-29 04:16:20.889982,3742.6376476668092,3748.79671853054,3741.673623618192,3746.547018714911,318.67029096914143
2026-07-29 04:21:20.889982,3746.547018714911,3748.7405594285515,3744.892848158791,3747.4909322678086,691.5987882960038
2026-07-29 04:26:20.889982,3747.4909322678086,3755.4230661276165,3745.8069377386228,3753.436784544964,632.709123699687
2026-07-29 04:31:20.889982,3753.436784544964,3759.287587339601,3752.31605052366,3757.4344375091246,294.78383116087514
2026-07-29 04:36:20.889982,3757.4344375091246,3758.031738427767,3748.34240945572,3748.5199017880786,576.2851235068683
2026-07-29 04:41:20.889982,3748.5199017880786,3756.153170992754,3746.3384744661753,3755.417189129605,699.4531135317745
2026-07-29 04:46:20.889982,3755.417189129605,3765.4213586512456,3754.7815937929495,3762.4636278715784,736.3780085117787
2026-07-29 04:51:20.889982,3762.4636278715784,3762.8720634568085,3754.284869680631,3757.100028515617,486.7102049381088
2026-07-29 04:56:20.889982,3757.100028515617,3758.9075811483185,3753.5251499453634,3757.7608691149408,428.3841107641362
2026-07-29 05:01:20.889982,3757.7608691149408,3765.9644385738698,3756.532998026864,3763.2762627110437,745.4547644162526
2026-07-29 05:06:20.889982,3763.2762627110437,3764.3658920608564,3760.1071760426526,3762.0773698902917,257.967899403823
2026-07-29 05:11:20.889982,3762.0773698902917,3770.834744004214,3761.6346617451013,3770.5363261574494,587.7158581842011
2026-07-29 05:16:20.889982,3770.5363261574494,3789.4498124268243,3767.6152027061635,3788.7835249833547,225.99467452711417
2026-07-29 05:21:20.889982,3788.7835249833547,3790.730419280345,3783.170666390632,3783.2106440419893,713.0752544519205
2026-07-29 05:26:20.889982,3783.2106440419893,3785.7586989376596,3771.5541454280624,3773.152793209131,448.3908968777677
2026-07-29 05:31:20.889982,3773.152793209131,3777.7526498786597,3772.3448999072257,3775.823761380472,753.7166471294938
2026-07-29 05:36:20.889982,3775.823761380472,3783.7414772633692,3772.1266513117857,3781.654827335725,598.2825512711054
2026-07-29 05:41:20.889982,3781.654827335725,3781.932569806009,3779.213837039362,3780.287126330254,255.35595398761401
2026-07-29 05:46:20.889982,3780.287126330254,3792.591109282047,3779.3475385705633,3791.669742661657,784.9255464154487
2026-07-29 05:51:20.889982,3791.669742661657,3793.105672098991,3778.816370887341,3781.9103887814285,810.2490532855459
2026-07-29 05:56:20.889982,3781.9103887814285,3790.991352057554,3781.1456294413993,3787.533868851838,676.4572985198431
2026-07-29 06:01:20.889982,3787.533868851838,3789.5903101309077,3780.9159290303137,3783.325525168661,347.68242699275606
2026-07-29 06:06:20.889982,3783.325525168661,3798.7187491737795,3781.6832728666227,3796.737507229559,438.7972091285182
2026-07-29 06:11:20.889982,3796.737507229559,3813.010882886981,3794.8838664767313,3812.2790186938905,529.0854434811519
2026-07-29 06:16:20.889982,3812.2790186938905,3813.808561563563,3803.7901775051446,3806.818743024782,359.25792013371336
2026-07-29 06:21:20.889982,3806.818743024782,3809.7256464114994,3802.5075962060373,3803.017195494836,838.4693144926409
2026-07-29 06:26:20.889982,3803.017195494836,3810.279101358788,3799.5634704325853,3809.9418489160016,528.8652943452074
2026-07-29 06:31:20.889982,3809.9418489160016,3811.9821047375626,3804.1078496026707,3807.3738184327076,50.0
2026-07-29 06:36:20.889982,3807.3738184327076,3807.630166096365,3805.3691766593674,3807.408761010458,567.8711625512441
2026-07-29 06:41:20.889982,3807.408761010458,3810.037000285438,3804.1317165511373,3807.9828733564973,430.36852063653737
2026-07-29 06:46:20.889982,3807.9828733564973,3808.3545705580245,3792.857901260599,3793.7700964498968,485.01468877631044
2026-07-29 06:51:20.889982,3793.7700964498968,3795.5869133767437,3790.4852929521826,3794.044488927403,426.2761268428601
2026-07-29 06:56:20.889982,3794.044488927403,3797.6066539946924,3785.431656310732,3789.1932817699435,661.4092833213374
2026-07-29 07:01:20.889982,3789.1932817699435,3792.8278512847496,3785.814118845929,3785.8366133627524,723.9375557106762
2026-07-29 07:06:20.889982,3785.8366133627524,3797.3439719095736,3785.2777980624037,3797.1628155694125,556.6106324517308
2026-07-29 07:11:20.889982,3797.1628155694125,3798.48750175103,3784.867516356967,3788.0112551992383,432.13776257236816
2026-07-29 07:16:20.889982,3788.0112551992383,3797.9437998718954,3787.3035243653358,3794.5565654452,491.73255903816596
2026-07-29 07:21:20.889982,3794.5565654452,3796.907916120099,3789.3399493786687,3792.8193376552545,503.91992331552564
2026-07-29 07:26:20.889982,3792.8193376552545,3794.578188350779,3790.684318777917,3791.076860417592,339.5139920270326
2026-07-29 07:31:20.889982,3791.076860417592,3799.192573321579,3789.652193059265,3797.454047023283,615.7857297142469
2026-07-29 07:36:20.889982,3797.454047023283,3802.6129481662456,3795.788260826919,3800.417606547434,592.0084647720932
2026-07-29 07:41:20.889982,3800.417606547434,3805.203716063888,3796.6400000605004,3805.1377124234596,808.0882479553347
2026-07-29 07:46:20.889982,3805.1377124234596,3814.96673451373,3803.3354821740018,3812.894273054113,751.069956057695
2026-07-29 07:51:20.889982,3812.894273054113,3816.534128162879,3810.1557333111837,3810.7496781568034,362.86501648197395
2026-07-29 07:56:20.889982,3810.7496781568034,3811.4708152897974,3803.3913180996633,3806.4669995771424,664.059674901793
2026-07-29 08:01:20.889982,3806.4669995771424,3807.459844475721,3795.558679064972,3798.5946188501703,309.8093233811057
2026-07-29 08:06:20.889982,3798.5946188501703,3799.6260644771837,3792.5823728551723,3792.7082438539205,639.1864201881699
2026-07-29 08:11:20.889982,3792.7082438539205,3817.498671429517,3791.9622695937533,3815.525988314186,396.67716024797846
2026-07-29 08:16:20.889982,3815.525988314186,3828.317636940964,3813.079474449891,3825.41855766812,295.3493553248831
2026-07-29 08:21:20.889982,3825.41855766812,3828.9517244541144,3812.489715468996,3815.4771896859334,556.0090685394808
2026-07-29 08:26:20.889982,3815.4771896859334,3816.1669362180714,3802.734240460878,3805.779466247726,50.0
2026-07-29 08:31:20.889982,3805.779466247726,3812.2748590670153,3803.2335838256004,3809.829950053624,149.80488511895442
2026-07-29 08:36:20.889982,3809.829950053624,3817.5581938105743,3807.6437779287667,3814.3836238875606,464.5016232451434
2026-07-29 08:41:20.889982,3814.3836238875606,3820.734753016956,3811.9552307479935,3818.9551065161627,516.4883533269685
2026-07-29 08:46:20.889982,3818.9551065161627,3820.0929925610076,3816.6929489072513,3817.389993368281,426.13624596836223
2026-07-29 08:51:20.889982,3817.389993368281,3819.743749611367,3815.9214044396635,3816.8139601593493,184.11274025648027
2026-07-29 08:56:20.889982,3816.8139601593493,3820.0048938628483,3816.811844939888,3819.6996421482745,336.4216315722989
2026-07-29 09:01:20.889982,3819.6996421482745,3823.062153179106,3818.3163425696102,3820.737924172167,578.2418654474787
2026-07-29 09:06:20.889982,3820.737924172167,3823.61230722859,3802.769930569495,3804.1971755642962,616.3563541256725
2026-07-29 09:11:20.889982,3804.1971755642962,3806.046028509398,3801.281360287508,3802.8294350046785,496.7553764808118
2026-07-29 09:16:20.889982,3802.8294350046785,3805.3034599699813,3795.386925713386,3796.739093192425,731.3667562073978
2026-07-29 09:21:20.889982,3796.739093192425,3802.110439249881,3793.1847873314323,3798.449616389669,579.4794046918469
2026-07-29 09:26:20.889982,3798.449616389669,3824.8191087413747,3794.9539021799483,3821.578303707641,350.50886920835757
2026-07-29 09:31:20.889982,3821.578303707641,3826.4883701984504,3819.5282929418213,3824.7705139613813,443.89958931767654
2026-07-29 09:36:20.889982,3824.7705139613813,3827.6088478280276,3820.093968536703,3822.7551639661356,219.42676855842905
2026-07-29 09:41:20.889982,3822.7551639661356,3833.6037777775427,3820.016805832581,3830.1923074722245,478.3722019217166
2026-07-29 09:46:20.889982,3830.1923074722245,3838.1012404886565,3828.8574632386,3834.275076023152,722.4201238442677
2026-07-29 09:51:20.889982,3834.275076023152,3841.078661197607,3831.6001522097986,3837.8817143945344,637.0580169421936
2026-07-29 09:56:20.889982,3837.8817143945344,3845.5838048747855,3836.63119592318,3842.9268573356712,780.4018651838244
2026-07-29 10:01:20.889982,3842.9268573356712,3862.1833535524797,3839.4667781376907,3859.151597140534,439.42295124020137
2026-07-29 10:06:20.889982,3859.151597140534,3859.9950087848633,3848.4093089606754,3850.8179834296225,769.2199589028515
2026-07-29 10:11:20.889982,3850.8179834296225,3856.36454160979,3847.0074137363727,3854.8529195189785,461.33915471040604
2026-07-29 10:16:20.889982,3854.8529195189785,3856.6987495970484,3847.2235973759316,3848.1021967382794,794.3170165139788
2026-07-29 10:21:20.889982,3848.1021967382794,3854.2363765038735,3845.5861597941143,3852.7651687459984,495.62865051157524
2026-07-29 10:26:20.889982,3852.7651687459984,3853.058323225646,3843.755790192977,3846.077289830438,641.4462747608553
2026-07-29 10:31:20.889982,3846.077289830438,3849.6588522284437,3839.984326482097,3843.252485379237,795.0224728619711
2026-07-29 10:36:20.889982,3843.252485379237,3843.5125718671925,3837.5530850340347,3841.3690621809064,461.3144742837589
2026-07-29 10:41:20.889982,3841.3690621809064,3851.9478138398013,3840.7456816430013,3849.2582334757826,543.6777975088348
2026-07-29 10:46:20.889982,3849.2582334757826,3856.7690064868275,3848.5989223777833,3856.721121093486,757.7726850412605
2026-07-29 10:51:20.889982,3856.721121093486,3859.9537318699868,3847.425786105283,3847.5090436037067,473.39936721398726
2026-07-29 10:56:20.889982,3847.5090436037067,3849.2138228612225,3844.595303476884,3848.316598222878,235.82154349876777
2026-07-29 11:01:20.889982,3848.316598222878,3850.572137126568,3840.2351570780165,3843.2434009315316,928.601410916982
2026-07-29 11:06:20.889982,3843.2434009315316,3846.111038931466,3833.7714568680676,3833.965460838563,406.04710713257265
2026-07-29 11:11:20.889982,3833.965460838563,3837.387318792774,3831.8148579982844,3832.684999503948,531.7512101875086
2026-07-29 11:16:20.889982,3832.684999503948,3834.805978408455,3828.2360680408665,3830.704145352879,731.2013338902254
2026-07-29 11:21:20.889982,3830.704145352879,3850.375527768919,3826.9644922310117,3849.726355301227,378.30121925375965
2026-07-29 11:26:20.889982,3849.726355301227,3855.3277610623004,3849.504446696795,3853.446678114914,298.42641735557396
2026-07-29 11:31:20.889982,3853.446678114914,3857.0583674278864,3840.9752822787573,3843.228443529244,550.7474593549666
2026-07-29 11:36:20.889982,3843.228443529244,3845.9156027152485,3837.2573978987703,3839.2736914924735,141.3847204175221
2026-07-29 11:41:20.889982,3839.2736914924735,3850.7208410477074,3839.146483062767,3847.5091791045556,442.41878462641597
2026-07-29 11:46:20.889982,3847.5091791045556,3865.03678850055,3845.702202742345,3863.9997745576234,549.0077328630812
2026-07-29 11:51:20.889982,3863.9997745576234,3864.29577091379,3849.4286528994076,3852.1479098001682,446.0096206349672
2026-07-29 11:56:20.889982,3852.1479098001682,3853.6643594977872,3837.0288780438977,3838.075398349263,191.3098113628506
2026-07-29 12:01:20.889982,3838.075398349263,3852.8623970279555,3835.3126353387497,3852.849378840129,818.8355912408024
2026-07-29 12:06:20.889982,3852.849378840129,3859.4537703828346,3851.3273471576117,3856.238402905259,520.7076307898351
2026-07-29 12:11:20.889982,3856.238402905259,3858.4141619359048,3849.055922530614,3849.932500671749,786.2304235523482
2026-07-29 12:16:20.889982,3849.932500671749,3856.834919924167,3849.885772276506,3854.436698482635,447.992749963911
2026-07-29 12:21:20.889982,3854.436698482635,3856.320145452102,3832.084708703345,3834.554950022569,323.9976036618472
2026-07-29 12:26:20.889982,3834.554950022569,3838.485547182483,3833.0926968774015,3834.964314498281,553.836184051032
2026-07-29 12:31:20.889982,3834.964314498281,3840.7999664531544,3832.6722060672096,3837.863271077745,456.84257473435605
2026-07-29 12:36:20.889982,3837.863271077745,3848.9134777082377,3836.3343520283147,3845.3487927988917,264.4477084017284
2026-07-29 12:41:20.889982,3845.3487927988917,3846.5758256788604,3834.5381009918747,3837.942901328233,793.9568517574992
2026-07-29 12:46:20.889982,3837.942901328233,3839.1736103143758,3837.419461977578,3838.9845618176137,375.5459554212008
2026-07-29 12:51:20.889982,3838.9845618176137,3839.300911169807,3829.0379351721785,3832.2689592880333,131.9467230408863
2026-07-29 12:56:20.889982,3832.2689592880333,3834.6509749325373,3828.9668573174736,3834.6102995976294,765.6332107914666
2026-07-29 13:01:20.889982,3834.6102995976294,3836.3407357336364,3828.1172202849098,3828.132629586234,399.14039683747535
2026-07-29 13:06:20.889982,3828.132629586234,3829.670180594635,3824.6773097246614,3825.391896148189,378.43522147687514
2026-07-29 13:11:20.889982,3825.391896148189,3827.7804727129164,3815.5686046182163,3818.1625068786134,146.9224825940052
2026-07-29 13:16:20.889982,3818.1625068786134,3825.3844384067465,3818.007796745783,3823.5203668119207,848.1882973193981
2026-07-29 13:21:20.889982,3823.5203668119207,3832.9869283977932,3820.3008143731595,3830.4736443053953,242.10388255806248
2026-07-29 13:26:20.889982,3830.4736443053953,3833.232827465047,3825.8815786550977,3829.0595369399325,511.68989614112996
2026-07-29 13:31:20.889982,3829.0595369399325,3830.503232048444,3825.65593209732,3829.7353336413694,682.524064508088
2026-07-29 13:36:20.889982,3829.7353336413694,3830.9692492835834,3818.986638641452,3819.0378321342127,584.3433866006194
2026-07-29 13:41:20.889982,3819.0378321342127,3822.2587767388495,3813.5362036653014,3817.131259071525,488.0691376015617
2026-07-29 13:46:20.889982,3817.131259071525,3819.6336107590273,3816.246273336523,3817.129696971632,159.66682834251674
2026-07-29 13:51:20.889982,3817.129696971632,3838.539865469829,3815.3486514580454,3837.5737775150637,338.0550328465432
2026-07-29 13:56:20.889982,3837.5737775150637,3841.0192705227805,3828.8587995976177,3829.4316736003652,537.5600676085044
2026-07-29 14:01:20.889982,3829.4316736003652,3844.218730586123,3828.316149398101,3841.0461276210526,342.56518600260074
2026-07-29 14:06:20.889982,3841.0461276210526,3852.2089443728955,3837.511323501144,3849.096618082717,540.6718919997536
2026-07-29 14:11:20.889982,3849.096618082717,3853.289316448933,3847.6915028445706,3851.6427627707367,636.3486817630284
2026-07-29 14:16:20.889982,3851.6427627707367,3868.7013784378914,3849.603383858809,3865.6003114574182,692.5005771600204
2026-07-29 14:21:20.889982,3865.6003114574182,3871.5131124460986,3863.192702565036,3868.8650714293262,254.7641284374633
2026-07-29 14:26:20.889982,3868.8650714293262,3872.8566855908052,3865.5966915117215,3872.2646595169804,939.3292109957908
2026-07-29 14:31:20.889982,3872.2646595169804,3873.022752562119,3868.630470935741,3872.240491603611,653.4958689108262
2026-07-29 14:36:20.889982,3872.240491603611,3883.0889405098183,3869.398727982883,3882.116193641726,499.6571692661872
2026-07-29 14:41:20.889982,3882.116193641726,3892.1354623116667,3880.882513760948,3891.027860245014,717.9073166153281
2026-07-29 14:46:20.889982,3891.027860245014,3892.234086090918,3883.643764531221,3886.5504855342333,973.0815543999947
2026-07-29 14:51:20.889982,3886.5504855342333,3888.7145756013297,3873.2740715737227,3876.6970107199145,212.25597978862606
2026-07-29 14:56:20.889982,3876.6970107199145,3877.8886016216293,3872.8292483136343,3875.5110729952953,454.9474715017293
2026-07-29 15:01:20.889982,3875.5110729952953,3878.429133630686,3869.115675075736,3869.701865691147,50.0
2026-07-29 15:06:20.889982,3869.701865691147,3871.252027074543,3867.7288857417198,3869.5971949635373,538.5303065296049
2026-07-29 15:11:20.889982,3869.5971949635373,3880.953683128284,3868.3507489657127,3879.5737676609615,573.0788483850281
2026-07-29 15:16:20.889982,3879.5737676609615,3882.236784275315,3875.5779531933395,3876.414740879287,492.1675769114481
2026-07-29 15:21:20.889982,3876.414740879287,3879.220312591618,3872.7901217730246,3876.470380379537,369.093285800338
2026-07-29 15:26:20.889982,3876.470380379537,3879.499409568716,3874.1001736712665,3877.3079647182144,90.09709676233496
2026-07-29 15:31:20.889982,3877.3079647182144,3884.548968255285,3873.956121534502,3884.2812142553767,574.7067366823537
2026-07-29 15:36:20.889982,3884.2812142553767,3885.389973732848,3864.873423214421,3867.25198105276,791.086896783065
2026-07-29 15:41:20.889982,3867.25198105276,3871.038454530879,3860.648180645075,3862.9485765683007,381.7963088533136
2026-07-29 15:46:20.889982,3862.9485765683007,3867.7687338359174,3861.228329782965,3864.9677550351,588.011985804629
2026-07-29 15:51:20.889982,3864.9677550351,3874.876770459532,3861.885059267885,3874.642874374101,186.37113731598987
2026-07-29 15:56:20.889982,3874.642874374101,3874.778482385016,3868.50755828134,3871.2199588528574,591.4426127385028
2026-07-29 16:01:20.889982,3871.2199588528574,3871.3086933043223,3853.777783115042,3857.103783905924,421.3235404510686
2026-07-29 16:06:20.889982,3857.103783905924,3862.882371971466,3855.1201853748976,3862.273538481557,347.5164098794171
2026-07-29 16:11:20.889982,3862.273538481557,3864.5798978459675,3855.9894270630484,3857.7545249287036,347.9272717567739
2026-07-29 16:16:20.889982,3857.7545249287036,3859.0691068216697,3847.1708262490147,3848.971430109612,421.277683593398
2026-07-29 16:21:20.889982,3848.971430109612,3850.170060449186,3842.8683060379417,3844.5526904861736,576.4866631385071
2026-07-29 16:26:20.889982,3844.5526904861736,3845.9325503913656,3841.3422312869457,3843.5184499725588,237.56735976089647
2026-07-29 16:31:20.889982,3843.5184499725588,3844.432915879842,3835.460765935884,3839.2564720129353,420.5769336864294
2026-07-29 16:36:20.889982,3839.2564720129353,3841.179440223095,3821.9983256201467,3822.740556868085,491.70564440017046
2026-07-29 16:41:20.889982,3822.740556868085,3831.8153554357027,3819.4284766133665,3829.9881954164343,280.1921550936282
2026-07-29 16:46:20.889982,3829.9881954164343,3840.233905706893,3827.385511162107,3840.1501643466927,859.3330403350035
2026-07-29 16:51:20.889982,3840.1501643466927,3847.6490785182523,3839.499036186746,3845.5418454257356,329.30090398773166
2026-07-29 16:56:20.889982,3845.5418454257356,3848.6854852807323,3835.769977617174,3837.1854563252095,366.1126172733019
2026-07-29 17:01:20.889982,3837.1854563252095,3838.312829197219,3832.8463229023173,3836.0230302101777,304.33841003550043
2026-07-29 17:06:20.889982,3836.0230302101777,3838.806224970929,3832.5772876781057,3836.3566151860095,859.6960174276235
2026-07-29 17:11:20.889982,3836.3566151860095,3843.757455705136,3833.514574463355,3841.337859587087,610.5810457198963
2026-07-29 17:16:20.889982,3841.337859587087,3850.0782936428004,3841.1275861512463,3846.8606028780405,312.68159875127157
2026-07-29 17:21:20.889982,3846.8606028780405,3849.8459550438192,3839.2427451132617,3841.600360154964,721.2463117719938
2026-07-29 17:26:20.889982,3841.600360154964,3842.881734060584,3839.6466070271463,3842.6146423839355,540.1397388577757
2026-07-29 17:31:20.889982,3842.6146423839355,3846.8323631895646,3839.7866808905724,3846.5151869403135,551.4506842223003
2026-07-29 17:36:20.889982,3846.5151869403135,3860.2254528250196,3842.8472518467925,3858.1169852801454,431.10455824950947
2026-07-29 17:41:20.889982,3858.1169852801454,3864.6509538800433,3855.7788373233284,3863.9433291827213,1319.0301154859662
2026-07-29 17:46:20.889982,3863.9433291827213,3871.2518222204244,3861.5706168812994,3870.4329077640878,2138.200119199964
2026-07-29 17:51:20.889982,3870.4329077640878,3874.2666962877242,3867.6372773184303,3871.468980381352,1472.9877558413011
2026-07-29 17:56:20.889982,3871.468980381352,3885.958520459607,3868.164487150614,3882.7937562576963,3252.5892126167823
2026-07-29 18:01:20.889982,3882.7937562576963,3886.666032680649,3881.460920683487,3886.3657264920575,927.3145895802803
2026-07-29 18:06:20.889982,3886.3657264920575,3889.0361359050844,3878.131920679357,3880.0664686147747,3041.163574299974
2026-07-29 18:11:20.889982,3880.0664686147747,3892.1032092750975,3877.9219187446884,3891.361220290254,1799.8235738783405
2026-07-29 18:16:20.889982,3891.361220290254,3898.7741520262794,3889.8434404621617,3897.1862993824393,2109.055236134065
2026-07-29 18:21:20.889982,3897.1862993824393,3900.3420604759035,3892.5367331787884,3894.123971621357,2511.467853638001
2026-07-29 18:26:20.889982,3894.123971621357,3894.226988745306,3890.5544984415983,3890.7804101431034,373.95014099911276
2026-07-29 18:31:20.889982,3890.7804101431034,3896.812011269209,3887.042923329539,3893.4782437215663,672.8496769397273
2026-07-29 18:36:20.889982,3893.4782437215663,3900.1595020282284,3892.059583695786,3897.4764428563503,50.0
2026-07-29 18:41:20.889982,3897.4764428563503,3903.064533526071,3894.893183440948,3899.4045511829195,356.00209335561215
2026-07-29 18:46:20.889982,3899.4045511829195,3905.5181249750526,3896.4181832230233,3902.2233468868067,315.18743853178694
2026-07-29 18:51:20.889982,3902.2233468868067,3917.3893972313645,3900.3553439824404,3915.904723793755,249.29879752564767
2026-07-29 18:56:20.889982,3915.904723793755,3925.4288072803934,3914.7612243984245,3924.69829473155,457.0090323842098
2026-07-29 19:01:20.889982,3924.69829473155,3929.642972084797,3921.1896992613997,3926.5875935169925,577.149993636339
2026-07-29 19:06:20.889982,3926.5875935169925,3937.2305543465686,3924.76104825087,3934.3802515642883,640.5319996998612
2026-07-29 19:11:20.889982,3934.3802515642883,3934.720611923582,3926.432982400516,3926.656597438983,548.1753514400815
2026-07-29 19:16:20.889982,3926.656597438983,3931.64705030658,3924.8353288269486,3930.1758849993994,366.8613070212906
2026-07-29 19:21:20.889982,3930.1758849993994,3947.2207639945027,3930.1503800389387,3944.8178940643525,573.8032875650334
2026-07-29 19:26:20.889982,3944.8178940643525,3948.722170632829,3942.057105744928,3943.49229592782,524.8571389701701
2026-07-29 19:31:20.889982,3943.49229592782,3946.836750700738,3935.100110282971,3937.206384612072,687.2112335872032
2026-07-29 19:36:20.889982,3937.206384612072,3937.719951665266,3929.3317404693776,3932.468141595554,655.3873405863033
2026-07-29 19:41:20.889982,3932.468141595554,3935.2595139537184,3922.2301714010523,3924.299988823245,506.0952827841258
2026-07-29 19:46:20.889982,3924.299988823245,3926.3192495138146,3918.1945796117125,3918.5373717161106,320.54939876774864
2026-07-29 19:51:20.889982,3918.5373717161106,3921.1073403312985,3912.4578706629095,3916.0263306865536,369.40996883358383
2026-07-29 19:56:20.889982,3916.0263306865536,3916.391480245428,3904.394713390176,3905.4238372909394,390.0421280723933
2026-07-29 20:01:20.889982,3905.4238372909394,3909.4607632978837,3904.313353807541,3905.9364057352313,436.94673321674884
2026-07-29 20:06:20.889982,3905.9364057352313,3915.941694215925,3903.847439994331,3913.3825624523897,553.6100855179507
2026-07-29 20:11:20.889982,3913.3825624523897,3915.7162205033205,3905.050509463446,3906.6748615129336,643.0348780256116
2026-07-29 20:16:20.889982,3906.6748615129336,3920.1311405504484,3906.4852571010256,3918.9554873307698,489.7762613969245
2026-07-29 20:21:20.889982,3918.9554873307698,3926.273468792376,3916.031580263042,3923.35339164486,503.2249575800945
2026-07-29 20:26:20.889982,3923.35339164486,3934.478746841481,3920.828188839264,3931.841559501612,528.6612610000008
2026-07-29 20:31:20.889982,3931.841559501612,3932.7998166506304,3926.9768953437256,3927.064645343122,396.818937373532
2026-07-29 20:36:20.889982,3927.064645343122,3937.356961446642,3925.135912563625,3934.175333280571,314.92154847140876
2026-07-29 20:41:20.889982,3934.175333280571,3935.382488285691,3925.585384943542,3925.985568138495,148.912420537858
2026-07-29 20:46:20.889982,3925.985568138495,3933.6220179421075,3924.615922423524,3933.3753103850277,360.9701283846255
2026-07-29 20:51:20.889982,3933.3753103850277,3938.287589954526,3929.7616250723336,3935.1208523503024,594.6290906535573
2026-07-29 20:56:20.889982,3935.1208523503024,3943.4045355877183,3931.5005378812994,3939.8714504880936,359.4177123920865
2026-07-29 21:01:20.889982,3939.8714504880936,3943.4477716523734,3928.939503401019,3931.0120302422015,452.43859251481206
2026-07-29 21:06:20.889982,3931.0120302422015,3931.874555756992,3921.2418492504607,3924.373682257361,593.2862574824634
2026-07-29 21:11:20.889982,3924.373682257361,3930.2966782474386,3923.32506105275,3929.4569023232884,604.1378992845338
2026-07-29 21:16:20.889982,3929.4569023232884,3930.373465128171,3920.3832327383,3922.4032013672045,284.0934295667922
2026-07-29 21:21:20.889982,3922.4032013672045,3927.694905843417,3921.798539184644,3926.4312722510713,699.4118712907283
2026-07-29 21:26:20.889982,3926.4312722510713,3928.2106265072844,3912.6792721841443,3916.101581704214,725.4700178710971
2026-07-29 21:31:20.889982,3916.101581704214,3925.3809469730263,3912.6619302487306,3923.142586769769,274.030028556288
2026-07-29 21:36:20.889982,3923.142586769769,3923.9110212806168,3913.2216200230237,3913.8751349153713,335.2326260717692
2026-07-29 21:41:20.889982,3913.8751349153713,3920.848081473414,3912.0617234483216,3918.5926291911214,738.2181366292383
2026-07-29 21:46:20.889982,3918.5926291911214,3926.481698746468,3915.478810504846,3923.891253092379,470.62929574893985
2026-07-29 21:51:20.889982,3923.891253092379,3926.839301218173,3915.1262591395603,3918.8188099507797,56.04441050962981
2026-07-29 21:56:20.889982,3918.8188099507797,3925.3382060289046,3918.010017703133,3923.7755372730926,220.06369905346276
2026-07-29 22:01:20.889982,3923.7755372730926,3928.3755053461314,3923.341006127165,3926.2125052498677,450.12607496550373
2026-07-29 22:06:20.889982,3926.2125052498677,3927.346596142448,3921.560372011777,3922.3757870861655,267.39146994307964
2026-07-29 22:11:20.889982,3922.3757870861655,3923.931259006967,3914.427969390291,3914.8633670855797,417.3152458727117
2026-07-29 22:16:20.889982,3914.8633670855797,3914.9880231648553,3897.3551944367773,3899.916636302057,506.4792427367157
2026-07-29 22:21:20.889982,3899.916636302057,3905.4169093345495,3897.154095502927,3903.0350861609904,792.4509208069458
2026-07-29 22:26:20.889982,3903.0350861609904,3905.6125976077947,3890.7835766777275,3891.2283233782005,441.9092167544422
2026-07-29 22:31:20.889982,3891.2283233782005,3893.4926064139377,3890.724305765125,3892.359622729042,714.5083599145518
2026-07-29 22:36:20.889982,3892.359622729042,3895.640774469851,3887.7923661016303,3890.69834291584,785.7520324073541
2026-07-29 22:41:20.889982,3890.69834291584,3897.161456101141,3889.370411619444,3896.37623107705,786.8619338704152
2026-07-29 22:46:20.889982,3896.37623107705,3900.142526757511,3892.0986961683616,3894.4125978568227,556.9509186771137
2026-07-29 22:51:20.889982,3894.4125978568227,3897.5326283077957,3891.2067851029055,3892.2366360219953,107.34217043220514
2026-07-29 22:56:20.889982,3892.2366360219953,3899.1467040698935,3889.1854458319413,3898.327848921411,592.164973080773
2026-07-29 23:01:20.889982,3898.327848921411,3904.006985690679,3895.673173695464,3901.33117010237,709.6799775627082
2026-07-29 23:06:20.889982,3901.33117010237,3906.346797730123,3899.132464346901,3904.1892077599105,483.7865789129166
2026-07-29 23:11:20.889982,3904.1892077599105,3911.1212385679582,3903.1350669870485,3908.245951771117,848.9167740150497
2026-07-29 23:16:20.889982,3908.245951771117,3909.624657699714,3893.254758146346,3896.6512226338855,671.9667122934916
2026-07-29 23:21:20.889982,3896.6512226338855,3904.14932981428,3894.522444774634,3902.94384627866,613.6546754305568
2026-07-29 23:26:20.889982,3902.94384627866,3910.8644287674615,3899.04119582903,3908.118430528161,717.2761422411676
2026-07-29 23:31:20.889982,3908.118430528161,3909.819600603427,3898.900099417242,3900.5699056086105,566.6739702521756
2026-07-29 23:36:20.889982,3900.5699056086105,3903.856480484245,3895.9154486479533,3899.0561505081646,50.0
2026-07-29 23:41:20.889982,3899.0561505081646,3901.990101244739,3897.249992141327,3899.1395343716426,400.1722097059269
2026-07-29 23:46:20.889982,3899.1395343716426,3900.4026182017915,3896.1075365269166,3898.4806605407553,739.4336054495707
2026-07-29 23:51:20.889982,3898.4806605407553,3904.8933140716194,3895.0352712117074,3901.4747510172133,338.4817319803408
2026-07-29 23:56:20.889982,3901.4747510172133,3913.475480845318,3899.803553200325,3913.0509212961806,455.3054989526122
2026-07-30 00:01:20.889982,3913.0509212961806,3923.740876491582,3909.2254625816186,3921.9182749587912,291.03273721938575
2026-07-30 00:06:20.889982,3921.9182749587912,3924.5773277651565,3910.4369599346824,3912.030120185349,856.7845190403539
2026-07-30 00:11:20.889982,3912.030120185349,3917.394048163176,3909.8183164095353,3917.291971815602,836.2984914836031
2026-07-30 00:16:20.889982,3917.291971815602,3928.487648514471,3914.0231876968023,3928.1102514896443,323.2262209718541
2026-07-30 00:21:20.889982,3928.1102514896443,3934.5019747470674,3926.3013207377044,3931.5434149624657,529.4596000778168
2026-07-30 00:26:20.889982,3931.5434149624657,3942.2166032902837,3928.015487861395,3940.5252873598924,363.90119044719046
2026-07-30 00:31:20.889982,3940.5252873598924,3957.9530843371303,3939.544017902153,3956.811708958649,622.9889278062756
2026-07-30 00:36:20.889982,3956.811708958649,3969.04198801038,3953.6096755563567,3965.317771738825,601.9366154484658
2026-07-30 00:41:20.889982,3965.317771738825,3970.9481794950148,3964.5437662381432,3967.6921897387024,662.3411143226531
2026-07-30 00:46:20.889982,3967.6921897387024,3976.961461908572,3967.5889124971904,3976.3916609232024,566.3836895415775
2026-07-30 00:51:20.889982,3976.3916609232024,3978.8848010696943,3973.313176307983,3977.941863727925,1087.0812412776936
2026-07-30 00:56:20.889982,3977.941863727925,3979.484871221166,3975.0415332531315,3978.5298712018766,294.41524699785225
2026-07-30 01:01:20.889982,3978.5298712018766,3979.5320957604436,3974.560487640473,3976.1322228790373,157.87932911269718
2026-07-30 01:06:20.889982,3976.1322228790373,3992.905053305401,3975.15881906574,3988.9832354132536,421.3819598597077
2026-07-30 01:11:20.889982,3988.9832354132536,3990.4845715358488,3981.6582584007465,3982.8574457192726,186.40234688794652
2026-07-30 01:16:20.889982,3982.8574457192726,3995.9201068503185,3980.9062671876727,3995.4821021794855,201.50754599880145
2026-07-30 01:21:20.889982,3995.4821021794855,4001.39318029659,3992.705693265107,3999.8784636679325,299.7370691604066
2026-07-30 01:26:20.889982,3999.8784636679325,4003.148742488296,3986.9278277970916,3989.0988937310995,315.56221891367454
2026-07-30 01:31:20.889982,3989.0988937310995,3992.560916466297,3986.629951244538,3992.4323744284147,309.07637960998795
2026-07-30 01:36:20.889982,3992.4323744284147,3992.6535181721933,3973.646009134752,3976.0967014799503,603.6437900890824
2026-07-30 01:41:20.889982,3976.0967014799503,3984.1995298158668,3975.310358268121,3981.4721021836913,398.76218778293276
2026-07-30 01:46:20.889982,3981.4721021836913,3992.1945788725093,3977.844642149615,3988.9262674977,464.097085025504
2026-07-30 01:51:20.889982,3988.9262674977,3992.1696114466135,3983.3860388773037,3984.601777498954,678.8465549001869
2026-07-30 01:56:20.889982,3984.601777498954,3988.323404745083,3980.956603429404,3985.9850544651677,346.73549504371476
2026-07-30 02:01:20.889982,3985.9850544651677,4003.277499411187,3982.716435821372,4001.994201036366,447.0908202590556
2026-07-30 02:06:20.889982,4001.994201036366,4002.032120456729,3998.333490878008,3998.3480716650547,573.1519972185831
2026-07-30 02:11:20.889982,3998.3480716650547,4001.3856633171927,3987.249883214022,3990.288278575734,111.68643987595573
2026-07-30 02:16:20.889982,3990.288278575734,4005.688482445112,3986.577203385748,4002.5305771260787,50.0
2026-07-30 02:21:20.889982,4002.5305771260787,4019.1477557923763,4001.6020501302473,4018.673928771027,569.2234657595445
2026-07-30 02:26:20.889982,4018.673928771027,4022.7376885569365,4017.9616742838048,4019.105522738426,598.4028561133797
2026-07-30 02:31:20.889982,4019.105522738426,4030.394628289384,4016.9735359653537,4027.646849729036,912.8440269704822
2026-07-30 02:36:20.889982,4027.646849729036,4039.2072166305893,4026.4979084396755,4038.871208084459,531.618975173362
2026-07-30 02:41:20.889982,4038.871208084459,4040.97292444693,4029.8436027477414,4033.2813705945864,663.9479434516189
2026-07-30 02:46:20.889982,4033.2813705945864,4036.135072403728,4027.265429834936,4029.7714768609076,460.90547128280525
2026-07-30 02:51:20.889982,4029.7714768609076,4042.1120005551597,4028.5678486623383,4040.1079741210806,559.4454443170173
2026-07-30 02:56:20.889982,4040.1079741210806,4054.6350529436904,4038.4552627718085,4054.1516159937664,833.4513683499067
2026-07-30 03:01:20.889982,4054.1516159937664,4059.2398468682654,4053.2959634192302,4059.124086762712,75.20143637487291
2026-07-30 03:06:20.889982,4059.124086762712,4060.879590450841,4050.696682232582,4052.393034971402,582.7232515143361
2026-07-30 03:11:20.889982,4052.393034971402,4069.1168922818533,4050.005931708077,4068.936656978933,927.1173460154732
2026-07-30 03:16:20.889982,4068.936656978933,4071.1732873973383,4064.7069627938563,4065.024458700031,556.4068438418685
2026-07-30 03:21:20.889982,4065.024458700031,4068.8584395768244,4062.3031723618387,4062.7069354671485,830.1145926465696
2026-07-30 03:26:20.889982,4062.7069354671485,4069.3717606498217,4062.705677117149,4065.8960938134474,374.1575700941115
2026-07-30 03:31:20.889982,4065.8960938134474,4082.560532008933,4065.815915431307,4078.9617411772792,493.5905011672573
2026-07-30 03:36:20.889982,4078.9617411772792,4089.439658350018,4077.48641819585,4086.342978474492,506.7049404777175
2026-07-30 03:41:20.889982,4086.342978474492,4093.1633578606165,4084.701309775168,4090.143944885526,56.48178412824586
2026-07-30 03:46:20.889982,4090.143944885526,4094.6352702842178,4087.0047320226954,4094.3449487905896,266.36443442995994
2026-07-30 03:51:20.889982,4094.3449487905896,4095.4025706674674,4090.5694696414353,4095.1107830274887,280.6249841232028
2026-07-30 03:56:20.889982,4095.1107830274887,4100.303609012011,4093.147892913909,4100.094610642579,664.4132156065054
2026-07-30 04:01:20.889982,4100.094610642579,4103.059120215819,4078.207710456708,4079.812082135023,674.4306211368109
2026-07-30 04:06:20.889982,4079.812082135023,4080.6983538893096,4074.7049327096524,4077.800354100828,564.8072885413067
2026-07-30 04:11:20.889982,4077.800354100828,4083.37701294522,4074.0377881685317,4080.176951767348,664.8205793711411
2026-07-30 04:16:20.889982,4080.176951767348,4081.7117719809876,4069.141119016313,4071.202172177467,467.1701174556452
2026-07-30 04:21:20.889982,4071.202172177467,4076.2361036042826,4070.1555401059186,4074.756443641926,740.3863339079087
2026-07-30 04:26:20.889982,4074.756443641926,4077.816720041339,4072.1142018399773,4073.4977728742065,501.75768852641437
2026-07-30 04:31:20.889982,4073.4977728742065,4089.9839393676502,4071.853409128907,4088.233564448297,511.5728094853513
2026-07-30 04:36:20.889982,4088.233564448297,4104.448691925345,4084.4814015643274,4101.525693597524,446.8814733475177
2026-07-30 04:41:20.889982,4101.525693597524,4104.260410714338,4096.183636720345,4098.116237014492,636.8900955272856
2026-07-30 04:46:20.889982,4098.116237014492,4101.309510147168,4094.663585735729,4097.2898310240325,415.76023667741737
2026-07-30 04:51:20.889982,4097.2898310240325,4097.538169223906,4096.701652822105,4097.093595489343,695.2862754396136
2026-07-30 04:56:20.889982,4097.093595489343,4097.248944758067,4091.9335278307663,4093.8036441717068,273.57017185679865
2026-07-30 05:01:20.889982,4093.8036441717068,4099.192843164526,4092.5219431520877,4095.810304158435,280.21674905436123
2026-07-30 05:06:20.889982,4095.810304158435,4097.383751394793,4086.2926609823126,4090.0124336636695,637.4853510253008
2026-07-30 05:11:20.889982,4090.0124336636695,4093.4353791607905,4078.468335800311,4081.1825185305484,482.2911570833975
2026-07-30 05:16:20.889982,4081.1825185305484,4087.7674694756356,4080.7048508774574,4086.677128561545,409.2217167693743
2026-07-30 05:21:20.889982,4086.677128561545,4092.3006568989836,4086.2398104933004,4092.23494042371,678.0115464950919
2026-07-30 05:26:20.889982,4092.23494042371,4093.432313813752,4083.811269793227,4086.0659203672167,378.5477171827831
2026-07-30 05:31:20.889982,4086.0659203672167,4094.0608010594497,4085.5092846848224,4093.798797597632,459.95974913992603
2026-07-30 05:36:20.889982,4093.798797597632,4094.540105559008,4086.4556414630974,4089.0398414203705,779.8455900142319
2026-07-30 05:41:20.889982,4089.0398414203705,4094.0394189048943,4086.787738421946,4091.519902686496,807.8284691621301
2026-07-30 05:46:20.889982,4091.519902686496,4099.674881830854,4090.001459083596,4098.648164626288,814.4796420540654
2026-07-30 05:51:20.889982,4098.648164626288,4099.178809608086,4097.719982288335,4098.782499490881,443.57484461321775
2026-07-30 05:56:20.889982,4098.782499490881,4106.605449802394,4094.7669561056937,4102.922235068163,746.1405809968941
2026-07-30 06:01:20.889982,4102.922235068163,4105.579531982842,4095.338423422682,4099.096570634893,310.20943444626437
2026-07-30 06:06:20.889982,4099.096570634893,4101.731231754632,4097.759949402314,4097.8959851494465,318.61942505558784
2026-07-30 06:11:20.889982,4097.8959851494465,4101.98061454461,4096.213422891489,4096.618792750164,50.0
2026-07-30 06:16:20.889982,4096.618792750164,4099.41531598268,4089.881202997806,4090.915534548661,834.5736403797059
2026-07-30 06:21:20.889982,4090.915534548661,4092.5190961727017,4087.236628962885,4089.878421246848,327.20403018478436
2026-07-30 06:26:20.889982,4089.878421246848,4091.6636014379287,4076.6168039441736,4077.6384401851083,474.693484050588
2026-07-30 06:31:20.889982,4077.6384401851083,4079.002190812897,4072.6508144417253,4074.042295916161,317.9351316143432
2026-07-30 06:36:20.889982,4074.042295916161,4077.950622078611,4068.876904768606,4072.1289599585475,639.0330496660281
2026-07-30 06:41:20.889982,4072.1289599585475,4073.9962296904423,4069.636763951728,4070.450125041917,424.873267856532
2026-07-30 06:46:20.889982,4070.450125041917,4073.7513256693464,4068.251903519301,4068.891461935994,239.03662191341016
2026-07-30 06:51:20.889982,4068.891461935994,4069.747809854383,4067.306494832176,4068.7957285574903,588.3325128372121
2026-07-30 06:56:20.889982,4068.7957285574903,4076.692141033259,4068.259515523071,4073.1063891720382,213.25399503795433
2026-07-30 07:01:20.889982,4073.1063891720382,4081.1434634033503,4071.0943764910808,4080.644669095897,332.51885493690173
2026-07-30 07:06:20.889982,4080.644669095897,4081.772602296893,4073.4347516664793,4075.7527461364566,78.62217707478385
2026-07-30 07:11:20.889982,4075.7527461364566,4077.59350559431,4064.594553433792,4066.3632551613564,215.20837756047865
2026-07-30 07:16:20.889982,4066.3632551613564,4066.818577934116,4057.7308054064497,4058.303227819674,535.7058339440956
2026-07-30 07:21:20.889982,4058.303227819674,4061.63541366082,4051.164136274738,4054.7561747750337,107.09279237941507
2026-07-30 07:26:20.889982,4054.7561747750337,4055.7077592791184,4051.848702253071,4052.3084792054547,203.77085507565687
2026-07-30 07:31:20.889982,4052.3084792054547,4052.5249400380662,4044.015923710838,4046.4773862489537,499.52621677343836
2026-07-30 07:36:20.889982,4046.4773862489537,4049.3720468465162,4034.9003646349706,4036.405176805355,391.27862078138946
2026-07-30 07:41:20.889982,4036.405176805355,4039.1486239954443,4030.2525173644412,4033.1279715060064,898.4073271918618
2026-07-30 07:46:20.889982,4033.1279715060064,4038.769251506299,4032.86632782264,4034.995149937331,866.7793092048751
2026-07-30 07:51:20.889982,4034.995149937331,4040.9807883068543,4034.7186479097327,4040.2038905385375,326.4155074497693
2026-07-30 07:56:20.889982,4040.2038905385375,4043.7107630049654,4032.906819554893,4036.1057851767614,611.4275236806964
2026-07-30 08:01:20.889982,4036.1057851767614,4038.4251013624043,4032.839224041811,4033.1766533539694,649.8565113758902
2026-07-30 08:06:20.889982,4033.1766533539694,4034.278970377965,4024.91243804563,4026.111091227977,380.5042283951193
2026-07-30 08:11:20.889982,4026.111091227977,4028.5182481348274,4025.072177844172,4026.260549926071,200.89169270035921
2026-07-30 08:16:20.889982,4026.260549926071,4026.554305347871,4016.8987723188407,4019.8363171590413,497.54031013838846
2026-07-30 08:21:20.889982,4019.8363171590413,4026.052936540421,4018.0178470132983,4024.849183794651,465.4308650371778
2026-07-30 08:26:20.889982,4024.849183794651,4025.3630227462572,4007.681268537034,4010.90020969541,412.84710060587616
2026-07-30 08:31:20.889982,4010.90020969541,4013.168501619154,4004.8032598312443,4008.417191154642,588.4633736328971
2026-07-30 08:36:20.889982,4008.417191154642,4013.2204009200063,4004.643564307533,4011.232949060916,349.8540785988803
2026-07-30 08:41:20.889982,4011.232949060916,4016.688481820093,4008.9206342908756,4013.1093172193587,269.60049048417136
2026-07-30 08:46:20.889982,4013.1093172193587,4038.9544405944594,4011.8127267573022,4035.186006860938,521.8165940699664
2026-07-30 08:51:20.889982,4035.186006860938,4039.890446470394,4035.002494868207,4038.413832102929,577.1940185137752
2026-07-30 08:56:20.889982,4038.413832102929,4040.7932691946917,4027.8055744643684,4030.715444559759,264.6710112199894
2026-07-30 09:01:20.889982,4030.715444559759,4033.833280306531,4029.74514242457,4030.348954336379,685.6181221982163
2026-07-30 09:06:20.889982,4030.348954336379,4032.139070389033,4015.747833095513,4016.4581967934387,145.9037724447844
2026-07-30 09:11:20.889982,4016.4581967934387,4019.1176036110655,4015.578052907787,4016.2123990870978,384.37730825687134
2026-07-30 09:16:20.889982,4016.2123990870978,4019.8437124854067,4009.002654718591,4009.927482922743,448.39829276047817
2026-07-30 09:21:20.889982,4009.927482922743,4018.8480123188656,4006.5154102761567,4017.6772520623995,372.75525746961404
2026-07-30 09:26:20.889982,4017.6772520623995,4019.5192269504896,4013.5689616512445,4013.665273345603,386.9879052897615
2026-07-30 09:31:20.889982,4013.665273345603,4015.6503770067293,4012.7900737108434,4013.1293570520006,874.2148964616229
2026-07-30 09:36:20.889982,4013.1293570520006,4017.083672869381,4006.074863881287,4008.432269278237,329.82318219222026
2026-07-30 09:41:20.889982,4008.432269278237,4023.83091188698,4006.172645140776,4022.7989327466403,988.2443444943829
2026-07-30 09:46:20.889982,4022.7989327466403,4023.1081536480874,4017.401157607811,4020.6172143553677,587.4253559462104
2026-07-30 09:51:20.889982,4020.6172143553677,4039.518254969538,4017.1014081951494,4035.783830971409,518.4110274623984
2026-07-30 09:56:20.889982,4035.783830971409,4044.146567019562,4034.4691012615062,4042.7649213733766,595.2480706775332
2026-07-30 10:01:20.889982,4042.7649213733766,4047.211254553309,4040.1314628534506,4047.0692525608097,1005.9855498503905
2026-07-30 10:06:20.889982,4047.0692525608097,4052.626566662509,4045.2102459851353,4050.4599562537396,301.2813992137104
2026-07-30 10:11:20.889982,4050.4599562537396,4057.7363059856584,4049.779969487404,4054.0567186212634,275.9164162127222
2026-07-30 10:16:20.889982,4054.0567186212634,4054.0959062146826,4038.564772053844,4038.8608870046883,349.02676068561584
2026-07-30 10:21:20.889982,4038.8608870046883,4039.7630531682034,4036.8780795591006,4037.0124537360066,506.42862939291217
2026-07-30 10:26:20.889982,4037.0124537360066,4046.280079027519,4035.744466656629,4044.2464551332646,154.84577503748534
2026-07-30 10:31:20.889982,4044.2464551332646,4044.985294642276,4041.2129302721014,4044.2553752667527,504.4678478637216
2026-07-30 10:36:20.889982,4044.2553752667527,4045.082228641849,4030.535425410086,4033.308749079836,838.7094266827344
2026-07-30 10:41:20.889982,4033.308749079836,4034.7174422803378,4031.225003885545,4033.289353343371,530.2814781249555
2026-07-30 10:46:20.889982,4033.289353343371,4051.24362561269,4033.138703392339,4047.463832544486,441.4629082049446
2026-07-30 10:51:20.889982,4047.463832544486,4060.005765253778,4044.0055865148643,4057.9757040368427,376.36791026327455
2026-07-30 10:56:20.889982,4057.9757040368427,4060.3616892513287,4056.7547743920836,4057.8782812495947,679.7023409103128
2026-07-30 11:01:20.889982,4057.8782812495947,4067.630921567216,4055.1178461292966,4066.0139445262416,334.83344535239047
2026-07-30 11:06:20.889982,4066.0139445262416,4069.6359981104715,4063.2740442940153,4063.440915077331,869.2791841198496
2026-07-30 11:11:20.889982,4063.440915077331,4063.7316088532166,4048.7058351084515,4050.022301028054,886.6719495428714
2026-07-30 11:16:20.889982,4050.022301028054,4050.9650639412516,4041.8741768656882,4042.9452779411217,551.3501597323575
2026-07-30 11:21:20.889982,4042.9452779411217,4056.9054502356958,4042.15356798455,4056.007977356119,497.696982384671
2026-07-30 11:26:20.889982,4056.007977356119,4056.537789207775,4050.4049200838326,4054.191348845175,706.1319616483119
2026-07-30 11:31:20.889982,4054.191348845175,4054.7759205223383,4051.795249160065,4052.6236207258453,718.959700445465
2026-07-30 11:36:20.889982,4052.6236207258453,4053.621643015825,4046.8198569830133,4050.599126212859,338.80165378811694
2026-07-30 11:41:20.889982,4050.599126212859,4069.5340321312738,4047.4003703904523,4066.4609501175337,394.6889733726596
2026-07-30 11:46:20.889982,4066.4609501175337,4080.5416883606736,4063.0601286685846,4080.1142626917954,235.5305130633409
2026-07-30 11:51:20.889982,4080.1142626917954,4100.343143916101,4079.0419147139824,4098.670095138614,581.8129876668114
2026-07-30 11:56:20.889982,4098.670095138614,4101.029904788213,4094.4071902836454,4097.776311919166,633.3255766913782
2026-07-30 12:01:20.889982,4097.776311919166,4103.802823540451,4094.129301317377,4100.609874840688,230.0148724277454
2026-07-30 12:06:20.889982,4100.609874840688,4104.41578284782,4087.6256551967117,4088.5992409171968,408.9602190367682
2026-07-30 12:11:20.889982,4088.5992409171968,4102.84265704685,4088.539430682907,4101.1043715841415,230.54921648373016
2026-07-30 12:16:20.889982,4101.1043715841415,4104.7105614849825,4091.313849887053,4091.9463508382214,320.24003795123247
2026-07-30 12:21:20.889982,4091.9463508382214,4097.657186014475,4090.5985155880057,4094.130195972193,610.2034120452599
2026-07-30 12:26:20.889982,4094.130195972193,4095.6373828190867,4085.4037078181314,4085.5635851320544,353.30358666434415
2026-07-30 12:31:20.889982,4085.5635851320544,4086.899069212271,4077.5372508000196,4081.1628076219104,439.8348087935403
2026-07-30 12:36:20.889982,4081.1628076219104,4081.2670707251996,4073.086291915969,4074.741971524576,174.5376544105369
2026-07-30 12:41:20.889982,4074.741971524576,4074.869916914064,4068.6883795996378,4070.1981114239993,537.3980419449329
2026-07-30 12:46:20.889982,4070.1981114239993,4070.900793034058,4065.1928306276027,4066.218405700567,491.14533603107026
2026-07-30 12:51:20.889982,4066.218405700567,4069.786912358329,4060.3969792803528,4062.1682845948853,354.20814999336756
2026-07-30 12:56:20.889982,4062.1682845948853,4070.465309745106,4059.7742929270803,4069.3511295795183,462.19714046350515
2026-07-30 13:01:20.889982,4069.3511295795183,4069.9294126970344,4059.7216342945794,4060.774965240187,536.0589761006888
2026-07-30 13:06:20.889982,4060.774965240187,4065.192166114083,4059.8104376181827,4062.9727754930445,337.0263702181312
2026-07-30 13:11:20.889982,4062.9727754930445,4076.0555015146574,4060.9758597125724,4073.2892178243765,204.74749119964412
2026-07-30 13:16:20.889982,4073.2892178243765,4076.433752580523,4065.6586018936127,4069.51749962566,861.1148865373631
2026-07-30 13:21:20.889982,4069.51749962566,4069.988769649402,4062.7248067135697,4064.084913731802,373.3454590579455
2026-07-30 13:26:20.889982,4064.084913731802,4065.3835882574435,4062.003645352714,4062.617843778488,480.64797936262215
2026-07-30 13:31:20.889982,4062.617843778488,4075.922006525694,4059.5307469963527,4072.6219481839075,702.1679470040627
2026-07-30 13:36:20.889982,4072.6219481839075,4076.5845950480866,4070.4318111111693,4074.610749817139,1205.8110375140968
2026-07-30 13:41:20.889982,4074.610749817139,4074.8533690019326,4068.429815585606,4070.6911144287233,251.10271002222686
2026-07-30 13:46:20.889982,4070.6911144287233,4078.264677935181,4068.3552396237214,4075.0399296268292,589.965442745302
2026-07-30 13:51:20.889982,4075.0399296268292,4076.121063678654,4063.758116164997,4066.4726829790143,358.48954294117874
2026-07-30 13:56:20.889982,4066.4726829790143,4073.8972768175413,4064.256970652781,4072.4251422467196,392.2419390846578
2026-07-30 14:01:20.889982,4072.4251422467196,4078.1495391378517,4070.872835589193,4076.1621436614932,355.95759579864205
2026-07-30 14:06:20.889982,4076.1621436614932,4079.092406871088,4070.459982003598,4074.0609471535618,274.86900643988304
2026-07-30 14:11:20.889982,4074.0609471535618,4074.0821832715246,4063.8429019513596,4067.640518333567,491.7417276430677
2026-07-30 14:16:20.889982,4067.640518333567,4069.7211780268403,4057.994015946962,4060.8395756986947,205.09946259035286
2026-07-30 14:21:20.889982,4060.8395756986947,4069.0706736929524,4058.94274253899,4065.5920532561368,689.3615133023741
2026-07-30 14:26:20.889982,4065.5920532561368,4079.4083499484245,4064.869923529659,4076.0049914576516,511.00058720667494
2026-07-30 14:31:20.889982,4076.0049914576516,4076.6537591226697,4068.543352988035,4071.2200636161756,584.486994580288
2026-07-30 14:36:20.889982,4071.2200636161756,4078.9078245541577,4067.5868002568945,4075.361677095739,406.7622776107554
2026-07-30 14:41:20.889982,4075.361677095739,4077.9851522898057,4056.6593571815993,4058.792208774968,426.55921315765033
2026-07-30 14:46:20.889982,4058.792208774968,4060.1372644573526,4050.4813562109184,4054.4547235250016,557.5127810334657
2026-07-30 14:51:20.889982,4054.4547235250016,4055.9045586227357,4051.4374546473546,4054.608317832404,267.18987351883493
2026-07-30 14:56:20.889982,4054.608317832404,4056.765295663234,4045.179907802159,4047.642948494454,428.4019131173328
2026-07-30 15:01:20.889982,4047.642948494454,4049.235617270413,4036.5744426356464,4040.472784215699,328.0772972243092
2026-07-30 15:06:20.889982,4040.472784215699,4042.78265109552,4031.699197456842,4035.4836240824256,321.8862378817971
2026-07-30 15:11:20.889982,4035.4836240824256,4038.277051686824,4033.172621321964,4038.2463956778215,78.03235187487172
2026-07-30 15:16:20.889982,4038.2463956778215,4041.1425730502824,4034.129420120038,4037.137411153346,767.865317896
2026-07-30 15:21:20.889982,4037.137411153346,4040.790927179016,4019.4899446614427,4019.5076369624485,362.6922493692462
2026-07-30 15:26:20.889982,4019.5076369624485,4019.5089640401134,4001.0052475934817,4002.8956689553047,732.67521103271
2026-07-30 15:31:20.889982,4002.8956689553047,4003.012928600198,3994.5433942551795,3998.4400042031416,713.7584642788585
2026-07-30 15:36:20.889982,3998.4400042031416,4003.3907910723055,3996.5500826406737,4002.501974772675,242.80005869670129
2026-07-30 15:41:20.889982,4002.501974772675,4002.7466782575316,3978.888324614654,3980.966581913572,282.31775286543086
2026-07-30 15:46:20.889982,3980.966581913572,3982.479174550377,3977.20983994587,3977.3874701851446,1012.1005918711368
2026-07-30 15:51:20.889982,3977.3874701851446,3978.7203892444572,3972.045418841998,3973.6008293365876,850.1851883854288
2026-07-30 15:56:20.889982,3973.6008293365876,3988.992931489825,3972.7747738635217,3985.0480467845496,493.69629733437915
2026-07-30 16:01:20.889982,3985.0480467845496,3987.219019726708,3978.446920615163,3982.3787851125035,551.4746212834699
2026-07-30 16:06:20.889982,3982.3787851125035,3988.9857841390935,3978.4228194511707,3985.828931066126,373.83071941056227
2026-07-30 16:11:20.889982,3985.828931066126,3991.2148072071936,3983.8777101963465,3987.353859185391,586.470542840068
2026-07-30 16:16:20.889982,3987.353859185391,3990.1305561178156,3970.3578751860405,3970.7964223593726,356.56361985550575
2026-07-30 16:21:20.889982,3970.7964223593726,3979.054191490682,3967.583974426118,3977.299610440677,93.5292471403231
2026-07-30 16:26:20.889982,3977.299610440677,3981.4222307433542,3974.5047658511958,3979.411293659972,235.68884269778982
2026-07-30 16:31:20.889982,3979.411293659972,3986.8279027287053,3978.402635696716,3983.856936120127,504.21854957011743
2026-07-30 16:36:20.889982,3983.856936120127,4019.181283442313,3982.025069339366,4015.664768322745,273.78655289948244
2026-07-30 16:41:20.889982,4015.664768322745,4016.508801238185,3995.900211721195,3999.36132252672,486.5445070172931
2026-07-30 16:46:20.889982,3999.36132252672,4015.2588009792935,3996.3605519808534,4013.5818510020977,285.0677921134274
2026-07-30 16:51:20.889982,4013.5818510020977,4015.7814265945153,4010.1443275558004,4011.6762734037225,343.52921549960126
2026-07-30 16:56:20.889982,4011.6762734037225,4017.634849992704,4009.3315692464257,4014.383695316951,670.6330612826383
2026-07-30 17:01:20.889982,4014.383695316951,4015.987606825685,4013.943727413236,4014.419726617233,549.496109528021
2026-07-30 17:06:20.889982,4014.419726617233,4018.014419948925,4011.273884091947,4011.4161673600356,498.06711573733054
2026-07-30 17:11:20.889982,4011.4161673600356,4014.8787710447396,4005.805347134211,4007.2478021636625,675.7927946141302
2026-07-30 17:16:20.889982,4007.2478021636625,4012.854462038975,4003.5523193471663,4010.2905278516173,596.1217186694695
2026-07-30 17:21:20.889982,4010.2905278516173,4010.898915454785,3996.2732162489187,3998.54019051179,789.3126582502734
2026-07-30 17:26:20.889982,3998.54019051179,4008.009128316082,3995.510961108981,4004.947614747298,408.02814753697197
2026-07-30 17:31:20.889982,4004.947614747298,4007.052743029908,3999.515292773918,4002.0155097820366,414.0730042944983
2026-07-30 17:36:20.889982,4002.0155097820366,4005.047144561635,3990.0213887795644,3993.3799316701648,239.77814672173093
2026-07-30 17:41:20.889982,3993.3799316701648,3996.422140802912,3988.77385694335,3990.1864026541043,414.2038565255161
2026-07-30 17:46:20.889982,3990.1864026541043,4004.6191233087516,3988.4526559137093,4000.631588183903,692.9539788604891
2026-07-30 17:51:20.889982,4000.631588183903,4000.729462446556,3995.300889147036,3996.7501785130166,759.9974744524268
2026-07-30 17:56:20.889982,3996.7501785130166,4000.5276205347227,3996.2648027169253,4000.01648660972,692.0610336173336
2026-07-30 18:01:20.889982,4000.01648660972,4001.1426314117057,3994.359309611689,3994.572521894072,141.1616266901127
2026-07-30 18:06:20.889982,3994.572521894072,4003.787103898668,3994.2769679303133,4001.0323443633533,716.6290425321469
2026-07-30 18:11:20.889982,4001.0323443633533,4007.7368213256877,4000.6606496008803,4006.9222558816227,132.29627534558585
2026-07-30 18:16:20.889982,4006.9222558816227,4022.4204072095695,4005.8493957739233,4022.1663360888037,679.6234648244695
2026-07-30 18:21:20.889982,4022.1663360888037,4024.4666088641716,4017.2772332737686,4021.156384758359,426.443094685789
2026-07-30 18:26:20.889982,4021.156384758359,4030.466001310547,4017.634117461428,4026.940187033122,640.5066627867711
2026-07-30 18:31:20.889982,4026.940187033122,4028.842103291803,4025.8734216097914,4028.132881874526,233.5103304210868
2026-07-30 18:36:20.889982,4028.132881874526,4039.298740477398,4024.997107957015,4038.9901886203857,734.2335265412294
2026-07-30 18:41:20.889982,4038.9901886203857,4039.2721759770916,4031.3455030449045,4033.590985684497,207.0050507790222
2026-07-30 18:46:20.889982,4033.590985684497,4041.0109593207685,4032.609025569574,4040.0095396439356,366.3090178293645
2026-07-30 18:51:20.889982,4040.0095396439356,4044.0120783183006,4035.7840389148423,4038.8405518881173,300.38107444619294
2026-07-30 18:56:20.889982,4038.8405518881173,4042.220816507854,4036.4158646321184,4038.725945944048,149.14302943550018
2026-07-30 19:01:20.889982,4038.725945944048,4043.389892593057,4036.1189865556553,4039.871107139509,518.9055135176936
2026-07-30 19:06:20.889982,4039.871107139509,4046.138600946761,4038.73453551442,4042.313869856569,861.2178235673923
2026-07-30 19:11:20.889982,4042.313869856569,4044.720338313484,4038.9891101350036,4041.7784681572953,1033.3810444640017
2026-07-30 19:16:20.889982,4041.7784681572953,4045.507865362991,4038.2228833757486,4043.9188587848694,519.4311574172496
2026-07-30 19:21:20.889982,4043.9188587848694,4061.083443214867,4041.9220950268145,4057.108275693287,723.3362550135045
2026-07-30 19:26:20.889982,4057.108275693287,4067.1070013288186,4055.193572417727,4065.518844385328,546.4189275857075
2026-07-30 19:31:20.889982,4065.518844385328,4076.4725949505546,4062.894680337928,4072.999398697941,599.7766389536425
2026-07-30 19:36:20.889982,4072.999398697941,4073.1817565442857,4067.490746180467,4069.697213554281,431.57026977455223
2026-07-30 19:41:20.889982,4069.697213554281,4069.7676198155946,4059.708941424232,4062.872031008232,539.0153850845204
2026-07-30 19:46:20.889982,4062.872031008232,4072.3856390445226,4060.9543250107113,4071.049063670726,607.4957409212857
2026-07-30 19:51:20.889982,4071.049063670726,4081.8534995373975,4070.859968256606,4078.596014198015,384.3080542247337
2026-07-30 19:56:20.889982,4078.596014198015,4091.684262247148,4076.9728945928373,4091.035663170949,484.5011400214024
2026-07-30 20:01:20.889982,4091.035663170949,4091.9762952148744,4085.124628258887,4086.505464281705,488.31397620050234
2026-07-30 20:06:20.889982,4086.505464281705,4090.5845108024105,4081.6664250370336,4085.038274606936,665.2806634661049
2026-07-30 20:11:20.889982,4085.038274606936,4088.649047352042,4068.2569322613417,4072.0726868407623,286.7935656744639
2026-07-30 20:16:20.889982,4072.0726868407623,4073.4610025269535,4068.075616684787,4069.284507346638,489.6915582784697
2026-07-30 20:21:20.889982,4069.284507346638,4078.7654767634685,4065.9065254601655,4077.811014153258,882.4010938105396
2026-07-30 20:26:20.889982,4077.811014153258,4080.5820982219725,4073.4533867922796,4074.415649613708,732.8120305171875
2026-07-30 20:31:20.889982,4074.415649613708,4081.584292042859,4072.3510952728966,4080.046139825251,769.835809777741
2026-07-30 20:36:20.889982,4080.046139825251,4082.200975627218,4075.274751250256,4078.8997825890265,504.88636803560684
2026-07-30 20:41:20.889982,4078.8997825890265,4083.5058594065245,4075.194004118541,4081.9524065642836,564.1995127372046
2026-07-30 20:46:20.889982,4081.9524065642836,4083.7540479393106,4069.960811760569,4073.000788253329,700.4472333405851
2026-07-30 20:51:20.889982,4073.000788253329,4077.8923048930114,4069.304231695687,4074.1023535785343,812.0511059061862
2026-07-30 20:56:20.889982,4074.1023535785343,4074.334385389227,4049.3745767513137,4050.2077218752506,109.67941742342265
2026-07-30 21:01:20.889982,4050.2077218752506,4052.1392879123455,4047.351551888206,4049.098957913938,236.9117385900309
2026-07-30 21:06:20.889982,4049.098957913938,4051.6939916861666,4032.5070317363297,4036.3201799423505,761.8888202805296
2026-07-30 21:11:20.889982,4036.3201799423505,4046.926959937959,4034.4963336937876,4046.4721174079077,444.62212884623926
2026-07-30 21:16:20.889982,4046.4721174079077,4053.9536978659485,4042.854135941028,4053.173822484028,365.6558421483845
2026-07-30 21:21:20.889982,4053.173822484028,4061.277955020201,4051.233561358211,4057.364301808098,249.16780260087924
2026-07-30 21:26:20.889982,4057.364301808098,4070.555975317581,4054.178075260937,4070.1326396099425,388.99665969117814
2026-07-30 21:31:20.889982,4070.1326396099425,4072.970097375003,4061.380830110989,4062.821794475206,219.52614331523506
2026-07-30 21:36:20.889982,4062.821794475206,4081.0711708098784,4058.857163405653,4077.4528087126714,918.2188545464954
2026-07-30 21:41:20.889982,4077.4528087126714,4087.749455776975,4075.1460798515936,4085.4703604109127,495.5127896038853
2026-07-30 21:46:20.889982,4085.4703604109127,4086.685843017877,4081.5592212844363,4083.9463125547563,488.4098916474565
2026-07-30 21:51:20.889982,4083.9463125547563,4095.44155944829,4082.7121806246464,4093.641821258594,617.6153350335663
2026-07-30 21:56:20.889982,4093.641821258594,4093.9168533888537,4083.9704629357725,4085.00277524401,692.4690338533139
2026-07-30 22:01:20.889982,4085.00277524401,4085.8110120370384,4076.469072933677,4078.6798886748948,689.1776313109278
2026-07-30 22:06:20.889982,4078.6798886748948,4081.1339080922808,4071.6464178938572,4074.125815666537,714.7243887815143
2026-07-30 22:11:20.889982,4074.125815666537,4075.707313904049,4068.5103538165463,4070.2248535476465,373.8308898418287
2026-07-30 22:16:20.889982,4070.2248535476465,4073.6203915377546,4060.1047873247317,4062.039263711906,440.4266390086278
2026-07-30 22:21:20.889982,4062.039263711906,4076.4176719730567,4060.253521262606,4072.3950687262422,653.8063310884551
2026-07-30 22:26:20.889982,4072.3950687262422,4075.0404189618425,4070.489336318152,4070.6943486935374,394.52218767207603
2026-07-30 22:31:20.889982,4070.6943486935374,4076.6343063979393,4067.2284520814637,4073.9726174359794,498.978673594555
2026-07-30 22:36:20.889982,4073.9726174359794,4077.812164863252,4065.6761977894976,4069.7350284172508,579.7527528849629
2026-07-30 22:41:20.889982,4069.7350284172508,4070.883420735721,4053.015417038311,4055.348743307639,657.0370164620753
2026-07-30 22:46:20.889982,4055.348743307639,4059.774451734771,4053.0622667963335,4057.9454627304094,144.46380752595974
2026-07-30 22:51:20.889982,4057.9454627304094,4058.5843982436318,4039.3984228041536,4042.859715421577,642.949129977789
2026-07-30 22:56:20.889982,4042.859715421577,4046.536975061023,4040.891197286362,4042.7090485606195,453.25518842965494
2026-07-30 23:01:20.889982,4042.7090485606195,4043.8427448994894,4031.4961106471105,4032.0639600351187,641.4915421728762
2026-07-30 23:06:20.889982,4032.0639600351187,4051.2945698133926,4030.8050212874086,4048.526329916809,655.3863384709657
2026-07-30 23:11:20.889982,4048.526329916809,4060.0074004396015,4045.809718244697,4056.3180227460794,821.5830122238315
2026-07-30 23:16:20.889982,4056.3180227460794,4060.201714413909,4054.048909861399,4057.5817933942203,770.6907295242406
2026-07-30 23:21:20.889982,4057.5817933942203,4068.442985518689,4053.8004418863266,4068.2567556165604,769.3143325220592
2026-07-30 23:26:20.889982,4068.2567556165604,4070.8113665657806,4057.745012943977,4061.7826766876365,788.7340638332477
2026-07-30 23:31:20.889982,4061.7826766876365,4068.7919247626655,4058.8983605683648,4066.6067076026434,558.2757969631892
2026-07-30 23:36:20.889982,4066.6067076026434,4068.867673211205,4064.037685028538,4068.6389768132008,506.43701740736793
2026-07-30 23:41:20.889982,4068.6389768132008,4074.3080857839377,4065.4714832091577,4071.1950480717214,2967.2263393744165
2026-07-30 23:46:20.889982,4071.1950480717214,4085.119994213409,4070.273807360019,4081.9764166108475,2843.4141234380454
2026-07-30 23:51:20.889982,4081.9764166108475,4092.3574361065844,4077.9141066642237,4088.369646577425,1927.4678139523683
2026-07-30 23:56:20.889982,4088.369646577425,4091.449513347221,4084.5411074467556,4091.1402400203674,2555.510221065711
2026-07-31 00:01:20.889982,4091.1402400203674,4092.3244172666277,4075.21873222573,4078.029653150555,2168.4919482445284
2026-07-31 00:06:20.889982,4078.029653150555,4079.408479511371,4066.6746579093974,4070.614012218505,1448.1228925086393
2026-07-31 00:11:20.889982,4070.614012218505,4071.0271952464095,4067.996274695123,4070.0221152479294,3334.647172617484
2026-07-31 00:16:20.889982,4070.0221152479294,4072.9320036633558,4068.6951925870685,4071.189340055767,511.03984850601785
2026-07-31 00:21:20.889982,4071.189340055767,4073.817431158082,4061.8710049949486,4062.4034062934393,909.7416515397701
2026-07-31 00:26:20.889982,4062.4034062934393,4085.379110648898,4058.41984550951,4082.453369745019,174.90154596003345
2026-07-31 00:31:20.889982,4082.453369745019,4098.557764838675,4078.9423914540657,4095.2628853961896,388.64424543132674
2026-07-31 00:36:20.889982,4095.2628853961896,4102.082291057438,4093.9323893347046,4100.607561908818,506.52776733817427
2026-07-31 00:41:20.889982,4100.607561908818,4103.729264556243,4100.420055006543,4101.608534611839,727.4762195257828
2026-07-31 00:46:20.889982,4101.608534611839,4105.4860236043905,4099.688555840637,4100.278115038822,579.8938745204371
2026-07-31 00:51:20.889982,4100.278115038822,4103.980719640917,4092.546456063074,4092.888548782381,562.0945508361502
2026-07-31 00:56:20.889982,4092.888548782381,4097.299979619235,4092.2665831003696,4093.932208931941,274.5472414891706
2026-07-31 01:01:20.889982,4093.932208931941,4096.609025008066,4090.9866678975372,4096.452820649965,268.6117205541058
2026-07-31 01:06:20.889982,4096.452820649965,4097.600914229395,4083.7805340367286,4086.7004657971224,564.5009320579809
2026-07-31 01:11:20.889982,4086.7004657971224,4092.111911122027,4086.255802584787,4089.8417003174122,227.1788012363283
2026-07-31 01:16:20.889982,4089.8417003174122,4093.6539647613195,4087.131301264603,4088.98080524315,393.6244499421343
2026-07-31 01:21:20.889982,4088.98080524315,4091.983946064531,4071.7748516644897,4073.8159172456344,600.1834658171715
2026-07-31 01:26:20.889982,4073.8159172456344,4076.277974642101,4065.9871000180938,4067.2185463882834,303.5351455446448
2026-07-31 01:31:20.889982,4067.2185463882834,4068.0334555326863,4062.0567478318962,4064.2618952350977,821.0711924723613
2026-07-31 01:36:20.889982,4064.2618952350977,4081.839106883638,4062.67637296691,4080.042994546901,744.787268847578
2026-07-31 01:41:20.889982,4080.042994546901,4087.742957545902,4077.225697800276,4084.9955235646435,185.71600033233995
2026-07-31 01:46:20.889982,4084.9955235646435,4085.1831067882176,4073.126423007278,4074.5066396982347,313.5257513636026
2026-07-31 01:51:20.889982,4074.5066396982347,4080.556685886492,4074.1118519442366,4078.877148871858,50.0
2026-07-31 01:56:20.889982,4078.877148871858,4079.839359526433,4066.4707709005556,4066.680781604849,343.4817274903734
2026-07-31 02:01:20.889982,4066.680781604849,4079.964397349182,4063.685438582979,4075.903810383365,653.2776953144798
2026-07-31 02:06:20.889982,4075.903810383365,4076.260248809473,4072.3898634829757,4072.4723285218406,417.2210115450286
2026-07-31 02:11:20.889982,4072.4723285218406,4075.401608184204,4070.328487834729,4072.1169296879916,592.1594487231935
2026-07-31 02:16:20.889982,4072.1169296879916,4086.5499252634745,4068.35642728023,4083.3371690168906,195.53313634365117
2026-07-31 02:21:20.889982,4083.3371690168906,4085.7843145707675,4072.484007780617,4073.2461464432317,659.5950509163811
2026-07-31 02:26:20.889982,4073.2461464432317,4076.4322152863288,4058.4038476613946,4062.2866289254616,388.97815441433005
2026-07-31 02:31:20.889982,4062.2866289254616,4064.6436947245697,4055.186160533734,4057.9536745809814,502.433936456581
2026-07-31 02:36:20.889982,4057.9536745809814,4068.1689182254568,4056.4054528704805,4066.7964773244958,481.4250997213895
2026-07-31 02:41:20.889982,4066.7964773244958,4069.784167648415,4051.100972835686,4054.862957495651,245.69029582154323
2026-07-31 02:46:20.889982,4054.862957495651,4057.4134192077017,4029.1781407586623,4032.3630943149606,269.3831336520435
2026-07-31 02:51:20.889982,4032.3630943149606,4033.055189024879,4028.2751449101224,4029.1291554604454,693.5588938006852
2026-07-31 02:56:20.889982,4029.1291554604454,4036.1272751125016,4028.417795816961,4033.9810572640085,579.7984315003391
2026-07-31 03:01:20.889982,4033.9810572640085,4046.6487150191174,4032.8045338388356,4044.0807436833034,710.0098083106853
2026-07-31 03:06:20.889982,4044.0807436833034,4047.2817655044514,4037.4750440222488,4040.740408154061,564.9316471005037
2026-07-31 03:11:20.889982,4040.740408154061,4042.6144528673267,4037.0905204780365,4037.820601385141,528.5981269618433
2026-07-31 03:16:20.889982,4037.820601385141,4050.17244276671,4033.8119055100087,4047.5545858069977,154.7978762666467
2026-07-31 03:21:20.889982,4047.5545858069977,4050.0745564510466,4032.706078247618,4032.8503522216647,445.926660647766
2026-07-31 03:26:20.889982,4032.8503522216647,4032.9200962379277,4028.829771594888,4030.1208690578214,494.5231359192512
2026-07-31 03:31:20.889982,4030.1208690578214,4032.8486216178544,4026.8441744203005,4032.0592097162894,890.6214396545148
2026-07-31 03:36:20.889982,4032.0592097162894,4039.496688157678,4031.016443517621,4036.086979005164,637.3913264197355
2026-07-31 03:41:20.889982,4036.086979005164,4037.4013096491926,4031.424408654695,4032.377045504379,807.2122363419057
2026-07-31 03:46:20.889982,4032.377045504379,4036.721658595882,4030.35017386551,4033.058099006211,619.5075411789456
2026-07-31 03:51:20.889982,4033.058099006211,4035.704337825904,4011.7706343402197,4013.4381459959577,357.7393546101041
2026-07-31 03:56:20.889982,4013.4381459959577,4015.970682430834,4007.0120557458335,4008.5587797038875,523.4248432299703
2026-07-31 04:01:20.889982,4008.5587797038875,4013.9604942854253,4006.015429036021,4012.597501434902,547.2447292528466
2026-07-31 04:06:20.889982,4012.597501434902,4014.969195652474,4003.947015500747,4005.1226309528024,312.16888604586364
2026-07-31 04:11:20.889982,4005.1226309528024,4006.594005698737,4003.6464360950695,4005.9957164464995,423.12252468141577
2026-07-31 04:16:20.889982,4005.9957164464995,4011.6435670018504,4003.4772096998036,4009.9786333402776,458.8466012645656
2026-07-31 04:21:20.889982,4009.9786333402776,4013.645874142037,4007.488072113613,4007.6330875054705,821.1239665130236
2026-07-31 04:26:20.889982,4007.6330875054705,4010.3774875438316,4006.8567450856135,4009.4005529454153,83.85189492180433
2026-07-31 04:31:20.889982,4009.4005529454153,4011.414452425374,4000.3685077542586,4002.0882082872176,741.1636841432087
2026-07-31 04:36:20.889982,4002.0882082872176,4005.0058811649064,3999.8649942407937,4000.834860274388,312.64095300812346
2026-07-31 04:41:20.889982,4000.834860274388,4008.502813849495,3997.2986933226707,4006.1211813541845,225.5841625460772
2026-07-31 04:46:20.889982,4006.1211813541845,4011.4296380429873,4002.2801740408395,4007.779842154244,735.9884260076929
2026-07-31 04:51:20.889982,4007.779842154244,4010.8789026122713,3999.854444453453,4003.4815503209747,646.3796138468763
2026-07-31 04:56:20.889982,4003.4815503209747,4006.6172482482007,4002.6905386555723,4005.6777931424826,750.903740476238
2026-07-31 05:01:20.889982,4005.6777931424826,4011.834069058917,4002.846402396721,4011.8080401122415,660.1403895091154
2026-07-31 05:06:20.889982,4011.8080401122415,4015.568978513654,3995.0463739389,3995.7933289435614,911.9690003474805
2026-07-31 05:11:20.889982,3995.7933289435614,4008.0186978667202,3992.810630017338,4005.467441113521,611.7447673888971
2026-07-31 05:16:20.889982,4005.467441113521,4009.1829697303197,4000.5854347156137,4003.1749293471917,468.7045247753683
2026-07-31 05:21:20.889982,4003.1749293471917,4010.871629992809,4001.795142470271,4006.9836788420025,568.5852754642685
2026-07-31 05:26:20.889982,4006.9836788420025,4018.39721203866,4004.807836576968,4016.991552074671,748.6938256691927
2026-07-31 05:31:20.889982,4016.991552074671,4018.5320758913176,4006.3815574782166,4006.3872694978777,344.1249349479766
2026-07-31 05:36:20.889982,4006.3872694978777,4009.319031623361,3998.0991001803554,4001.106800346952,369.62228349372384
2026-07-31 05:41:20.889982,4001.106800346952,4004.095525517451,3997.818531949293,3999.198338025786,438.2079970804185
2026-07-31 05:46:20.889982,3999.198338025786,4001.287077219421,3991.896296072455,3993.3337904862697,79.08344024693355
2026-07-31 05:51:20.889982,3993.3337904862697,4007.679229104983,3991.087744123667,4007.6149613882935,527.6156816835094
2026-07-31 05:56:20.889982,4007.6149613882935,4008.110946485323,4000.8334540777723,4001.1537117187518,122.77425920979476
2026-07-31 06:01:20.889982,4001.1537117187518,4004.176579621668,3997.072218154543,3997.110215493339,510.6118625865238
2026-07-31 06:06:20.889982,3997.110215493339,4002.9795881339132,3995.050683013857,3999.1443749111636,673.0579512270499
2026-07-31 06:11:20.889982,3999.1443749111636,4003.075599540467,3989.708352664459,3989.9397594848215,404.6247078712329
2026-07-31 06:16:20.889982,3989.9397594848215,3992.2680072326757,3985.7893918425543,3987.1822223901977,835.4231740373741
2026-07-31 06:21:20.889982,3987.1822223901977,3993.479096475778,3985.7419615219483,3990.1135055894715,207.8998201163024
2026-07-31 06:26:20.889982,3990.1135055894715,3991.1528805967064,3984.4370546123278,3987.8568537276687,738.2521363263666
2026-07-31 06:31:20.889982,3987.8568537276687,3989.3509166269887,3987.4437045304135,3987.5108275756215,635.0274112813842
2026-07-31 06:36:20.889982,3987.5108275756215,3989.0671095911034,3981.0825615469294,3983.689975348631,156.7933503378622
2026-07-31 06:41:20.889982,3983.689975348631,3984.7032648935087,3970.3231831370695,3972.0390547253387,1042.1588598081066
2026-07-31 06:46:20.889982,3972.0390547253387,3975.217559650899,3969.703127189643,3974.9921174232886,487.2509428992068
2026-07-31 06:51:20.889982,3974.9921174232886,3992.3843755980324,3973.3492032496874,3989.3672374069665,324.50319556887365
2026-07-31 06:56:20.889982,3989.3672374069665,3991.589724847688,3989.0150460994755,3989.913033189102,218.58256104319662
2026-07-31 07:01:20.889982,3989.913033189102,3992.916367896665,3989.295892181239,3992.110197712112,455.9963944680652
2026-07-31 07:06:20.889982,3992.110197712112,3999.9704756698065,3989.997351269887,3998.0446664554124,474.51862552200805
2026-07-31 07:11:20.889982,3998.0446664554124,4001.838571486079,3988.01459984441,3988.306669541339,520.5291057079329
2026-07-31 07:16:20.889982,3988.306669541339,4004.7111864063745,3986.2068319532923,4002.3103286216065,440.44076875520796
2026-07-31 07:21:20.889982,4002.3103286216065,4006.3978026650707,3998.815674187182,4004.3306346563827,626.6450620230187
2026-07-31 07:26:20.889982,4004.3306346563827,4018.648553067475,4004.167364984862,4017.8227359268076,422.47403346735075
2026-07-31 07:31:20.889982,4017.8227359268076,4020.523803674896,4010.9529837599102,4012.3378721251097,113.00717655190579
2026-07-31 07:36:20.889982,4012.3378721251097,4027.427342447115,4011.3292746755906,4027.3565015836944,470.12770087007175
2026-07-31 07:41:20.889982,4027.3565015836944,4035.2562063943283,4024.872273536526,4034.008379595104,50.0
2026-07-31 07:46:20.889982,4034.008379595104,4039.5737050217817,4032.342114894232,4038.8766522876795,570.7541261782779
2026-07-31 07:51:20.889982,4038.8766522876795,4043.1213495730176,4037.0218491098412,4041.171583517291,304.13995394347296
2026-07-31 07:56:20.889982,4041.171583517291,4045.1074452675734,4039.3835081775633,4039.5673256097175,532.6720709831601
2026-07-31 08:01:20.889982,4039.5673256097175,4053.534304065771,4037.216551054511,4049.6831841923927,762.8149963049209
2026-07-31 08:06:20.889982,4049.6831841923927,4054.448944281707,4047.9402304446126,4051.225272053148,310.2502609464
2026-07-31 08:11:20.889982,4051.225272053148,4053.0638715471114,4032.1733320004005,4035.722049341048,712.2512517024236
2026-07-31 08:16:20.889982,4035.722049341048,4039.3377919424993,4026.15627122693,4027.117499398254,413.3220866627694
2026-07-31 08:21:20.889982,4027.117499398254,4027.919869854115,4024.0256599277723,4026.0235144064486,850.638960413117
2026-07-31 08:26:20.889982,4026.0235144064486,4032.5504340184075,4024.725705220407,4028.9232869391167,426.96947736035736
2026-07-31 08:31:20.889982,4028.9232869391167,4031.550203806281,4026.0171470255996,4028.8701982561824,331.90140289866173
2026-07-31 08:36:20.889982,4028.8701982561824,4042.253372949429,4026.5982198135966,4039.108221708419,637.4476900790577
2026-07-31 08:41:20.889982,4039.108221708419,4040.7337817278744,4019.888809128577,4023.779868596918,412.8420540752728
2026-07-31 08:46:20.889982,4023.779868596918,4027.7988936731267,4020.848282565388,4025.338080711946,331.71009717419827
2026-07-31 08:51:20.889982,4025.338080711946,4026.726753297918,4008.442534163818,4011.129787279703,404.43202985924177
2026-07-31 08:56:20.889982,4011.129787279703,4018.6665078217557,4010.1466717330336,4017.6307720012956,491.0786935633997
2026-07-31 09:01:20.889982,4017.6307720012956,4020.502261912717,4015.178965201337,4017.2735504846883,768.4360262489708
2026-07-31 09:06:20.889982,4017.2735504846883,4023.7959147049737,4016.1911423623233,4021.0484263658623,113.1824509080846
2026-07-31 09:11:20.889982,4021.0484263658623,4023.455921914247,4012.7262496328435,4014.508425009722,504.6161317900841
2026-07-31 09:16:20.889982,4014.508425009722,4027.5998077472236,4013.340685873963,4025.196925036244,624.9807189308086
2026-07-31 09:21:20.889982,4025.196925036244,4036.881466363155,4021.9529006297826,4033.9953405094316,538.6897149983592
2026-07-31 09:26:20.889982,4033.9953405094316,4040.1598409586345,4032.7826385717126,4039.110009727383,761.9730338867068
2026-07-31 09:31:20.889982,4039.110009727383,4041.780484556179,4035.6586047265937,4038.4677029876957,485.13093404829516
2026-07-31 09:36:20.889982,4038.4677029876957,4046.4052932955783,4035.7106471252805,4043.5582252253544,463.089711562811
2026-07-31 09:41:20.889982,4043.5582252253544,4045.1465661001703,4036.6548290664,4038.2493466590868,618.4659094026687
2026-07-31 09:46:20.889982,4038.2493466590868,4046.6005751911302,4037.616013072946,4045.56969273574,519.86276299027
2026-07-31 09:51:20.889982,4045.56969273574,4062.155234857048,4045.1926910075076,4059.343825148556,421.9182523439058
2026-07-31 09:56:20.889982,4059.343825148556,4072.2672778969695,4055.988021206412,4068.451915071852,603.228807917276
2026-07-31 10:01:20.889982,4068.451915071852,4071.9406359417667,4059.2420834072573,4062.925811536673,369.49434135667093
2026-07-31 10:06:20.889982,4062.925811536673,4067.931801663444,4059.485729313126,4066.2703034051683,377.7645695961346
2026-07-31 10:11:20.889982,4066.2703034051683,4066.913023376662,4056.085179084528,4056.1729619466664,394.4011956468773
2026-07-31 10:16:20.889982,4056.1729619466664,4064.412771904903,4055.869573805417,4061.225151231909,770.6138320332815
2026-07-31 10:21:20.889982,4061.225151231909,4069.3119564909257,4058.48465100005,4065.293313770348,50.0
2026-07-31 10:26:20.889982,4065.293313770348,4068.356307839658,4049.5283986306204,4050.5240330578918,579.1197669525884
2026-07-31 10:31:20.889982,4050.5240330578918,4053.2535410310097,4041.3527501281433,4041.5274246898525,506.8543628400445
2026-07-31 10:36:20.889982,4041.5274246898525,4044.913520314034,4038.958168629864,4039.643389475975,163.82590815237592
2026-07-31 10:41:20.889982,4039.643389475975,4042.460467380757,4036.710763669851,4037.617129986976,561.9453558272005
2026-07-31 10:46:20.889982,4037.617129986976,4037.893517676452,4026.325345866343,4028.2649299656437,595.1503983663064
2026-07-31 10:51:20.889982,4028.2649299656437,4032.485656845159,4025.3265363290934,4031.803128173025,617.92784627148
2026-07-31 10:56:20.889982,4031.803128173025,4035.19322206992,4030.4223462494797,4034.234825671152,50.0
2026-07-31 11:01:20.889982,4034.234825671152,4036.524008860056,4031.921665190242,4033.0709624757656,773.2778823708877
2026-07-31 11:06:20.889982,4033.0709624757656,4034.5954153714133,4024.097143846949,4027.3819642572926,352.45265906303183
2026-07-31 11:11:20.889982,4027.3819642572926,4036.9648555164545,4027.05090705838,4036.241521280634,637.3135493506352
2026-07-31 11:16:20.889982,4036.241521280634,4051.361755618797,4034.528634152946,4050.0318961156704,648.2147561364573
2026-07-31 11:21:20.889982,4050.0318961156704,4052.2296835170464,4045.014522103135,4046.521542612686,324.6605828761414
2026-07-31 11:26:20.889982,4046.521542612686,4049.7179373243994,4041.8155298656143,4041.9744582304806,632.0919904703101
2026-07-31 11:31:20.889982,4041.9744582304806,4048.0990054485073,4040.429389586932,4046.351922040443,422.9013518175284
2026-07-31 11:36:20.889982,4046.351922040443,4048.972252511391,4039.952413403356,4043.8598991899435,85.72456413236853
2026-07-31 11:41:20.889982,4043.8598991899435,4045.9237858303427,4039.146866072931,4043.1369443122876,733.5483851055558
2026-07-31 11:46:20.889982,4043.1369443122876,4050.7513080311155,4043.012140225203,4049.5273408426615,344.991007396752
2026-07-31 11:51:20.889982,4049.5273408426615,4050.198198368728,4032.9021497565777,4034.4962796341915,329.10130745238916
2026-07-31 11:56:20.889982,4034.4962796341915,4046.8319672330827,4034.104715103816,4045.552221883908,419.38682639265556
2026-07-31 12:01:20.889982,4045.552221883908,4048.295743184851,4044.1843568726167,4046.5449646046895,554.4473450654776
2026-07-31 12:06:20.889982,4046.5449646046895,4047.041148793796,4042.423040127562,4043.6204254052172,488.54591783557953
2026-07-31 12:11:20.889982,4043.6204254052172,4047.204836344468,4042.0818666721575,4043.3031417989673,609.6133849414341
2026-07-31 12:16:20.889982,4043.3031417989673,4046.2904643160578,4040.828449918858,4043.4036543486786,232.10212669426824
2026-07-31 12:21:20.889982,4043.4036543486786,4045.1309202218295,4028.867701716805,4029.8309346221645,351.52272591385304
2026-07-31 12:26:20.889982,4029.8309346221645,4043.7935400587016,4027.444842656706,4042.3018712490166,476.8005855356933
2026-07-31 12:31:20.889982,4042.3018712490166,4044.458379602303,4041.433194993455,4043.040270230159,879.5774585317411
2026-07-31 12:36:20.889982,4043.040270230159,4047.5000192266643,4039.4833370717733,4047.0286911404505,477.2374923172484
2026-07-31 12:41:20.889982,4047.0286911404505,4056.928949308314,4044.498455124417,4055.1434170432544,717.0444527323264
2026-07-31 12:46:20.889982,4055.1434170432544,4057.132101390868,4043.743138915004,4047.274655269791,507.7110337568635
2026-07-31 12:51:20.889982,4047.274655269791,4053.7300575249124,4045.3288008222007,4051.51414323479,403.2682725124863
2026-07-31 12:56:20.889982,4051.51414323479,4055.260177224333,4046.836411441275,4049.750975084618,450.6551151771119
2026-07-31 13:01:20.889982,4049.750975084618,4057.4734495293596,4049.0313162696093,4057.020889225062,466.31605759422376
2026-07-31 13:06:20.889982,4057.020889225062,4060.214263122394,4036.824134323068,4040.201141785262,620.7291477921477
2026-07-31 13:11:20.889982,4040.201141785262,4042.4038223954435,4037.564568862472,4039.8044595646365,774.9222535153109
2026-07-31 13:16:20.889982,4039.8044595646365,4042.35734516611,4033.5683715647942,4035.34035316847,571.9361695372643
2026-07-31 13:21:20.889982,4035.34035316847,4041.9819048351387,4034.9025943722495,4039.2344211223453,737.4155357483511
2026-07-31 13:26:20.889982,4039.2344211223453,4047.324640227119,4036.204369936902,4043.4377674334805,307.04205247406287
2026-07-31 13:31:20.889982,4043.4377674334805,4045.9898810478003,4036.8457770733216,4038.1231244865166,417.0738982371939
2026-07-31 13:36:20.889982,4038.1231244865166,4038.7730825624285,4031.127995342566,4032.7787849628694,355.1394931584666
2026-07-31 13:41:20.889982,4032.7787849628694,4035.446777606881,4029.7342134689156,4032.289514622635,562.8889181749705
2026-07-31 13:46:20.889982,4032.289514622635,4033.8324345400692,4022.9987144908305,4025.4674789244727,428.20832296411726
2026-07-31 13:51:20.889982,4025.4674789244727,4035.936757344116,4025.3616704282367,4032.655191055783,645.9545874068391
2026-07-31 13:56:20.889982,4032.655191055783,4034.472390363918,4027.024468135008,4030.081507533695,313.79965767351166
2026-07-31 14:01:20.889982,4030.081507533695,4032.282514264551,4004.508839293174,4007.1193817518624,508.6061946642563
2026-07-31 14:06:20.889982,4007.1193817518624,4009.1897657387653,4000.5450471271674,4004.5170256286356,637.3715822024512
2026-07-31 14:11:20.889982,4004.5170256286356,4004.7357585014715,3994.645052480365,3996.6075659302714,86.93944499187796
2026-07-31 14:16:20.889982,3996.6075659302714,3996.972922002114,3983.3514698316126,3983.9880536022115,924.3262614660407
2026-07-31 14:21:20.889982,3983.9880536022115,3985.514073814349,3973.9196923470936,3974.5378923345397,443.36962302402486
2026-07-31 14:26:20.889982,3974.5378923345397,3979.636676862121,3970.7748404908707,3975.805244373775,94.99201726476542
2026-07-31 14:31:20.889982,3975.805244373775,3988.122782528553,3973.26173206518,3986.7827863766656,531.6187797153572
2026-07-31 14:36:20.889982,3986.7827863766656,3991.8092183808794,3983.5312182419525,3989.6797135856473,506.6886935946302
2026-07-31 14:41:20.889982,3989.6797135856473,3992.1830206065124,3985.2406371957954,3985.241643287944,483.6211240855014
2026-07-31 14:46:20.889982,3985.241643287944,3992.320498115086,3982.2652730537434,3989.2759848663077,698.2382225853332
2026-07-31 14:51:20.889982,3989.2759848663077,3991.3094094145645,3982.4143243508065,3986.0133714514504,649.4889942854112
2026-07-31 14:56:20.889982,3986.0133714514504,3989.634450174576,3978.792282679752,3980.8779111009126,559.575238204769
2026-07-31 15:01:20.889982,3980.8779111009126,3983.2982380206918,3968.1366680562824,3972.0949483440877,590.0311267893295
2026-07-31 15:06:20.889982,3972.0949483440877,3973.281890689245,3957.313249924944,3958.598279181751,479.1283101123827
2026-07-31 15:11:20.889982,3958.598279181751,3959.3218076383137,3952.3639838443773,3955.907950992023,855.0981698480097
2026-07-31 15:16:20.889982,3955.907950992023,3960.500727706771,3955.4900376062114,3957.554374422421,204.16079632844668
2026-07-31 15:21:20.889982,3957.554374422421,3961.43977209782,3954.2928092386387,3957.1853602090473,527.9303348431794
2026-07-31 15:26:20.889982,3957.1853602090473,3960.5510338497097,3954.0996198119706,3954.2900219971493,513.0049262377561
2026-07-31 15:31:20.889982,3954.2900219971493,3956.2867839204214,3944.454768586463,3947.212284325641,662.6560812129186
2026-07-31 15:36:20.889982,3947.212284325641,3954.558129989514,3944.5808852597183,3952.4121812948597,331.2292245150202
2026-07-31 15:41:20.889982,3952.4121812948597,3955.6447567065597,3940.9326178944248,3942.4084074786697,151.2654795206928
2026-07-31 15:46:20.889982,3942.4084074786697,3952.27819974836,3941.7661256575293,3948.926869212151,531.3646032196386
2026-07-31 15:51:20.889982,3948.926869212151,3949.99657843334,3941.2427120319308,3941.413555045864,556.2460984437208
2026-07-31 15:56:20.889982,3941.413555045864,3942.849911819883,3934.3849887194106,3935.880267200205,797.9198818895297
2026-07-31 16:01:20.889982,3935.880267200205,3939.0497158535095,3922.180089040635,3924.743459366966,245.92759073498277
2026-07-31 16:06:20.889982,3924.743459366966,3926.457483370645,3918.644712584982,3921.201783080733,730.938753343344
2026-07-31 16:11:20.889982,3921.201783080733,3929.4583462792425,3920.494902012259,3929.2509472492297,973.4828728054242
2026-07-31 16:16:20.889982,3929.2509472492297,3936.16467562058,3926.7308560672545,3933.6984518130485,424.4470224955046
2026-07-31 16:21:20.889982,3933.6984518130485,3944.8492657109086,3932.1131722847786,3941.7977834291405,241.81155610135517
2026-07-31 16:26:20.889982,3941.7977834291405,3949.162328635898,3939.1016712703454,3946.31090552459,418.60512672532576
2026-07-31 16:31:20.889982,3946.31090552459,3950.1127553199613,3937.1562608770764,3938.0034444497423,502.80099347427614
2026-07-31 16:36:20.889982,3938.0034444497423,3940.1759604720323,3933.4241474145524,3935.7925674331564,612.757575001383
2026-07-31 16:41:20.889982,3935.7925674331564,3939.723038356163,3929.2582743128173,3930.048937837049,381.7210540323905
2026-07-31 16:46:20.889982,3930.048937837049,3942.9773446959052,3928.688412636174,3940.9153867503915,811.0397068294684
2026-07-31 16:51:20.889982,3940.9153867503915,3942.987886442048,3930.974246951041,3931.8869503724586,277.09353699838766
2026-07-31 16:56:20.889982,3931.8869503724586,3939.502543400606,3929.635687736044,3939.314983244879,152.15896956543997
2026-07-31 17:01:20.889982,3939.314983244879,3948.076711063874,3938.598258754899,3946.751177647232,721.3420848574635
2026-07-31 17:06:20.889982,3946.751177647232,3962.8991949231413,3946.5566809541333,3961.6158866383194,50.0
2026-07-31 17:11:20.889982,3961.6158866383194,3965.3811736922225,3956.466402011075,3958.7670312171313,459.1740462254568
2026-07-31 17:16:20.889982,3958.7670312171313,3968.0377472315786,3957.0920048463713,3964.8073463781748,1123.5362258416094
2026-07-31 17:21:20.889982,3964.8073463781748,3986.9378333837008,3962.891082742726,3983.3396242751955,497.5912894080137
2026-07-31 17:26:20.889982,3983.3396242751955,3985.625843419285,3976.8632114263214,3978.819971135879,275.84646986075006
2026-07-31 17:31:20.889982,3978.819971135879,3981.7375534638772,3964.7721514800205,3967.0200875225846,488.52050724264126
2026-07-31 17:36:20.889982,3967.0200875225846,3968.0975259081774,3951.9520036407857,3952.52725260467,489.8398422760933
2026-07-31 17:41:20.889982,3952.52725260467,3960.9605141562924,3950.593755475227,3958.5611337082673,532.1299880706233
2026-07-31 17:46:20.889982,3958.5611337082673,3958.941059370989,3942.5140871725284,3944.0744319041787,632.4525964319239
2026-07-31 17:51:20.889982,3944.0744319041787,3946.1047484283376,3938.273523790972,3941.5327505533064,292.1777663264522
2026-07-31 17:56:20.889982,3941.5327505533064,3945.6763922491205,3940.1591447247793,3945.376144958829,837.5096110473587
2026-07-31 18:01:20.889982,3945.376144958829,3950.479508164963,3942.817868646597,3947.2322933510773,549.0228568745235
2026-07-31 18:06:20.889982,3947.2322933510773,3952.1330827802585,3943.8955592587254,3950.9874610865736,645.3588092803608
2026-07-31 18:11:20.889982,3950.9874610865736,3955.089733095994,3949.0184790127973,3953.139674671411,374.3701200488715
2026-07-31 18:16:20.889982,3953.139674671411,3967.5308931662403,3949.3955908459307,3963.6600329611556,757.2764273991068
2026-07-31 18:21:20.889982,3963.6600329611556,3965.081134628739,3955.957329329247,3956.513532554197,448.58951823738704
2026-07-31 18:26:20.889982,3956.513532554197,3957.8020373875584,3951.4347562599874,3951.5552125461663,555.5105026987063
2026-07-31 18:31:20.889982,3951.5552125461663,3951.6372779971502,3944.28741019475,3945.8480804568558,313.3787845625782
2026-07-31 18:36:20.889982,3945.8480804568558,3956.520067918273,3942.4098367645624,3952.800404382583,300.61367471957465
2026-07-31 18:41:20.889982,3952.800404382583,3962.3464993577245,3950.5661773145234,3960.3210215512386,637.6410612905765
2026-07-31 18:46:20.889982,3960.3210215512386,3964.316560551148,3959.4675677936216,3964.2930384313036,411.2786339585228
2026-07-31 18:51:20.889982,3964.2930384313036,3974.1834269525175,3961.301822614618,3974.0849724669615,329.2353824991246
2026-07-31 18:56:20.889982,3974.0849724669615,3974.6637812362533,3961.6833341456654,3965.1292182036914,371.3633315945939
2026-07-31 19:01:20.889982,3965.1292182036914,3981.330301112366,3964.219543506237,3978.770661207471,639.7906143434842
2026-07-31 19:06:20.889982,3978.770661207471,3991.9389993708446,3976.2734864611893,3991.309488772698,374.19242775927785
2026-07-31 19:11:20.889982,3991.309488772698,4001.1869123721467,3988.4422908145884,3997.58573930633,476.4690136795672
2026-07-31 19:16:20.889982,3997.58573930633,4013.656605326398,3995.2376230223817,4012.2581461841773,503.0055500574194
2026-07-31 19:21:20.889982,4012.2581461841773,4013.5050023279573,3995.3904778462106,3999.3864630981957,116.53022279794021
2026-07-31 19:26:20.889982,3999.3864630981957,4002.381360411567,3993.1384410146848,3995.5932601536592,205.77471892529638
2026-07-31 19:31:20.889982,3995.5932601536592,3997.2844315317925,3987.654121447876,3990.120623649797,567.2555778495125
2026-07-31 19:36:20.889982,3990.120623649797,3997.647161007277,3990.005449458577,3996.281966897236,352.59412776946056
2026-07-31 19:41:20.889982,3996.281966897236,3997.8608520344583,3984.58523439926,3988.2962675790445,711.3449822560837
2026-07-31 19:46:20.889982,3988.2962675790445,3997.2444429056914,3987.961427361845,3994.742531285008,693.3614208501089
2026-07-31 19:51:20.889982,3994.742531285008,4009.653401045582,3993.668445488751,4006.108021032398,643.8337332710875
2026-07-31 19:56:20.889982,4006.108021032398,4013.061222764835,4004.917842519391,4012.083199277141,863.9543574625195
2026-07-31 20:01:20.889982,4012.083199277141,4017.079496735777,4009.897865328628,4014.7621670354506,483.38213445136336
2026-07-31 20:06:20.889982,4014.7621670354506,4016.7350763858713,4004.363207249952,4007.2385486294825,629.7763851807679
2026-07-31 20:11:20.889982,4007.2385486294825,4008.5069908285836,3997.7283625302066,4000.8572910734297,383.1198046807938
2026-07-31 20:16:20.889982,4000.8572910734297,4011.9732598950245,3997.7261369833054,4011.269997306667,990.4739825737447
2026-07-31 20:21:20.889982,4011.269997306667,4020.5961458488205,4008.529464312668,4017.9290039738044,896.7267304872039
2026-07-31 20:26:20.889982,4017.9290039738044,4019.952132378697,4015.249039169951,4018.0172425258434,502.3760869035584
2026-07-31 20:31:20.889982,4018.0172425258434,4018.3378684348213,4011.642765841376,4015.0617961989515,577.3172459810385
2026-07-31 20:36:20.889982,4015.0617961989515,4015.284821774012,3998.6322705824728,3999.2271216628683,771.8595198729611
2026-07-31 20:41:20.889982,3999.2271216628683,4001.5338347085863,3988.1191671063284,3991.070210139237,470.5720990371786
2026-07-31 20:46:20.889982,3991.070210139237,4007.062803030789,3987.395373119049,4006.7572815201174,368.67518584005904
2026-07-31 20:51:20.889982,4006.7572815201174,4010.6582910562934,3994.487202785862,3996.9091305650236,674.7979502013765
2026-07-31 20:56:20.889982,3996.9091305650236,4000.748355110248,3993.9458422309635,3998.8239472564264,515.687849216734
2026-07-31 21:01:20.889982,3998.8239472564264,4008.6057841234992,3996.8514696249968,4007.2899610018976,536.5988899290521
2026-07-31 21:06:20.889982,4007.2899610018976,4010.9612438144122,3993.8242677278963,3997.644638514881,333.1457313864069
2026-07-31 21:11:20.889982,3997.644638514881,4003.229490185927,3996.5954644070944,3999.5216571785786,156.46557032732073
2026-07-31 21:16:20.889982,3999.5216571785786,4008.3634522169855,3998.331141540541,4007.4318483814586,547.2284819758202
2026-07-31 21:21:20.889982,4007.4318483814586,4009.701548520146,4006.172843885712,4007.9328032363715,680.99240829884
2026-07-31 21:26:20.889982,4007.9328032363715,4032.9033341739405,4005.445332037066,4031.394734679548,454.8386501847916
2026-07-31 21:31:20.889982,4031.394734679548,4034.4687766792426,4015.409668632014,4018.365410253162,787.2859039117734
2026-07-31 21:36:20.889982,4018.365410253162,4030.565766198675,4018.2360815605316,4027.2858496913227,359.21673491689114
2026-07-31 21:41:20.889982,4027.2858496913227,4027.478087307048,4023.118565615199,4026.2968557478002,289.059109006816
2026-07-31 21:46:20.889982,4026.2968557478002,4035.0707524691425,4023.969089770852,4032.9208877517717,486.55393856077376
2026-07-31 21:51:20.889982,4032.9208877517717,4037.097928234125,4031.891227390097,4036.8856410932153,483.4814849297419
2026-07-31 21:56:20.889982,4036.8856410932153,4039.462604420538,4027.9100772132438,4031.3737605405677,653.9937462670446
2026-07-31 22:01:20.889982,4031.3737605405677,4037.322631840451,4029.356382515795,4033.6238657251065,345.00743518720304
2026-07-31 22:06:20.889982,4033.6238657251065,4035.8241036084173,4015.7173319924937,4019.0654129519953,773.6188473629796
2026-07-31 22:11:20.889982,4019.0654129519953,4026.483306737592,4016.988124728619,4024.3197334476176,893.3833925016507
2026-07-31 22:16:20.889982,4024.3197334476176,4030.767795919624,4021.1407916101766,4027.122911254546,492.1711946063316
2026-07-31 22:21:20.889982,4027.122911254546,4036.339363613507,4026.244003539923,4032.6733710441026,749.9420840368637
2026-07-31 22:26:20.889982,4032.6733710441026,4043.7399673285413,4029.2759561252774,4041.620640538283,288.700585874948
2026-07-31 22:31:20.889982,4041.620640538283,4045.447365346034,4038.4089175732342,4044.997772631497,715.0443082363831
2026-07-31 22:36:20.889982,4044.997772631497,4047.3410528529575,4041.7289340675597,4046.6006326438737,709.4552817118926
2026-07-31 22:41:20.889982,4046.6006326438737,4049.0771560249705,4039.0995657437325,4039.880216002752,672.6874560379757
2026-07-31 22:46:20.889982,4039.880216002752,4041.7925101870005,4031.7820035695263,4034.5331725841684,496.8873822259412
2026-07-31 22:51:20.889982,4034.5331725841684,4047.0884519943984,4032.809429598078,4044.524818205683,50.0
2026-07-31 22:56:20.889982,4044.524818205683,4060.2140865260567,4042.424644438601,4056.565747070774,371.65457126957415
2026-07-31 23:01:20.889982,4056.565747070774,4058.6178310265486,4054.7874407929557,4055.039869417063,374.8167964630796
2026-07-31 23:06:20.889982,4055.039869417063,4059.5584870716075,4054.321654669538,4055.818534103991,304.3490123879045
2026-07-31 23:11:20.889982,4055.818534103991,4057.9614043040265,4045.638575008434,4048.8921335485184,524.4486009094132
2026-07-31 23:16:20.889982,4048.8921335485184,4059.680354868798,4046.7568559833117,4058.805871843183,416.20731089575304
2026-07-31 23:21:20.889982,4058.805871843183,4065.5957966962787,4055.7224173253026,4064.6175046011563,335.0775980469956
2026-07-31 23:26:20.889982,4064.6175046011563,4083.139838147502,4061.138290135478,4080.836853911466,288.239970350436
2026-07-31 23:31:20.889982,4080.836853911466,4084.4873991775694,4071.4389546502816,4074.081948020189,356.89740290295424
2026-07-31 23:36:20.889982,4074.081948020189,4077.0372514014166,4069.174062066358,4071.4101623624115,724.2998423699856
2026-07-31 23:41:20.889982,4071.4101623624115,4075.268619387508,4068.7714084642153,4073.7025710692183,367.79498907450113
2026-07-31 23:46:20.889982,4073.7025710692183,4083.0863630843546,4072.005139132141,4079.3811076334223,397.01225871334555
2026-07-31 23:51:20.889982,4079.3811076334223,4080.6637059550626,4076.4456313030632,4078.029688670657,408.66047699535073
2026-07-31 23:56:20.889982,4078.029688670657,4079.805253133037,4071.023599219735,4071.3230899355312,567.798702761884
2026-08-01 00:01:20.889982,4071.3230899355312,4080.947381730204,4069.310576923761,4078.91428018941,591.2498977057065
2026-08-01 00:06:20.889982,4078.91428018941,4087.6138403837217,4077.434368385982,4085.2099238194346,50.0
2026-08-01 00:11:20.889982,4085.2099238194346,4087.7145970548017,4074.5567410022954,4078.138228510126,704.3270427655216
2026-08-01 00:16:20.889982,4078.138228510126,4093.5250454066086,4075.7581772208555,4089.617534490183,787.2736068487508
2026-08-01 00:21:20.889982,4089.617534490183,4099.784620716878,4085.6537299607007,4099.610014415458,289.96269252766615
2026-08-01 00:26:20.889982,4099.610014415458,4104.016206458897,4098.232694477368,4101.121380469293,305.5403510530331
2026-08-01 00:31:20.889982,4101.121380469293,4102.788179412964,4100.533203332294,4102.184511371342,409.94932244434574
2026-08-01 00:36:20.889982,4102.184511371342,4107.832369434003,4101.997564479033,4107.143419100236,348.79919610867904
2026-08-01 00:41:20.889982,4107.143419100236,4110.848695739176,4098.263856398469,4100.481266406646,544.7853747893213
2026-08-01 00:46:20.889982,4100.481266406646,4104.008284002814,4097.085622977839,4101.137654098992,110.69494272822715
2026-08-01 00:51:20.889982,4101.137654098992,4104.383872724829,4080.3250297262207,4083.9295288953363,276.4144783926521
2026-08-01 00:56:20.889982,4083.9295288953363,4095.4612288702424,4082.1363954465214,4091.503703000437,807.8394400349815
2026-08-01 01:01:20.889982,4091.503703000437,4095.3920040814037,4076.203407983047,4079.153818938029,314.3560065303964
2026-08-01 01:06:20.889982,4079.153818938029,4092.135966521154,4076.372720715448,4091.8468031125603,748.685655620585
2026-08-01 01:11:20.889982,4091.8468031125603,4094.656742480809,4085.850461499325,4089.5550281227606,571.0676391180274
2026-08-01 01:16:20.889982,4089.5550281227606,4091.0801546002526,4085.841695364862,4088.2329498330096,138.14645708234838
2026-08-01 01:21:20.889982,4088.2329498330096,4088.2827753806337,4082.1558231232575,4083.5118563118926,627.0658390432412
2026-08-01 01:26:20.889982,4083.5118563118926,4083.7660293056433,4079.4381897185376,4081.5682498746423,476.46653956142933
2026-08-01 01:31:20.889982,4081.5682498746423,4096.9199756370635,4080.7256399370294,4093.5736934391844,408.9065887500519
2026-08-01 01:36:20.889982,4093.5736934391844,4095.7328122281197,4072.8325086261134,4073.663571176873,548.9914186344008
2026-08-01 01:41:20.889982,4073.663571176873,4084.9821018373086,4071.581942160582,4084.489151099728,594.9266971133584
2026-08-01 01:46:20.889982,4084.489151099728,4087.9836694180767,4082.0901074809967,4087.6601367553412,641.5183643949239
2026-08-01 01:51:20.889982,4087.6601367553412,4087.788233644136,4077.7768437933905,4078.212050077588,735.6505695096005
2026-08-01 01:56:20.889982,4078.212050077588,4080.4550564504157,4067.450792039393,4069.857736073951,581.6271825556713
2026-08-01 02:01:20.889982,4069.857736073951,4084.052752649841,4067.524174117618,4083.934371929694,224.87318224272764
2026-08-01 02:06:20.889982,4083.934371929694,4087.358761213813,4073.6819221510723,4076.626535446411,405.2709084697618
2026-08-01 02:11:20.889982,4076.626535446411,4077.1613281221094,4065.230583931143,4067.640557837063,1088.6096670537243
2026-08-01 02:16:20.889982,4067.640557837063,4080.052155559171,4067.4891146907985,4077.3111729295883,644.8982120763455
2026-08-01 02:21:20.889982,4077.3111729295883,4083.9711361769705,4073.6160387449568,4080.4809063466187,973.8574601622994
2026-08-01 02:26:20.889982,4080.4809063466187,4083.9511606098326,4069.8820873022255,4073.2410100157886,779.0868164398371
2026-08-01 02:31:20.889982,4073.2410100157886,4078.4496861459456,4070.6608886889135,4075.413644811229,548.3604143111497
2026-08-01 02:36:20.889982,4075.413644811229,4078.179330567096,4064.188221292748,4067.468208511882,560.2814139562234
2026-08-01 02:41:20.889982,4067.468208511882,4079.541750291334,4066.1351895345056,4076.8408495135477,492.68399202463087
2026-08-01 02:46:20.889982,4076.8408495135477,4087.448837298581,4073.183688982126,4085.9126930591633,152.43907683070012
2026-08-01 02:51:20.889982,4085.9126930591633,4090.7415560449003,4083.0573731760865,4090.6715152162487,503.60945049364483
2026-08-01 02:56:20.889982,4090.6715152162487,4097.949740696096,4087.782567758158,4094.0408424010598,742.1349105084394
2026-08-01 03:01:20.889982,4094.0408424010598,4112.9817742516625,4091.2260054768417,4108.897891379001,380.0720010357593
2026-08-01 03:06:20.889982,4108.897891379001,4109.4474319687,4105.499792220152,4109.306223758872,582.3905998123619
2026-08-01 03:11:20.889982,4109.306223758872,4110.475855227472,4098.185469218841,4100.014310227246,670.3182091786394
2026-08-01 03:16:20.889982,4100.014310227246,4105.392917179448,4098.913234548716,4104.112056984487,318.0639121375049
2026-08-01 03:21:20.889982,4104.112056984487,4123.4608323458415,4102.557618598341,4121.68271491391,409.73942713126706
2026-08-01 03:26:20.889982,4121.68271491391,4124.293135599379,4110.392426926385,4113.737517529312,296.41770190456816
2026-08-01 03:31:20.889982,4113.737517529312,4114.95966226796,4110.297118142264,4111.175763365864,335.5668786621186
2026-08-01 03:36:20.889982,4111.175763365864,4117.7571187685235,4108.419959757523,4115.012836168512,242.47894326938774
2026-08-01 03:41:20.889982,4115.012836168512,4118.721002785247,4114.915083094446,4114.980699286439,319.91030772439467
2026-08-01 03:46:20.889982,4114.980699286439,4118.490945146755,4105.175105710621,4107.315025764028,783.8911361595678
2026-08-01 03:51:20.889982,4107.315025764028,4119.510565401501,4106.939734473285,4116.9526940916385,316.9045941819415
2026-08-01 03:56:20.889982,4116.9526940916385,4138.303226539807,4116.016900833784,4136.51370893929,525.291843812138
2026-08-01 04:01:20.889982,4136.51370893929,4139.602585632028,4134.428512586824,4138.5504625161975,399.42624926580885
2026-08-01 04:06:20.889982,4138.5504625161975,4141.912852465512,4128.414365779202,4131.487287236584,735.7731874073878
2026-08-01 04:11:20.889982,4131.487287236584,4133.928996054305,4116.898033679417,4119.119961925013,762.2324593207234
2026-08-01 04:16:20.889982,4119.119961925013,4123.419132838918,4115.113252855753,4121.657923500061,672.8139964277893
2026-08-01 04:21:20.889982,4121.657923500061,4133.494939418243,4120.611160882155,4131.180682759565,561.226910620551
2026-08-01 04:26:20.889982,4131.180682759565,4136.473633578256,4128.65507292848,4135.522088025524,453.7880926318203
2026-08-01 04:31:20.889982,4135.522088025524,4138.078147316362,4135.490253591375,4135.915776697665,261.62505916175
2026-08-01 04:36:20.889982,4135.915776697665,4139.34885716622,4128.548365608693,4131.457417131654,888.7057762244394
2026-08-01 04:41:20.889982,4131.457417131654,4134.19173665937,4122.571503268903,4122.85507595262,348.0653964494893
2026-08-01 04:46:20.889982,4122.85507595262,4131.652284853629,4118.998630451001,4130.156937372322,632.7292694065683
2026-08-01 04:51:20.889982,4130.156937372322,4141.695173723797,4128.977600226563,4138.125671040639,711.9131145246795
2026-08-01 04:56:20.889982,4138.125671040639,4138.775600440795,4123.9123011941565,4125.765132629326,388.9439006189341
2026-08-01 05:01:20.889982,4125.765132629326,4140.791422102165,4122.950426831752,4139.318526823339,707.6025054631924
2026-08-01 05:06:20.889982,4139.318526823339,4148.493589214675,4137.815948196163,4144.488211537061,652.8426406677711
2026-08-01 05:11:20.889982,4144.488211537061,4156.779938147915,4140.768060860975,4156.521302048784,845.5927670763531
2026-08-01 05:16:20.889982,4156.521302048784,4156.679040910933,4141.843685671937,4145.79365648447,406.1307067146578
2026-08-01 05:21:20.889982,4145.79365648447,4148.548865661341,4131.0039404548215,4134.897729024255,242.82719654405702
2026-08-01 05:26:20.889982,4134.897729024255,4135.723301409157,4133.911097889257,4134.079354072531,398.9020489110978
2026-08-01 05:31:20.889982,4134.079354072531,4140.672922277077,4132.216441117895,4138.65239088323,541.7707085068663
2026-08-01 05:36:20.889982,4138.65239088323,4155.340541464025,4134.688983625856,4153.963534648906,511.6425454170113
2026-08-01 05:41:20.889982,4153.963534648906,4163.67188854261,4151.215347056933,4160.249734789044,1281.2705093410896
2026-08-01 05:46:20.889982,4160.249734789044,4160.927265953638,4155.593047474802,4158.646839195338,359.34277528183225
2026-08-01 05:51:20.889982,4158.646839195338,4161.67022724213,4148.769753535239,4150.5340134478665,1806.7315721233654
2026-08-01 05:56:20.889982,4150.5340134478665,4165.021191527533,4149.840966068182,4161.172997371681,2720.206101936643
2026-08-01 06:01:20.889982,4161.172997371681,4162.285435217571,4153.3048547233175,4153.56746128159,1802.9412410714353
2026-08-01 06:06:20.889982,4153.56746128159,4170.8492246079095,4150.984941726758,4167.534155570623,1891.0639487262704
2026-08-01 06:11:20.889982,4167.534155570623,4168.846680051515,4164.898622245382,4165.581001330209,1868.747926006103
2026-08-01 06:16:20.889982,4165.581001330209,4179.439192730146,4164.886409157484,4179.271404302918,579.40933397648
2026-08-01 06:21:20.889982,4179.271404302918,4187.265814438273,4178.23838466453,4185.368651089471,686.333193373619
2026-08-01 06:26:20.889982,4185.368651089471,4186.4525869760855,4180.9765257256495,4184.640498048741,579.0747362371332
2026-08-01 06:31:20.889982,4184.640498048741,4186.796164019177,4177.665037555256,4180.713831365865,437.4645660693448
2026-08-01 06:36:20.889982,4180.713831365865,4180.863128624398,4176.756378136633,4178.282133661531,340.8022179982492
2026-08-01 06:41:20.889982,4178.282133661531,4184.285151243222,4177.503231445993,4182.281130323381,450.20526894386495
2026-08-01 06:46:20.889982,4182.281130323381,4183.847676677832,4178.641275252912,4183.344874009027,562.8258992901332
2026-08-01 06:51:20.889982,4183.344874009027,4187.274840490737,4178.468128839221,4178.797446067746,436.78340777540535
2026-08-01 06:56:20.889982,4178.797446067746,4180.255924572348,4173.827601766267,4177.831157321142,562.867736626286
2026-08-01 07:01:20.889982,4177.831157321142,4179.2531667467465,4175.142132339389,4178.905641710985,587.8300267400836
2026-08-01 07:06:20.889982,4178.905641710985,4182.968463083112,4157.497095323787,4161.568039678613,666.6358862540363
2026-08-01 07:11:20.889982,4161.568039678613,4167.762764131525,4160.890748193179,4165.799742101174,756.5589937677961
2026-08-01 07:16:20.889982,4165.799742101174,4166.64158488839,4154.361857689249,4158.060874444166,515.6014836957715
2026-08-01 07:21:20.889982,4158.060874444166,4161.851707874365,4146.373514829082,4148.8955439748215,238.44468697046784
2026-08-01 07:26:20.889982,4148.8955439748215,4152.0743298244815,4132.27156294439,4135.331423900121,430.97918063616197
2026-08-01 07:31:20.889982,4135.331423900121,4138.068275551301,4117.52424697396,4120.933400208514,508.81251348131985
2026-08-01 07:36:20.889982,4120.933400208514,4123.757915254126,4107.9932593627245,4110.188109290141,132.84624876458196
2026-08-01 07:41:20.889982,4110.188109290141,4111.162044514072,4101.720784775271,4104.774277694731,777.7329040204963
2026-08-01 07:46:20.889982,4104.774277694731,4123.204277491709,4103.564224372938,4121.253120201659,528.4755825020933
2026-08-01 07:51:20.889982,4121.253120201659,4124.558143792794,4114.463943440118,4117.332545021411,576.270566916057
2026-08-01 07:56:20.889982,4117.332545021411,4123.069515087614,4116.6513667726595,4119.2084180686015,773.1052925052531
2026-08-01 08:01:20.889982,4119.2084180686015,4125.597900218195,4118.202344795628,4122.921343860361,373.97143397153064
2026-08-01 08:06:20.889982,4122.921343860361,4128.1414001728335,4122.511115601621,4124.414649271423,614.808386176806
2026-08-01 08:11:20.889982,4124.414649271423,4127.120932638217,4120.925692600513,4124.188279060972,478.02717537961286
2026-08-01 08:16:20.889982,4124.188279060972,4125.652027058234,4110.826234116666,4114.752275950381,463.18262659681614
2026-08-01 08:21:20.889982,4114.752275950381,4130.633793838086,4113.539994631215,4127.122723897814,345.56152243912413
2026-08-01 08:26:20.889982,4127.122723897814,4142.512225328368,4125.8983833250495,4142.480986495174,833.1206427373054
2026-08-01 08:31:20.889982,4142.480986495174,4143.646309770401,4125.301888486247,4128.976531464452,424.8999919848858
2026-08-01 08:36:20.889982,4128.976531464452,4132.969752112548,4120.650599558176,4120.940878575847,639.8928493791404
2026-08-01 08:41:20.889982,4120.940878575847,4122.883056700611,4116.788638710119,4119.047244117524,124.9985225056127
2026-08-01 08:46:20.889982,4119.047244117524,4119.429951640071,4109.967991911604,4111.520081323377,735.9977059379573
2026-08-01 08:51:20.889982,4111.520081323377,4117.399492210655,4109.31607485784,4116.094351063602,710.4422311914118
2026-08-01 08:56:20.889982,4116.094351063602,4118.815875190963,4107.622786107221,4110.514471834637,519.4868220594606
2026-08-01 09:01:20.889982,4110.514471834637,4129.329537112825,4107.17283854095,4128.764907770369,454.6115067724151
2026-08-01 09:06:20.889982,4128.764907770369,4141.829993352481,4125.094126453726,4139.021493307065,580.0000011227132
2026-08-01 09:11:20.889982,4139.021493307065,4143.0564517910825,4135.32166436651,4141.195663250406,957.7581321760579
2026-08-01 09:16:20.889982,4141.195663250406,4153.7183696666225,4139.380124424511,4150.125298578578,147.352660219303
2026-08-01 09:21:20.889982,4150.125298578578,4161.3161138645055,4146.254011836431,4159.730660329902,656.4054775148255
2026-08-01 09:26:20.889982,4159.730660329902,4162.7055530033485,4151.599807141825,4155.4570908487285,317.67653956921947
2026-08-01 09:31:20.889982,4155.4570908487285,4158.768885344919,4146.565969487865,4149.0940018385645,496.01632074005374
2026-08-01 09:36:20.889982,4149.0940018385645,4150.638300610297,4147.884621128314,4150.1574933396905,450.4239761842674
2026-08-01 09:41:20.889982,4150.1574933396905,4161.7594491145865,4148.831841323174,4157.731262749916,414.3363484404489
2026-08-01 09:46:20.889982,4157.731262749916,4159.691559997467,4154.789446041947,4159.303684673955,497.9069741894541
2026-08-01 09:51:20.889982,4159.303684673955,4162.356631274445,4145.436892545308,4146.620577402229,273.1657709444419
2026-08-01 09:56:20.889982,4146.620577402229,4147.8549101571025,4138.440524493411,4140.381920533277,705.8360872255935
2026-08-01 10:01:20.889982,4140.381920533277,4140.472135106939,4136.915469636175,4140.183411670121,141.1712977602799
2026-08-01 10:06:20.889982,4140.183411670121,4141.49621740722,4136.436342111138,4139.970896505937,607.9529025656684
2026-08-01 10:11:20.889982,4139.970896505937,4160.087679369876,4137.232711337935,4156.751344285925,434.6928294930858
2026-08-01 10:16:20.889982,4156.751344285925,4158.1017683264645,4143.518957574739,4145.6594301975565,265.8150212385093
2026-08-01 10:21:20.889982,4145.6594301975565,4152.114718946149,4144.254541310107,4150.268558064633,540.4766741197391
2026-08-01 10:26:20.889982,4150.268558064633,4166.594552028029,4148.261873855411,4163.0637066237605,188.60978265870443
2026-08-01 10:31:20.889982,4163.0637066237605,4185.920145257857,4162.625675412794,4182.437333085508,507.9427643439269
2026-08-01 10:36:20.889982,4182.437333085508,4183.02716042624,4175.389208717283,4179.4738934180095,215.4246184376891
2026-08-01 10:41:20.889982,4179.4738934180095,4186.461349715822,4177.343324375965,4184.002125219141,592.2544168635662
2026-08-01 10:46:20.889982,4184.002125219141,4191.383098957423,4183.101440211094,4189.191498025559,315.12853327392486
2026-08-01 10:51:20.889982,4189.191498025559,4194.261009990687,4188.836335757433,4191.248742965772,409.8011965941381
2026-08-01 10:56:20.889982,4191.248742965772,4193.651685257627,4188.447317873618,4190.839318187945,558.7898775886324
2026-08-01 11:01:20.889982,4190.839318187945,4198.749530244356,4188.634170578803,4194.91458788788,345.4915776315528
2026-08-01 11:06:20.889982,4194.91458788788,4195.489554190677,4171.749823517106,4174.140576136649,488.4072000663395
2026-08-01 11:11:20.889982,4174.140576136649,4180.638347291554,4173.289912019557,4180.25657430578,197.2338997510293
2026-08-01 11:16:20.889982,4180.25657430578,4181.859859208042,4178.110875433154,4181.729771515395,626.1751207192311
2026-08-01 11:21:20.889982,4181.729771515395,4182.0832640694325,4178.325329989313,4180.287533458163,852.9827611101543
2026-08-01 11:26:20.889982,4180.287533458163,4201.771687006345,4177.278723796254,4197.855318727729,1058.4417735819923
2026-08-01 11:31:20.889982,4197.855318727729,4198.180281736108,4191.671806343582,4192.611831054887,518.2336293332878
2026-08-01 11:36:20.889982,4192.611831054887,4195.43623608667,4185.903765325496,4189.652254995084,657.6408281594373
2026-08-01 11:41:20.889982,4189.652254995084,4206.9325055211475,4186.248367278998,4206.794023807077,143.87486541850217
2026-08-01 11:46:20.889982,4206.794023807077,4209.157459081376,4197.925522112609,4200.21922539594,800.5468652611175
2026-08-01 11:51:20.889982,4200.21922539594,4204.242250740479,4192.883006270524,4196.020138121137,655.2457009448212
2026-08-01 11:56:20.889982,4196.020138121137,4199.587254011298,4193.720891528099,4195.205975856879,403.2133110097534
2026-08-01 12:01:20.889982,4195.205975856879,4205.016084216466,4192.624222281358,4202.686266075671,747.4361600578019
2026-08-01 12:06:20.889982,4202.686266075671,4206.205964362578,4200.2896921126985,4204.853750924707,449.1047846709317
2026-08-01 12:11:20.889982,4204.853750924707,4205.8488521847885,4193.815232752429,4194.416610048635,408.3949633970887
2026-08-01 12:16:20.889982,4194.416610048635,4195.985197115812,4187.275828214773,4190.373728052495,595.0669850854982
2026-08-01 12:21:20.889982,4190.373728052495,4194.212894607763,4183.78942764192,4185.70528376573,287.32910003393624
2026-08-01 12:26:20.889982,4185.70528376573,4188.395954274274,4185.0461518388365,4185.47741142307,704.3249528799896
2026-08-01 12:31:20.889982,4185.47741142307,4193.251790270653,4183.097531331134,4189.462573205378,288.80203761463133
2026-08-01 12:36:20.889982,4189.462573205378,4196.659732191453,4186.134291527505,4193.387471560282,289.9890420353628
2026-08-01 12:41:20.889982,4193.387471560282,4194.462993786254,4176.725369312449,4178.936755885126,318.0620423183331
2026-08-01 12:46:20.889982,4178.936755885126,4192.280048796481,4178.562178791178,4188.257312453543,651.9000075032244
2026-08-01 12:51:20.889982,4188.257312453543,4193.655072249347,4184.2271028922005,4190.79255182416,376.64492769605846
2026-08-01 12:56:20.889982,4190.79255182416,4204.096744616851,4187.182402291354,4202.83346908708,230.40084312656626
2026-08-01 13:01:20.889982,4202.83346908708,4210.917476810407,4199.693590161942,4206.989589236962,378.8640000128404
2026-08-01 13:06:20.889982,4206.989589236962,4217.663397609718,4205.584451690061,4216.687958300799,493.59152586390263
2026-08-01 13:11:20.889982,4216.687958300799,4221.197582745087,4213.181979460067,4221.046430050723,263.8055032671229
2026-08-01 13:16:20.889982,4221.046430050723,4236.446246960574,4218.375730455584,4232.849970275006,269.6637781931313
2026-08-01 13:21:20.889982,4232.849970275006,4239.191152082058,4232.524840718944,4237.6972457776965,922.2592668199168
2026-08-01 13:26:20.889982,4237.6972457776965,4240.888475937145,4234.212661598674,4237.291164619722,327.8869192372226
2026-08-01 13:31:20.889982,4237.291164619722,4260.903575014204,4234.195687741644,4257.018609096453,435.3915262453986
2026-08-01 13:36:20.889982,4257.018609096453,4268.555519835329,4253.843066406494,4265.021118405942,426.5525998401428
2026-08-01 13:41:20.889982,4265.021118405942,4273.038256600186,4263.200097717868,4270.345004716038,415.72863844591166
2026-08-01 13:46:20.889982,4270.345004716038,4274.197356858666,4257.111301192306,4259.884352025435,624.2693479938205
2026-08-01 13:51:20.889982,4259.884352025435,4261.581299628024,4248.992620999137,4249.347311024172,689.6285900944099
2026-08-01 13:56:20.889982,4249.347311024172,4253.497096586993,4247.036827285589,4252.260943682092,438.8091136936816
2026-08-01 14:01:20.889982,4252.260943682092,4255.0966150844615,4251.320193252779,4253.924083145783,252.70434268153022
2026-08-01 14:06:20.889982,4253.924083145783,4256.167575116657,4248.405732215079,4249.127320486399,754.8880455697806
2026-08-01 14:11:20.889982,4249.127320486399,4254.152993704892,4247.0691785413555,4250.75065010786,480.93178176066345
2026-08-01 14:16:20.889982,4250.75065010786,4267.151646425365,4250.124160587306,4264.704291390577,846.0643629714338
2026-08-01 14:21:20.889982,4264.704291390577,4272.453162397486,4262.955380158518,4271.066875161918,50.88282048696743
2026-08-01 14:26:20.889982,4271.066875161918,4274.518806210417,4258.475261735906,4261.757494855653,539.0806442566641
2026-08-01 14:31:20.889982,4261.757494855653,4262.707770780014,4258.607572897493,4261.233255691498,883.7212667752416
2026-08-01 14:36:20.889982,4261.233255691498,4262.270680019546,4250.599136398811,4254.803934284888,429.34717291236836
2026-08-01 14:41:20.889982,4254.803934284888,4258.855034707486,4249.5362478017005,4251.931210646738,454.9013153330728
2026-08-01 14:46:20.889982,4251.931210646738,4254.902896305376,4245.435047506033,4248.840197129161,559.1023383180677
2026-08-01 14:51:20.889982,4248.840197129161,4251.9036041983145,4242.236837078588,4245.207755265328,388.2408362230085
2026-08-01 14:56:20.889982,4245.207755265328,4249.277016173716,4232.4619919367915,4234.987976375439,437.58561358945343
2026-08-01 15:01:20.889982,4234.987976375439,4237.682710539928,4230.734209765918,4234.330294163786,432.43698116171936
2026-08-01 15:06:20.889982,4234.330294163786,4237.1668333593425,4226.908027489884,4230.0083385926455,374.51585311472536
2026-08-01 15:11:20.889982,4230.0083385926455,4230.998874087894,4204.156720050508,4205.718164096987,745.7713100401119
2026-08-01 15:16:20.889982,4205.718164096987,4224.066550141474,4203.591057189386,4223.444431093235,592.2156064592871
2026-08-01 15:21:20.889982,4223.444431093235,4235.003582034998,4219.232969358373,4233.074454017183,550.1256464206604
2026-08-01 15:26:20.889982,4233.074454017183,4235.66174575149,4226.985937067089,4230.3128447043,661.7142013780233
2026-08-01 15:31:20.889982,4230.3128447043,4232.308318042533,4226.795147808167,4230.89513699634,447.1288333593066
2026-08-01 15:36:20.889982,4230.89513699634,4233.497496989892,4218.472277458787,4221.414571043302,345.15923632941985
2026-08-01 15:41:20.889982,4221.414571043302,4237.42643246012,4219.098540942365,4236.179170931289,379.4751390770885
2026-08-01 15:46:20.889982,4236.179170931289,4255.40584195224,4233.683660335889,4252.70946691303,500.35660822092177
2026-08-01 15:51:20.889982,4252.70946691303,4258.361509302982,4248.8893742488735,4254.4678470838735,288.15765832541956
2026-08-01 15:56:20.889982,4254.4678470838735,4267.75216313636,4251.6282960920735,4263.612263599436,399.9477966826649
2026-08-01 16:01:20.889982,4263.612263599436,4269.679499944377,4260.062900189323,4265.53376740331,396.77667162571305
2026-08-01 16:06:20.889982,4265.53376740331,4266.689011043228,4252.752182952214,4254.570738244369,924.9112459658027
2026-08-01 16:11:20.889982,4254.570738244369,4255.5849957531245,4251.475201523657,4251.49304572374,50.0
2026-08-01 16:16:20.889982,4251.49304572374,4253.84003707662,4251.475782169379,4253.04025815899,464.07605571887336
2026-08-01 16:21:20.889982,4253.04025815899,4256.101760114485,4247.792183631703,4249.600534410709,845.1387585629541
2026-08-01 16:26:20.889982,4249.600534410709,4250.928852137942,4244.931440192886,4248.167358018357,524.3688928264908
2026-08-01 16:31:20.889982,4248.167358018357,4251.703901160278,4243.67273545999,4247.815628082328,650.6834946842185
2026-08-01 16:36:20.889982,4247.815628082328,4250.542783420752,4245.592934998311,4247.55330385098,519.9652630199536
2026-08-01 16:41:20.889982,4247.55330385098,4249.718981069052,4246.608995406926,4248.422089466977,366.5333237567039
2026-08-01 16:46:20.889982,4248.422089466977,4249.326688778428,4238.108908829956,4239.843807866607,51.61681309821739
2026-08-01 16:51:20.889982,4239.843807866607,4244.048827103801,4234.187875594275,4234.1914903127,541.0911374072606
2026-08-01 16:56:20.889982,4234.1914903127,4235.026497844595,4222.953730050162,4223.749454806879,344.87867907952176
2026-08-01 17:01:20.889982,4223.749454806879,4235.476021447456,4222.260647630859,4232.440855638515,339.9329187669392
2026-08-01 17:06:20.889982,4232.440855638515,4234.376184949552,4214.449306413043,4215.075768383984,400.20254880417764
2026-08-01 17:11:20.889982,4215.075768383984,4226.945646775707,4214.640773357518,4225.234439339214,848.9722813246988
2026-08-01 17:16:20.889982,4225.234439339214,4239.648428231266,4224.820626784865,4237.389716084939,980.9675084507946
2026-08-01 17:21:20.889982,4237.389716084939,4240.739408169801,4232.853378427196,4235.253080096597,543.4415875056802
2026-08-01 17:26:20.889982,4235.253080096597,4238.319267263888,4211.91834297835,4213.681837875642,407.0465552176545
2026-08-01 17:31:20.889982,4213.681837875642,4215.289320809285,4210.645563677534,4211.059127116127,264.5547165097579
2026-08-01 17:36:20.889982,4211.059127116127,4213.265114051455,4208.773130551514,4210.939668126848,593.7080323092139
2026-08-01 17:41:20.889982,4210.939668126848,4212.910817594553,4199.745099050872,4202.857392133889,856.5811200130288
2026-08-01 17:46:20.889982,4202.857392133889,4206.356289405549,4195.796190329514,4198.94871767238,450.53192259496865
2026-08-01 17:51:20.889982,4198.94871767238,4212.846023720384,4196.336721693564,4212.240026680066,50.0
2026-08-01 17:56:20.889982,4212.240026680066,4218.606048602966,4209.314110877485,4218.267224278884,634.0099343631048
2026-08-01 18:01:20.889982,4218.267224278884,4219.877923624856,4210.337443784559,4210.895383027757,697.0799422900099
2026-08-01 18:06:20.889982,4210.895383027757,4214.525389001333,4195.3044420181495,4197.881976558057,182.8308719228305
2026-08-01 18:11:20.889982,4197.881976558057,4199.371070107639,4195.427931079612,4195.556848708636,535.2968367325906
2026-08-01 18:16:20.889982,4195.556848708636,4197.811164445679,4190.313307876719,4194.185488458836,590.2452032272198
2026-08-01 18:21:20.889982,4194.185488458836,4201.273774892928,4190.110205593089,4198.769713313745,485.3785395982123
2026-08-01 18:26:20.889982,4198.769713313745,4199.342640136487,4192.3123570611315,4194.696224337647,341.8458161829293
2026-08-01 18:31:20.889982,4194.696224337647,4202.761164565332,4192.491740617059,4199.409510648047,703.1874447127112
2026-08-01 18:36:20.889982,4199.409510648047,4216.499548664414,4196.961733629526,4216.115602380083,419.3240508062635
2026-08-01 18:41:20.889982,4216.115602380083,4226.003653395584,4213.043279947988,4223.420027272607,202.9627674600136
2026-08-01 18:46:20.889982,4223.420027272607,4226.6511016250515,4220.164730464743,4223.436173376312,90.10510286606382
2026-08-01 18:51:20.889982,4223.436173376312,4226.23818842743,4221.400396006399,4222.311618086128,752.169903999862
2026-08-01 18:56:20.889982,4222.311618086128,4224.018427414455,4216.447619809695,4219.722673052373,623.3327952942236
2026-08-01 19:01:20.889982,4219.722673052373,4234.154503490475,4219.389538754883,4230.12139161265,517.5947094258338
2026-08-01 19:06:20.889982,4230.12139161265,4232.386776769394,4223.919516732995,4225.239998334165,411.9450726298393
2026-08-01 19:11:20.889982,4225.239998334165,4226.997277244579,4223.102826802572,4226.044752560242,394.2003171593746
2026-08-01 19:16:20.889982,4226.044752560242,4229.4620519868495,4226.003454672931,4226.900172848489,284.85267031167774
2026-08-01 19:21:20.889982,4226.900172848489,4230.198028143383,4219.620174493676,4223.082604459905,413.70887108802305
2026-08-01 19:26:20.889982,4223.082604459905,4227.1600364275555,4211.166742244913,4211.927600570752,75.98255697596511
2026-08-01 19:31:20.889982,4211.927600570752,4217.576736975717,4210.130685385103,4215.070655916709,352.78726930629716
2026-08-01 19:36:20.889982,4215.070655916709,4216.4819789685835,4212.593759407025,4214.977891899753,437.81249672978123
2026-08-01 19:41:20.889982,4214.977891899753,4222.920306480768,4214.880724927185,4219.618947956041,621.9760094380838
2026-08-01 19:46:20.889982,4219.618947956041,4223.709447039176,4212.125614986352,4215.539702965595,492.01470732532727
2026-08-01 19:51:20.889982,4215.539702965595,4229.442302526321,4212.334259766379,4226.267725871436,658.9846227751118
2026-08-01 19:56:20.889982,4226.267725871436,4227.912000591901,4216.113864323319,4219.285165763781,769.8270210226859
2026-08-01 20:01:20.889982,4219.285165763781,4235.818152260447,4215.493265369386,4234.180497386211,711.6340187648203
2026-08-01 20:06:20.889982,4234.180497386211,4234.930888945308,4218.595020501073,4219.82867654529,594.1019694757114
2026-08-01 20:11:20.889982,4219.82867654529,4226.250760513345,4218.4816606621835,4223.921953762805,502.3725358361568
2026-08-01 20:16:20.889982,4223.921953762805,4230.156872318556,4221.841998754523,4228.363043228989,303.84239831728814
2026-08-01 20:21:20.889982,4228.363043228989,4231.984016081057,4219.853819169035,4222.062769704394,647.9888102758632
2026-08-01 20:26:20.889982,4222.062769704394,4227.602293497361,4221.016812069512,4226.070512619122,835.9494764443059
2026-08-01 20:31:20.889982,4226.070512619122,4239.054437355614,4223.890975475963,4237.322745335206,568.4212079300836
2026-08-01 20:36:20.889982,4237.322745335206,4240.484274790265,4218.488751034019,4218.99945575481,883.4518296852245
2026-08-01 20:41:20.889982,4218.99945575481,4224.60209803868,4217.397695668485,4223.666094824012,194.88565838778322
2026-08-01 20:46:20.889982,4223.666094824012,4225.188297348344,4201.430771996132,4203.077319498102,269.16732304409175
2026-08-01 20:51:20.889982,4203.077319498102,4206.412550728051,4194.027190120458,4195.3871433351005,671.0403015496524
2026-08-01 20:56:20.889982,4195.3871433351005,4211.613074982268,4192.769611790813,4209.500334424017,552.8580420306503
2026-08-01 21:01:20.889982,4209.500334424017,4210.477690108661,4202.003508581413,4205.025641112518,762.7564353143615
2026-08-01 21:06:20.889982,4205.025641112518,4207.326258240561,4193.709859746341,4195.584367809787,496.9056718546521
2026-08-01 21:11:20.889982,4195.584367809787,4198.981885013673,4193.321878310959,4194.343180990926,326.40491549433364
2026-08-01 21:16:20.889982,4194.343180990926,4215.867381163705,4191.9899500535375,4212.147313871406,457.2813515589915
2026-08-01 21:21:20.889982,4212.147313871406,4214.713248203264,4193.491841448422,4197.164607962713,193.46320581525316
2026-08-01 21:26:20.889982,4197.164607962713,4200.596137084237,4186.247889877494,4188.767693637093,274.2818653805931
2026-08-01 21:31:20.889982,4188.767693637093,4204.916145935016,4186.952618955382,4201.7514384169735,694.488799583602
2026-08-01 21:36:20.889982,4201.7514384169735,4220.122179833953,4201.490635130775,4217.8134425870685,674.557482893922
2026-08-01 21:41:20.889982,4217.8134425870685,4218.192446521532,4213.864753001029,4217.362740796915,572.6008569612154
2026-08-01 21:46:20.889982,4217.362740796915,4217.614397814272,4206.632603006888,4207.345323625945,155.78449580790613
2026-08-01 21:51:20.889982,4207.345323625945,4228.803478753116,4207.340502215928,4225.44073501773,428.3192848974223
2026-08-01 21:56:20.889982,4225.44073501773,4240.557814409629,4222.972914282124,4239.360600624474,255.0000222679899
2026-08-01 22:01:20.889982,4239.360600624474,4248.073656243355,4236.065969204665,4245.545646379169,735.306650757553
2026-08-01 22:06:20.889982,4245.545646379169,4247.693579386317,4236.917557709927,4239.076951434073,383.25557328747976
2026-08-01 22:11:20.889982,4239.076951434073,4242.159834152104,4236.963243964419,4239.085180839823,282.85045784369015
2026-08-01 22:16:20.889982,4239.085180839823,4241.664626387547,4234.34473168512,4238.1496325225835,505.9592330242849
2026-08-01 22:21:20.889982,4238.1496325225835,4243.081777838155,4236.517414844792,4241.37907193606,371.96910863307767
2026-08-01 22:26:20.889982,4241.37907193606,4254.145932823082,4238.777298628268,4254.130834947357,796.7487820407414
2026-08-01 22:31:20.889982,4254.130834947357,4262.172801698951,4251.986121311811,4262.0459124626805,353.0378204931618
2026-08-01 22:36:20.889982,4262.0459124626805,4265.473593795889,4250.958477587196,4253.297455477151,220.15434815507376
2026-08-01 22:41:20.889982,4253.297455477151,4266.5995288175445,4249.953647330623,4265.44940939587,69.41729684849685
2026-08-01 22:46:20.889982,4265.44940939587,4269.699678219443,4262.322699418766,4268.548378139109,493.842699517317
2026-08-01 22:51:20.889982,4268.548378139109,4277.454180910603,4267.822740722337,4274.845420348205,387.61397722841474
2026-08-01 22:56:20.889982,4274.845420348205,4291.712120280162,4273.987699618993,4287.831059138925,214.21907869765465
2026-08-01 23:01:20.889982,4287.831059138925,4292.074241331148,4278.705683478543,4278.736963136569,737.845292251157
2026-08-01 23:06:20.889982,4278.736963136569,4279.985670121756,4277.881813495159,4278.858262096543,633.4490294858483
2026-08-01 23:11:20.889982,4278.858262096543,4278.918137915265,4271.609411129917,4274.74009355591,494.35642421255403
2026-08-01 23:16:20.889982,4274.74009355591,4277.704308634051,4258.406033918844,4261.782861679167,772.8652488341734
2026-08-01 23:21:20.889982,4261.782861679167,4266.260448836458,4259.8892016792515,4265.165587029836,632.5072066797226
2026-08-01 23:26:20.889982,4265.165587029836,4289.898248330857,4263.289901540793,4287.0725808246625,335.42881969631355
2026-08-01 23:31:20.889982,4287.0725808246625,4290.062067014495,4269.043459493935,4271.751636438899,292.1559672018468
2026-08-01 23:36:20.889982,4271.751636438899,4272.3927890754,4268.415214208309,4271.903024778885,663.5963088907723
2026-08-01 23:41:20.889982,4271.903024778885,4280.889880020219,4269.101363874668,4277.806965671298,579.2733912934702
2026-08-01 23:46:20.889982,4277.806965671298,4279.9517024767865,4276.660528595866,4279.288012266691,533.9495535941323
2026-08-01 23:51:20.889982,4279.288012266691,4280.970530024663,4277.55001189408,4278.747760135738,330.7004394262185
2026-08-01 23:56:20.889982,4278.747760135738,4279.722502906704,4264.633616245849,4268.070939914103,621.5895134011507
2026-08-02 00:01:20.889982,4268.070939914103,4273.211091996529,4265.657464742102,4270.485530423398,348.90022337321017
2026-08-02 00:06:20.889982,4270.485530423398,4271.450458205657,4260.538249419159,4264.453344085252,479.6026690812644
2026-08-02 00:11:20.889982,4264.453344085252,4265.268635235662,4242.865598643309,4246.241152008096,789.388829277396
2026-08-02 00:16:20.889982,4246.241152008096,4260.938950679828,4243.153740939938,4256.823995276619,367.83315283797083
2026-08-02 00:21:20.889982,4256.823995276619,4269.652657435948,4254.052585259716,4265.4177000426325,185.40214858542782
2026-08-02 00:26:20.889982,4265.4177000426325,4267.212789085517,4264.548324766521,4266.28504127453,289.49056162597793
2026-08-02 00:31:20.889982,4266.28504127453,4270.052387099953,4266.254622575917,4268.666930273004,698.8597653375247
2026-08-02 00:36:20.889982,4268.666930273004,4281.192903055759,4267.520076985534,4278.276408573443,550.9462274760419
2026-08-02 00:41:20.889982,4278.276408573443,4284.113947718695,4276.739768695951,4280.624454439694,474.2245242622493
2026-08-02 00:46:20.889982,4280.624454439694,4290.858270493086,4276.490702848085,4288.799833163995,398.1812389376861
2026-08-02 00:51:20.889982,4288.799833163995,4289.838460924917,4283.5857714386675,4286.677555189708,597.071981510638
2026-08-02 00:56:20.889982,4286.677555189708,4301.6160192922225,4285.730207348113,4298.3702434563675,330.17902980195527
2026-08-02 01:01:20.889982,4298.3702434563675,4303.714041746844,4296.864945921401,4301.558974308215,561.1331137285192
2026-08-02 01:06:20.889982,4301.558974308215,4306.981115785836,4298.881325600888,4303.659094461355,353.7490862374086
2026-08-02 01:11:20.889982,4303.659094461355,4305.707563264215,4289.824503127913,4293.170442461356,320.4681229449892
2026-08-02 01:16:20.889982,4293.170442461356,4297.0748789234085,4289.935015278839,4296.064635395279,372.50251303499766
2026-08-02 01:21:20.889982,4296.064635395279,4299.78233937384,4285.5825119842475,4289.351228609998,424.91851070320763
2026-08-02 01:26:20.889982,4289.351228609998,4292.712679899046,4282.559435708983,4284.307493862256,490.2340328132594
2026-08-02 01:31:20.889982,4284.307493862256,4288.513861331519,4276.130493372639,4277.754301715404,547.0911590222229
2026-08-02 01:36:20.889982,4277.754301715404,4280.486184263599,4268.381087853339,4269.068724589274,50.0
2026-08-02 01:41:20.889982,4269.068724589274,4291.881511439205,4266.06336030769,4287.677662597203,338.46988845064703
2026-08-02 01:46:20.889982,4287.677662597203,4302.7786900963265,4287.395633295268,4299.539513571902,421.6860045287922
2026-08-02 01:51:20.889982,4299.539513571902,4319.811593379566,4296.208559575878,4316.516287949971,801.012407721666
2026-08-02 01:56:20.889982,4316.516287949971,4319.416005865115,4305.1454337761215,4306.40251407083,283.9994783235736
2026-08-02 02:01:20.889982,4306.40251407083,4309.5562895086005,4305.926939216586,4307.446975617504,532.5593236199825
2026-08-02 02:06:20.889982,4307.446975617504,4309.478311900663,4295.6999500159955,4296.747599569374,799.0060619471675
2026-08-02 02:11:20.889982,4296.747599569374,4298.247581208109,4290.504653752828,4291.202405016426,237.40629401054542
2026-08-02 02:16:20.889982,4291.202405016426,4292.189614872586,4283.430250607024,4283.758252158278,578.7950451728805
2026-08-02 02:21:20.889982,4283.758252158278,4298.771856432513,4281.486100996631,4294.821044684905,339.5456332130959
2026-08-02 02:26:20.889982,4294.821044684905,4296.524980452394,4289.55182101262,4291.8480851149225,399.0732515421531
2026-08-02 02:31:20.889982,4291.8480851149225,4304.161235124663,4287.891521380892,4301.458657777388,339.3778332093371
2026-08-02 02:36:20.889982,4301.458657777388,4307.85933484861,4300.1873509233055,4307.08968827645,353.6285383168228
2026-08-02 02:41:20.889982,4307.08968827645,4331.634791508151,4305.490926791295,4327.412148879309,1044.3824295812985
2026-08-02 02:46:20.889982,4327.412148879309,4327.509782440895,4314.4211376721005,4315.058227939807,668.8911744143331
2026-08-02 02:51:20.889982,4315.058227939807,4326.485820016117,4310.786651939076,4326.371868997807,720.3475723572418
2026-08-02 02:56:20.889982,4326.371868997807,4337.946150744585,4322.376279594381,4336.736761282115,598.3986973672992
2026-08-02 03:01:20.889982,4336.736761282115,4341.055657904259,4326.1386962410015,4328.735250079414,178.7486423196084
2026-08-02 03:06:20.889982,4328.735250079414,4338.041034764111,4328.382061512847,4337.897032567496,578.9915940646614
2026-08-02 03:11:20.889982,4337.897032567496,4343.339138443351,4336.135100197976,4341.2484407088,714.5859229014693
2026-08-02 03:16:20.889982,4341.2484407088,4343.880006992318,4337.803305829862,4339.707777082623,329.3201051921777
2026-08-02 03:21:20.889982,4339.707777082623,4343.761397649799,4330.678640591549,4332.995665460586,693.0653334322253
2026-08-02 03:26:20.889982,4332.995665460586,4336.001577477919,4323.3217748434645,4327.201046853732,640.8672419708157
2026-08-02 03:31:20.889982,4327.201046853732,4346.050096403199,4326.206938817932,4345.4118776094665,870.408008962734
2026-08-02 03:36:20.889982,4345.4118776094665,4346.318766437279,4344.8050912508825,4345.852375381735,416.44339749727624
2026-08-02 03:41:20.889982,4345.852375381735,4355.322350162726,4344.456577736229,4353.091025496452,280.4778035448546
2026-08-02 03:46:20.889982,4353.091025496452,4354.93313538643,4342.374862434205,4346.6453973395055,427.6743781254909
2026-08-02 03:51:20.889982,4346.6453973395055,4347.326535571596,4337.957912532514,4340.30520197669,787.1141986327247
2026-08-02 03:56:20.889982,4340.30520197669,4350.572756360653,4338.92283077142,4350.14265273193,134.3188238316074
2026-08-02 04:01:20.889982,4350.14265273193,4352.437465752929,4334.743356323888,4338.850650090266,86.32485691379355
2026-08-02 04:06:20.889982,4338.850650090266,4340.548130912515,4335.4011764283905,4335.682591261225,517.8790557863226
2026-08-02 04:11:20.889982,4335.682591261225,4338.0945125397775,4335.050703782158,4336.4112848564955,411.48214144516874
2026-08-02 04:16:20.889982,4336.4112848564955,4338.808718163907,4333.730989703139,4337.811066674151,501.5455786351369
2026-08-02 04:21:20.889982,4337.811066674151,4338.103538667127,4334.675883235005,4336.69124668086,689.0623542471731
2026-08-02 04:26:20.889982,4336.69124668086,4343.205140979646,4334.861777083341,4340.559736558428,389.4861307762295
2026-08-02 04:31:20.889982,4340.559736558428,4347.096491543524,4336.282030918257,4347.013349042045,125.39883381387591
2026-08-02 04:36:20.889982,4347.013349042045,4355.438727588088,4343.628863617186,4353.840364141927,908.8963114399888
2026-08-02 04:41:20.889982,4353.840364141927,4355.258176984054,4343.635024172791,4345.699304163124,300.5543425122448
2026-08-02 04:46:20.889982,4345.699304163124,4347.387450344511,4342.176769792915,4343.664645333776,288.19257559758046
2026-08-02 04:51:20.889982,4343.664645333776,4354.586933471598,4342.100835114437,4354.491781829126,720.7440027445193
2026-08-02 04:56:20.889982,4354.491781829126,4366.607076620003,4351.48546970999,4362.726475089559,423.1021757916964
2026-08-02 05:01:20.889982,4362.726475089559,4363.360915247018,4348.626949724395,4351.199182897475,487.3220295930378
2026-08-02 05:06:20.889982,4351.199182897475,4358.579816758204,4348.153195350428,4354.694424007458,596.5580248120636
2026-08-02 05:11:20.889982,4354.694424007458,4355.341899101791,4334.168501590045,4337.93310090367,716.7166206219991
2026-08-02 05:16:20.889982,4337.93310090367,4340.082508049181,4335.963348966926,4338.774176671193,433.3078613636456
2026-08-02 05:21:20.889982,4338.774176671193,4358.000707525702,4335.084020579029,4355.708982781098,803.9904011828598
2026-08-02 05:26:20.889982,4355.708982781098,4359.766793916139,4343.852050827761,4347.8940830744195,72.84003025303889
2026-08-02 05:31:20.889982,4347.8940830744195,4347.928667012136,4337.0771316869395,4341.079122545029,651.9574473906155
2026-08-02 05:36:20.889982,4341.079122545029,4348.388897050112,4339.9253780720965,4348.15241423259,332.09448839646853
2026-08-02 05:41:20.889982,4348.15241423259,4350.391659916426,4333.109348263809,4335.18991727182,774.4542633215983
2026-08-02 05:46:20.889982,4335.18991727182,4337.811449073157,4328.064083792967,4330.140153159302,528.408895766109
2026-08-02 05:51:20.889982,4330.140153159302,4339.793347187906,4329.098542932852,4335.742135183598,365.4189335981197
2026-08-02 05:56:20.889982,4335.742135183598,4336.9302355956215,4326.691048897205,4330.678468850765,632.5682186043265
2026-08-02 06:01:20.889982,4330.678468850765,4331.010803010652,4326.429185668437,4329.0680159263065,678.6376694414503
2026-08-02 06:06:20.889982,4329.0680159263065,4338.9056204487315,4326.87949142069,4335.9496476875565,628.3788245717276
2026-08-02 06:11:20.889982,4335.9496476875565,4343.053771352315,4335.200592241044,4340.040776689744,294.0607520733879
2026-08-02 06:16:20.889982,4340.040776689744,4346.494461792372,4339.433059487661,4342.791657644852,403.19657527558303
2026-08-02 06:21:20.889982,4342.791657644852,4344.532302584307,4339.954548751426,4340.281187902631,499.185432575713
2026-08-02 06:26:20.889982,4340.281187902631,4346.297445004958,4337.374302773985,4343.929086741269,491.7480694699879
2026-08-02 06:31:20.889982,4343.929086741269,4348.01768677903,4340.077404465241,4343.288554903102,649.9490950876695
2026-08-02 06:36:20.889982,4343.288554903102,4350.054442398177,4339.237930086318,4347.701888226585,97.01975349867837
2026-08-02 06:41:20.889982,4347.701888226585,4349.781988970732,4341.379595317539,4343.817370181714,566.8654109107007
2026-08-02 06:46:20.889982,4343.817370181714,4346.406713320547,4340.885407082801,4342.665812022031,442.00372911267203
2026-08-02 06:51:20.889982,4342.665812022031,4346.307062136323,4333.706988853379,4334.509635744611,332.29987672320954
2026-08-02 06:56:20.889982,4334.509635744611,4337.044647944988,4331.3791087364125,4334.639607010963,351.50264444608007
2026-08-02 07:01:20.889982,4334.639607010963,4338.558017929373,4324.221655443324,4328.047296068958,457.0924670964073
2026-08-02 07:06:20.889982,4328.047296068958,4330.249148103027,4316.068887134884,4318.846602783282,50.0
2026-08-02 07:11:20.889982,4318.846602783282,4323.217249897148,4316.824614842568,4321.51354618005,359.74208584169
2026-08-02 07:16:20.889982,4321.51354618005,4327.70350838158,4317.491496265985,4323.785009932638,324.8370350707413
2026-08-02 07:21:20.889982,4323.785009932638,4334.871378167467,4323.186724074517,4330.9933458402065,606.5566418645249
2026-08-02 07:26:20.889982,4330.9933458402065,4334.675054079994,4323.589071756787,4327.693299120658,338.89466349789586
2026-08-02 07:31:20.889982,4327.693299120658,4333.224550912786,4325.448757049314,4331.659740154659,456.977239965902
2026-08-02 07:36:20.889982,4331.659740154659,4340.246602915757,4329.225008915344,4336.867769811208,808.4553255322604
2026-08-02 07:41:20.889982,4336.867769811208,4345.474303359787,4334.891401205587,4341.161431013009,698.8703039630847
2026-08-02 07:46:20.889982,4341.161431013009,4344.2607715748545,4330.99674368992,4334.432176230583,680.4542799886906
2026-08-02 07:51:20.889982,4334.432176230583,4338.30327465408,4330.717638048599,4336.160775811956,400.02551391782964
2026-08-02 07:56:20.889982,4336.160775811956,4342.123997920685,4334.375791773533,4339.753821446393,608.6064558579304
2026-08-02 08:01:20.889982,4339.753821446393,4340.71811247913,4338.046503375017,4340.250130764594,453.2204399092812
2026-08-02 08:06:20.889982,4340.250130764594,4343.435598558223,4318.62607680515,4322.608437221375,460.7813578646124
2026-08-02 08:11:20.889982,4322.608437221375,4325.516918357346,4321.072893176962,4324.428548758158,581.9370687493099
2026-08-02 08:16:20.889982,4324.428548758158,4344.710010057501,4321.4415669550735,4344.041197156356,380.60128231581353
2026-08-02 08:21:20.889982,4344.041197156356,4348.212295253352,4338.565788522829,4341.34838540759,798.6006208886407
2026-08-02 08:26:20.889982,4341.34838540759,4344.027329604805,4333.0652018483115,4335.464837980172,467.9739720804126
2026-08-02 08:31:20.889982,4335.464837980172,4339.521039643826,4332.3020997915155,4339.137218047267,623.672113251933
2026-08-02 08:36:20.889982,4339.137218047267,4344.897445099849,4336.26697958065,4342.283175496081,791.1200958514596
2026-08-02 08:41:20.889982,4342.283175496081,4357.001819854562,4338.8789957601775,4353.089214979201,706.330754915035
2026-08-02 08:46:20.889982,4353.089214979201,4356.488608741167,4338.5596156660185,4342.585990911754,218.21617946189502
2026-08-02 08:51:20.889982,4342.585990911754,4353.683319348499,4340.061720663181,4349.377718328012,588.9791790019768
2026-08-02 08:56:20.889982,4349.377718328012,4355.4263366791565,4347.380788937316,4354.952162449971,670.1438788921294
2026-08-02 09:01:20.889982,4354.952162449971,4358.382127765902,4354.028928667389,4354.149648880465,678.3726044321497
2026-08-02 09:06:20.889982,4354.149648880465,4357.783659397642,4353.8572338458835,4357.535770350121,277.34103317707377
2026-08-02 09:11:20.889982,4357.535770350121,4370.145881038864,4355.351918839252,4366.953481888647,368.5929525965352
2026-08-02 09:16:20.889982,4366.953481888647,4376.630267342272,4366.492257165094,4375.016332814228,698.9116471483244
2026-08-02 09:21:20.889982,4375.016332814228,4378.219895868423,4364.0614240546765,4365.462824103437,347.64792586347085
2026-08-02 09:26:20.889982,4365.462824103437,4374.227005074014,4362.615148879607,4373.066725211816,440.06078866713716
2026-08-02 09:31:20.889982,4373.066725211816,4375.511317145262,4371.3534592380975,4372.938258599006,815.1751619003938
2026-08-02 09:36:20.889982,4372.938258599006,4376.818906901247,4371.752223635963,4374.013032343858,490.44014992304204
2026-08-02 09:41:20.889982,4374.013032343858,4378.568350257397,4373.009988266649,4375.090895616291,354.6451724332314
2026-08-02 09:46:20.889982,4375.090895616291,4375.785824971238,4370.791281869371,4374.213839162708,324.476528627419
2026-08-02 09:51:20.889982,4374.213839162708,4388.194497722162,4373.414937227622,4385.090327225628,566.5438659170376
2026-08-02 09:56:20.889982,4385.090327225628,4385.60007535133,4381.118416780589,4384.7946245970525,233.3703983045582
2026-08-02 10:01:20.889982,4384.7946245970525,4388.199849447258,4373.9932788560545,4375.425169005683,450.5328072207164
2026-08-02 10:06:20.889982,4375.425169005683,4378.305062511754,4371.877142639263,4372.420023125,566.6461069980044
2026-08-02 10:11:20.889982,4372.420023125,4376.638418891944,4372.338126420956,4374.42037927894,759.8299641095334
2026-08-02 10:16:20.889982,4374.42037927894,4387.343773988847,4374.092985315453,4385.626354459421,633.5096160739992
2026-08-02 10:21:20.889982,4385.626354459421,4393.4450974740885,4383.777016315791,4391.358555839223,357.18697640356424
2026-08-02 10:26:20.889982,4391.358555839223,4393.310009828037,4384.134558871415,4384.3333064088065,735.683863512744
2026-08-02 10:31:20.889982,4384.3333064088065,4408.213500629158,4381.016629073438,4406.619994829209,440.0969924905045
2026-08-02 10:36:20.889982,4406.619994829209,4411.0217478325085,4403.468503803098,4409.39505861759,252.8593955901182
2026-08-02 10:41:20.889982,4409.39505861759,4422.732408659018,4407.528828715671,4421.09890667792,465.5917281469055
2026-08-02 10:46:20.889982,4421.09890667792,4423.591929481434,4415.99741507452,4420.199619009394,787.6338402291403
2026-08-02 10:51:20.889982,4420.199619009394,4425.841503900534,4420.054133581698,4425.359757260787,533.0480100129851
2026-08-02 10:56:20.889982,4425.359757260787,4435.934419568592,4421.159661197709,4433.239199949434,502.5043728659573
2026-08-02 11:01:20.889982,4433.239199949434,4448.896715524831,4431.092784028682,4444.4978931473925,827.4423289405706
2026-08-02 11:06:20.889982,4444.4978931473925,4456.437194055534,4441.631353027159,4454.352193659842,213.7290305891146
2026-08-02 11:11:20.889982,4454.352193659842,4465.054917138089,4451.527742129435,4462.575355164114,242.88017718944553
2026-08-02 11:16:20.889982,4462.575355164114,4466.475643460946,4456.8813609326635,4460.2100432051175,176.8307058066336
2026-08-02 11:21:20.889982,4460.2100432051175,4462.42622073776,4453.500412782203,4455.558276795259,574.5296372960111
2026-08-02 11:26:20.889982,4455.558276795259,4461.821006127543,4453.527850887923,4458.969041731886,533.2986254230249
2026-08-02 11:31:20.889982,4458.969041731886,4469.790383685224,4458.8963342206225,4467.745142212401,808.5472734559552
2026-08-02 11:36:20.889982,4467.745142212401,4468.5228164167365,4464.020263977945,4466.2020646054825,548.6950154273541
2026-08-02 11:41:20.889982,4466.2020646054825,4479.856688264419,4464.957213472577,4476.174347953763,1883.8482809458067
2026-08-02 11:46:20.889982,4476.174347953763,4491.993014679387,4474.630237518947,4489.646530403192,2248.738254333776
2026-08-02 11:51:20.889982,4489.646530403192,4490.1170632712,4477.579342803794,4481.874316162289,2352.9262428196184
2026-08-02 11:56:20.889982,4481.874316162289,4485.704857030059,4474.474864668311,4474.826104618331,744.462357237548
2026-08-02 12:01:20.889982,4474.826104618331,4478.047027450195,4472.462273842543,4474.017352365972,4683.30645865567
2026-08-02 12:06:20.889982,4474.017352365972,4481.672587429168,4472.664416140928,4477.218427540356,2714.4109835620893
2026-08-02 12:11:20.889982,4477.218427540356,4478.287311707296,4470.430805274553,4472.970963207403,2435.8908949245674
2026-08-02 12:16:20.889982,4472.970963207403,4489.278578283964,4472.109831883883,4485.532592659305,2800.065063652152
2026-08-02 12:21:20.889982,4485.532592659305,4492.972561849054,4485.257151429221,4489.787494165242,2884.7789737538596
2026-08-02 12:26:20.889982,4489.787494165242,4494.717322358986,4489.423485020633,4490.590762490243,2120.7884362243167
2026-08-02 12:31:20.889982,4490.590762490243,4494.696201463633,4475.962978283055,4478.16089211312,1679.73385452917
2026-08-02 12:36:20.889982,4478.16089211312,4480.167516210547,4462.490571640585,4466.838176861106,2785.941166205387
2026-08-02 12:41:20.889982,4466.838176861106,4474.2231009450925,4463.933936386304,4469.796285426472,577.1421681062905
2026-08-02 12:46:20.889982,4469.796285426472,4470.364482765021,4448.964374987242,4451.217448104219,338.02198018211834
2026-08-02 12:51:20.889982,4451.217448104219,4463.047999467176,4448.927535187188,4460.687568201192,783.8071222734528
2026-08-02 12:56:20.889982,4460.687568201192,4463.227893365471,4459.6392844982975,4459.722791531171,558.6704072645966
2026-08-02 13:01:20.889982,4459.722791531171,4492.385130390648,4456.545710426195,4489.192294359133,645.9638724535262
2026-08-02 13:06:20.889982,4489.192294359133,4510.933385915738,4486.632379848165,4510.412569590368,778.3841775359838
2026-08-02 13:11:20.889982,4510.412569590368,4512.976113011694,4506.149622553585,4509.226946377875,504.37776423296697
2026-08-02 13:16:20.889982,4509.226946377875,4509.612023952409,4505.894175036456,4508.718902340305,563.3904013968231
2026-08-02 13:21:20.889982,4508.718902340305,4519.4257151750435,4506.432968373512,4518.157233717899,662.0054477012233
2026-08-02 13:26:20.889982,4518.157233717899,4537.53352943994,4514.969014426077,4534.027259371665,355.02778323998956
2026-08-02 13:31:20.889982,4534.027259371665,4534.566368895039,4516.97782107277,4519.6497692594485,510.81033256920017
2026-08-02 13:36:20.889982,4519.6497692594485,4524.0298365649,4503.275286656205,4503.981373281862,525.1097173302296
2026-08-02 13:41:20.889982,4503.981373281862,4507.822850918117,4495.670806158858,4498.831451559887,308.7882896633211
2026-08-02 13:46:20.889982,4498.831451559887,4508.014734596779,4497.562968569709,4504.528214835401,963.5273577347757
2026-08-02 13:51:20.889982,4504.528214835401,4510.75594815638,4500.447024633666,4509.457725199789,218.5413113015195
2026-08-02 13:56:20.889982,4509.457725199789,4521.194451831272,4509.173559959423,4519.5681664337635,240.37921926256843
2026-08-02 14:01:20.889982,4519.5681664337635,4522.2826041761255,4508.625006236576,4509.187832551107,762.8453151407159
2026-08-02 14:06:20.889982,4509.187832551107,4512.779834630319,4485.916469438413,4488.797139033496,642.6532501593085
2026-08-02 14:11:20.889982,4488.797139033496,4500.889935388464,4485.274163832065,4496.956328495108,294.8070365038444
2026-08-02 14:16:20.889982,4496.956328495108,4497.460498675513,4488.25174984036,4489.962742979993,621.4578030203386
2026-08-02 14:21:20.889982,4489.962742979993,4493.440489644302,4470.454134854338,4472.320619730695,793.570088999462
2026-08-02 14:26:20.889982,4472.320619730695,4478.416162441467,4469.030152545867,4474.065735343783,493.94738848060285
2026-08-02 14:31:20.889982,4474.065735343783,4481.686412153151,4470.128621513577,4481.616947463827,1019.7645800149164
2026-08-02 14:36:20.889982,4481.616947463827,4482.068715896079,4480.3414463207655,4480.971129071766,155.18763782639292
2026-08-02 14:41:20.889982,4480.971129071766,4484.262368313426,4473.444766838666,4477.317505711694,638.7646907718204
2026-08-02 14:46:20.889982,4477.317505711694,4479.718913289871,4475.04442953508,4476.3383139292955,733.3056672442007
2026-08-02 14:51:20.889982,4476.3383139292955,4477.910921164792,4471.935255183382,4473.4691600246315,678.2687803210493
2026-08-02 14:56:20.889982,4473.4691600246315,4474.930544447279,4460.786842931209,4461.870674472456,459.12885467087034
2026-08-02 15:01:20.889982,4461.870674472456,4464.587360706633,4451.93102186183,4455.943176797442,441.9117035977701
2026-08-02 15:06:20.889982,4455.943176797442,4462.407174073885,4455.111277616522,4461.037267984777,588.8290342174515
2026-08-02 15:11:20.889982,4461.037267984777,4468.098352578878,4457.728144900908,4464.3546444792555,663.1508973304138
2026-08-02 15:16:20.889982,4464.3546444792555,4470.459461070077,4463.615705678855,4466.302061716899,620.4946872564726
2026-08-02 15:21:20.889982,4466.302061716899,4466.9463316585425,4455.453778565129,4457.867399010867,708.0115781586778
2026-08-02 15:26:20.889982,4457.867399010867,4460.606462769611,4454.5551192308785,4456.695105859178,296.22600858665294
2026-08-02 15:31:20.889982,4456.695105859178,4459.364517535855,4436.975530750276,4437.776015762319,454.44580417527305
2026-08-02 15:36:20.889982,4437.776015762319,4441.933726894279,4434.85554837923,4439.804335669095,311.9968135752492
2026-08-02 15:41:20.889982,4439.804335669095,4454.882274980708,4436.787722441678,4452.955452438221,422.7774447827717
2026-08-02 15:46:20.889982,4452.955452438221,4454.964587111056,4438.809024976449,4440.290303960668,703.0441783628611
2026-08-02 15:51:20.889982,4440.290303960668,4441.638398507483,4433.710934963626,4435.533504813467,521.5967841450457
2026-08-02 15:56:20.889982,4435.533504813467,4439.000354217301,4432.568239163079,4438.897861740548,1021.3718326299539
2026-08-02 16:01:20.889982,4438.897861740548,4454.240439940802,4437.323708289309,4450.479314766827,538.6812734379434
2026-08-02 16:06:20.889982,4450.479314766827,4450.68418428702,4442.548017025442,4446.936145096555,511.9383761159473
2026-08-02 16:11:20.889982,4446.936145096555,4448.10879440012,4440.66536647714,4441.227719712694,521.2365838880432
2026-08-02 16:16:20.889982,4441.227719712694,4442.869874800537,4420.948100562937,4424.215636170311,372.4382614280128
2026-08-02 16:21:20.889982,4424.215636170311,4426.874280765871,4421.673025269373,4425.573531254276,488.4326775244813
2026-08-02 16:26:20.889982,4425.573531254276,4445.976400052204,4425.052358047122,4444.129597581355,725.5576054223292
2026-08-02 16:31:20.889982,4444.129597581355,4448.508996767602,4440.908179112497,4447.040197146454,522.7941336255544
2026-08-02 16:36:20.889982,4447.040197146454,4450.008513796848,4446.507537876363,4447.2867569690325,341.3080540233057
2026-08-02 16:41:20.889982,4447.2867569690325,4451.324384461038,4444.4372319854365,4450.597502152317,314.98307590427294
2026-08-02 16:46:20.889982,4450.597502152317,4454.564309618069,4449.04213183354,4450.943843287662,409.9596216668313
2026-08-02 16:51:20.889982,4450.943843287662,4453.593538013423,4443.398388147942,4444.1567550055925,514.7726868821761
2026-08-02 16:56:20.889982,4444.1567550055925,4453.311747273867,4444.066671034125,4451.925523012335,738.7173070952524
2026-08-02 17:01:20.889982,4451.925523012335,4457.803733950322,4450.14025716071,4454.381539751008,231.90227172671263
2026-08-02 17:06:20.889982,4454.381539751008,4458.619757238471,4451.226176154266,4454.983930922228,436.03474442224876
2026-08-02 17:11:20.889982,4454.983930922228,4458.675973308892,4445.476322569569,4446.7465742799495,528.8620038870158
2026-08-02 17:16:20.889982,4446.7465742799495,4459.625658107214,4442.424756015095,4458.80029524533,133.25884647411306
2026-08-02 17:21:20.889982,4458.80029524533,4468.381282609535,4455.081467334851,4465.178286150788,333.2803434067187
2026-08-02 17:26:20.889982,4465.178286150788,4465.236929005901,4459.108138587341,4460.689281737782,364.02229205276274
2026-08-02 17:31:20.889982,4460.689281737782,4473.403338578929,4460.341424550504,4470.082886402644,340.80592522990037
2026-08-02 17:36:20.889982,4470.082886402644,4472.618942912583,4464.167044539603,4466.083319269086,538.3779090043295
2026-08-02 17:41:20.889982,4466.083319269086,4466.161996057773,4458.497381053877,4459.5497258741325,467.8880780996405
2026-08-02 17:46:20.889982,4459.5497258741325,4460.819769910906,4452.726165990488,4453.224303422137,388.94277947979276
2026-08-02 17:51:20.889982,4453.224303422137,4456.036678937112,4436.846303268849,4437.922046147806,585.592525310527
2026-08-02 17:56:20.889982,4437.922046147806,4443.786929635185,4433.935733270153,4442.55359013046,844.61494352925
2026-08-02 18:01:20.889982,4442.55359013046,4444.628809502937,4425.020225681204,4426.756081340464,827.8513033483505
2026-08-02 18:06:20.889982,4426.756081340464,4429.96048186143,4412.317840782639,4416.3350000303235,115.44564558753274
2026-08-02 18:11:20.889982,4416.3350000303235,4416.445568878322,4396.5082716749885,4398.479841205608,615.414436767028
2026-08-02 18:16:20.889982,4398.479841205608,4401.1663506877,4396.761456729462,4398.162549017138,464.3953419872323
2026-08-02 18:21:20.889982,4398.162549017138,4401.559723733152,4393.008329284206,4397.280186156611,531.0310685730713
2026-08-02 18:26:20.889982,4397.280186156611,4401.428700621302,4393.678485117603,4394.847437799296,420.3433932914903
2026-08-02 18:31:20.889982,4394.847437799296,4395.842160002363,4381.9319571849355,4386.131636694883,523.5177259774405
2026-08-02 18:36:20.889982,4386.131636694883,4388.143241613096,4375.386573418923,4376.298146358349,530.2814792144037
2026-08-02 18:41:20.889982,4376.298146358349,4383.899748733706,4375.053438222062,4380.802534643448,384.20964853021536
2026-08-02 18:46:20.889982,4380.802534643448,4381.973290869215,4372.571128510822,4376.419090808523,320.7264904349638
2026-08-02 18:51:20.889982,4376.419090808523,4380.338539069989,4376.137280288295,4379.626940992509,410.26086347610317
2026-08-02 18:56:20.889982,4379.626940992509,4380.805877178034,4369.66313542223,4372.3168931039745,546.8518528913531
2026-08-02 19:01:20.889982,4372.3168931039745,4374.876346983517,4370.254931751681,4374.3379191189915,619.7992683368528
2026-08-02 19:06:20.889982,4374.3379191189915,4388.944968298422,4370.625256708932,4386.193346438701,670.6697954680293
2026-08-02 19:11:20.889982,4386.193346438701,4392.787126711755,4382.608307433344,4391.7775905923545,401.16199538661743
2026-08-02 19:16:20.889982,4391.7775905923545,4392.809246645881,4385.625407636383,4388.595462208242,556.7689134605473
2026-08-02 19:21:20.889982,4388.595462208242,4393.183848389022,4388.092172628339,4391.292634706609,692.5005183906596
2026-08-02 19:26:20.889982,4391.292634706609,4394.429174590138,4388.662525986224,4389.618420787966,733.1189790288256
2026-08-02 19:31:20.889982,4389.618420787966,4390.901993250152,4388.045519860039,4390.12659405043,488.2334291736956
2026-08-02 19:36:20.889982,4390.12659405043,4392.994620927583,4386.680618005114,4387.707326069379,455.81365501207745
2026-08-02 19:41:20.889982,4387.707326069379,4388.513179148609,4386.660438325859,4386.704101936605,538.2248467672784
2026-08-02 19:46:20.889982,4386.704101936605,4391.0742002006955,4384.823760659413,4389.004156687043,270.0585054205188
2026-08-02 19:51:20.889982,4389.004156687043,4390.030603185983,4380.496117337392,4380.731153043697,461.2780977928984
2026-08-02 19:56:20.889982,4380.731153043697,4382.611607626166,4368.83055967907,4372.276810608211,648.917279694626
2026-08-02 20:01:20.889982,4372.276810608211,4375.404222084056,4356.833935640489,4360.587507083374,628.3894258887402
2026-08-02 20:06:20.889982,4360.587507083374,4360.6292932317,4342.887149702966,4347.088259769062,445.9464791272222
2026-08-02 20:11:20.889982,4347.088259769062,4348.5724089642,4332.656227779932,4336.951535021975,543.5436402174333
2026-08-02 20:16:20.889982,4336.951535021975,4339.864830546615,4334.906504562049,4338.768773119474,335.0699319418625
2026-08-02 20:21:20.889982,4338.768773119474,4340.304383470541,4329.9206490433635,4331.461612923747,640.6984296450049
2026-08-02 20:26:20.889982,4331.461612923747,4339.999342045978,4328.228527939115,4336.346914665793,484.43571277270536
2026-08-02 20:31:20.889982,4336.346914665793,4341.3847151211485,4333.686502164288,4337.08167331426,444.80970966077234
2026-08-02 20:36:20.889982,4337.08167331426,4339.090855043221,4320.082978607499,4320.472140222923,427.6552327813227
2026-08-02 20:41:20.889982,4320.472140222923,4330.879782291,4318.089267402451,4326.56809145216,487.42122662002834
2026-08-02 20:46:20.889982,4326.56809145216,4337.059000336219,4324.808292818297,4334.023114791191,410.42447101360835
2026-08-02 20:51:20.889982,4334.023114791191,4336.396927330774,4321.77193749186,4325.849386795376,631.6286072005126
2026-08-02 20:56:20.889982,4325.849386795376,4330.63983843724,4324.584627030735,4329.919255708415,420.94329039676387
2026-08-02 21:01:20.889982,4329.919255708415,4330.577662051739,4319.516038479512,4322.940740885647,818.5928192054762
2026-08-02 21:06:20.889982,4322.940740885647,4324.485967228163,4322.587852100759,4324.217670016706,793.0421006962762
2026-08-02 21:11:20.889982,4324.217670016706,4325.508423533616,4311.508837858262,4313.726905248662,321.69130202909906
2026-08-02 21:16:20.889982,4313.726905248662,4315.47946378676,4298.521865710619,4298.714518235953,513.9408538858561
2026-08-02 21:21:20.889982,4298.714518235953,4302.830501096861,4291.760709734668,4295.854098168718,369.868675732761
2026-08-02 21:26:20.889982,4295.854098168718,4297.054172174762,4292.078623322592,4295.220687278567,434.6704873622777
2026-08-02 21:31:20.889982,4295.220687278567,4297.705796354691,4291.215697652591,4292.235003435395,900.4854935289594
2026-08-02 21:36:20.889982,4292.235003435395,4293.360305346686,4280.40761476189,4282.510983625517,438.48571657684016
2026-08-02 21:41:20.889982,4282.510983625517,4284.30637043222,4278.268818518545,4279.515138837584,572.0452074154857
2026-08-02 21:46:20.889982,4279.515138837584,4285.706830680768,4277.454710992766,4282.248865063964,608.2642588016556
2026-08-02 21:51:20.889982,4282.248865063964,4285.09685493352,4281.438348832684,4282.292603919261,299.8741255033519
2026-08-02 21:56:20.889982,4282.292603919261,4286.570040376749,4280.930937434492,4284.284341851971,328.98090511815906
2026-08-02 22:01:20.889982,4284.284341851971,4286.539647440323,4275.633002239519,4278.974135785237,258.7955257183762
2026-08-02 22:06:20.889982,4278.974135785237,4292.740527322473,4277.458434665568,4289.442318459885,322.80585322044465
2026-08-02 22:11:20.889982,4289.442318459885,4292.420380106625,4275.763354385333,4279.791879471258,50.0
2026-08-02 22:16:20.889982,4279.791879471258,4287.0762611715245,4279.156715030374,4284.3956462184215,608.9164801587256
2026-08-02 22:21:20.889982,4284.3956462184215,4297.8838026109925,4283.946194322277,4294.964478192717,910.838768251214
2026-08-02 22:26:20.889982,4294.964478192717,4303.277025601779,4292.745439715963,4299.527363035586,529.5641478073054
2026-08-02 22:31:20.889982,4299.527363035586,4301.183286169977,4297.970972227811,4298.215998884976,216.74622813187852
2026-08-02 22:36:20.889982,4298.215998884976,4299.852689625115,4290.227851352707,4294.10631681079,371.4447234200104
2026-08-02 22:41:20.889982,4294.10631681079,4303.534305524118,4292.068127158197,4303.444006374514,408.2246309950006
2026-08-02 22:46:20.889982,4303.444006374514,4307.451193080691,4289.948657927978,4291.643174609676,296.4830445573249
2026-08-02 22:51:20.889982,4291.643174609676,4293.480751876307,4281.274338780823,4283.752747006591,672.0365276790313
2026-08-02 22:56:20.889982,4283.752747006591,4285.7358560809935,4280.054332538655,4280.776078625321,662.0520088750668
2026-08-02 23:01:20.889982,4280.776078625321,4291.894238058411,4278.165611467379,4291.814601124899,268.9096412364681
2026-08-02 23:06:20.889982,4291.814601124899,4299.460482447762,4291.358105985737,4295.505153008346,645.0162088895016
2026-08-02 23:11:20.889982,4295.505153008346,4296.411301500936,4286.038043213274,4287.625448578511,805.362532715453
2026-08-02 23:16:20.889982,4287.625448578511,4291.093032341002,4284.239939155723,4285.393825653421,880.511641045912
2026-08-02 23:21:20.889982,4285.393825653421,4289.173776151408,4280.32460977812,4280.559860250351,1073.0424046171925
2026-08-02 23:26:20.889982,4280.559860250351,4284.587681393549,4272.517906774356,4274.915052898427,319.6014701113605
2026-08-02 23:31:20.889982,4274.915052898427,4286.542960737495,4273.343211423743,4283.720941000694,1064.8440852790407
2026-08-02 23:36:20.889982,4283.720941000694,4287.07078629728,4271.700298105495,4272.41193774078,429.1587222982423
2026-08-02 23:41:20.889982,4272.41193774078,4286.819131459872,4270.7221264314685,4286.609465566655,381.50690892389713
2026-08-02 23:46:20.889982,4286.609465566655,4297.811230730883,4283.373389042913,4294.145337261251,565.4144749755691
2026-08-02 23:51:20.889982,4294.145337261251,4306.180391441612,4291.68849462199,4303.954575636109,383.58773318139754
2026-08-02 23:56:20.889982,4303.954575636109,4304.5136284602,4296.786229221679,4300.40149724004,579.8088281293052
2026-08-03 00:01:20.889982,4300.40149724004,4303.785739838927,4296.719490665864,4299.542012704478,235.98456245253965
2026-08-03 00:06:20.889982,4299.542012704478,4301.546420651121,4283.529331984787,4287.664609857037,452.24947958731315
2026-08-03 00:11:20.889982,4287.664609857037,4291.433604133786,4280.835674912272,4283.59615489639,757.1164468723359
2026-08-03 00:16:20.889982,4283.59615489639,4289.8506615334245,4280.9487970397895,4288.256283568726,488.5877417137688
2026-08-03 00:21:20.889982,4288.256283568726,4302.290654261981,4286.565672887146,4299.816363949599,528.3191573479766
2026-08-03 00:26:20.889982,4299.816363949599,4301.1350057114605,4288.988432228303,4290.734807601626,595.0517209434623
2026-08-03 00:31:20.889982,4290.734807601626,4293.197309247973,4286.192302774968,4288.028157044101,734.1323258635321
2026-08-03 00:36:20.889982,4288.028157044101,4289.158371870987,4283.89712610957,4287.159497224347,168.95505756211338
2026-08-03 00:41:20.889982,4287.159497224347,4289.437983147107,4275.346432397882,4275.635786747644,616.9048103674869
2026-08-03 00:46:20.889982,4275.635786747644,4282.700465682037,4271.852219101814,4281.123657176473,446.37217215164736
2026-08-03 00:51:20.889982,4281.123657176473,4284.356918156957,4273.974677738637,4275.356673033409,533.3275790623677
2026-08-03 00:56:20.889982,4275.356673033409,4279.36774063303,4273.786253010495,4274.113662547699,711.9900339524753
2026-08-03 01:01:20.889982,4274.113662547699,4278.222088928519,4269.6297610527545,4270.679088653204,261.16266971763116
2026-08-03 01:06:20.889982,4270.679088653204,4270.71792697885,4262.518882794329,4264.368800250556,297.4711117113821
2026-08-03 01:11:20.889982,4264.368800250556,4266.266081850897,4262.069925916194,4264.735168035126,112.91400805723873
2026-08-03 01:16:20.889982,4264.735168035126,4268.133193274533,4259.731285475441,4263.322839955331,390.16821164724473
2026-08-03 01:21:20.889982,4263.322839955331,4265.033412976751,4258.747963039421,4260.579354940865,766.0864688757633
2026-08-03 01:26:20.889982,4260.579354940865,4261.210677919569,4254.599690725286,4254.801996386476,475.8825623053061
2026-08-03 01:31:20.889982,4254.801996386476,4260.677927132098,4254.527827048632,4257.947667260215,231.97502086904285
2026-08-03 01:36:20.889982,4257.947667260215,4275.615512169925,4255.652249634774,4272.480237487023,402.8642510849906
2026-08-03 01:41:20.889982,4272.480237487023,4274.951888660075,4270.175136373195,4274.10312453236,202.4276593018754
2026-08-03 01:46:20.889982,4274.10312453236,4283.838709435759,4272.227916462892,4283.054920165287,274.96277965376765
2026-08-03 01:51:20.889982,4283.054920165287,4286.4794809117375,4269.616674863489,4271.589804607774,577.7637820527426
2026-08-03 01:56:20.889982,4271.589804607774,4274.000563195076,4268.497905390216,4273.365116715384,265.22533473879423
2026-08-03 02:01:20.889982,4273.365116715384,4274.1632463503765,4261.273422285173,4264.422911290568,722.5268610406604
2026-08-03 02:06:20.889982,4264.422911290568,4266.46707217528,4250.340805206255,4252.2702377840915,485.7759418339328
2026-08-03 02:11:20.889982,4252.2702377840915,4255.8907696549795,4243.4024683796,4246.411490527588,517.1189407889051
2026-08-03 02:16:20.889982,4246.411490527588,4257.111931521548,4245.1538125148645,4256.971831185969,444.3254064784212
2026-08-03 02:21:20.889982,4256.971831185969,4269.209336732402,4256.893817202698,4265.494429505006,654.5695677087447
2026-08-03 02:26:20.889982,4265.494429505006,4270.321920931596,4262.389893167494,4267.9947820680445,656.6319775554022
2026-08-03 02:31:20.889982,4267.9947820680445,4270.648860596089,4252.120876362688,4255.357212554293,567.0108703824343
2026-08-03 02:36:20.889982,4255.357212554293,4258.445290597664,4251.168465408809,4254.112441799167,612.9578211815297
2026-08-03 02:41:20.889982,4254.112441799167,4260.603219357698,4251.365601092962,4257.105837220242,457.58206601591485
2026-08-03 02:46:20.889982,4257.105837220242,4260.740444617818,4255.096870193787,4259.0265335731765,608.4406013818098
2026-08-03 02:51:20.889982,4259.0265335731765,4262.079083439886,4240.055435400053,4243.774280390505,432.42444490523866
2026-08-03 02:56:20.889982,4243.774280390505,4244.929515536147,4235.198772855764,4236.648031840154,500.4463244324804
2026-08-03 03:01:20.889982,4236.648031840154,4240.591247071909,4234.077866615995,4236.5287484558585,445.0712501267405
2026-08-03 03:06:20.889982,4236.5287484558585,4242.258405113484,4233.716984919645,4241.499338684455,408.55629213616083
2026-08-03 03:11:20.889982,4241.499338684455,4245.70165571197,4219.855036507385,4223.332754918368,362.17764045564195
2026-08-03 03:16:20.889982,4223.332754918368,4226.482267887056,4221.507334147503,4222.385787383589,593.5380207717772
2026-08-03 03:21:20.889982,4222.385787383589,4227.7171836864945,4220.165704043479,4224.016354906805,762.1211825626926
2026-08-03 03:26:20.889982,4224.016354906805,4235.3862877639585,4222.62315676101,4231.623147521698,734.2203943339118
2026-08-03 03:31:20.889982,4231.623147521698,4238.177773943525,4229.608996595053,4237.914806868779,248.6869328109129
2026-08-03 03:36:20.889982,4237.914806868779,4244.424763038384,4234.88372607133,4243.279766589596,757.8406102813747
2026-08-03 03:41:20.889982,4243.279766589596,4247.3410374598,4233.992520095114,4236.920122380173,436.3682996764142
2026-08-03 03:46:20.889982,4236.920122380173,4240.67799059418,4219.292618850154,4221.204926047986,620.1466030291183
2026-08-03 03:51:20.889982,4221.204926047986,4224.462179728975,4214.753509061912,4218.309727391438,318.75693359055776
2026-08-03 03:56:20.889982,4218.309727391438,4230.196289013702,4216.167765526263,4227.191281758366,528.395982774801
2026-08-03 04:01:20.889982,4227.191281758366,4242.065735297158,4224.230104693422,4239.412430732081,562.7446365793814
2026-08-03 04:06:20.889982,4239.412430732081,4246.940462742731,4235.980290349695,4245.865900305194,203.07904161606945
2026-08-03 04:11:20.889982,4245.865900305194,4253.977106404262,4243.89055656139,4249.938285762205,621.6534332688378
2026-08-03 04:16:20.889982,4249.938285762205,4256.5737927660575,4246.805971147588,4253.591739187366,769.1870015676631
2026-08-03 04:21:20.889982,4253.591739187366,4256.408669884801,4246.963422765835,4249.288272579407,465.0704108636744
2026-08-03 04:26:20.889982,4249.288272579407,4253.0346488933255,4246.70061494009,4248.607928516413,772.0336261656025
2026-08-03 04:31:20.889982,4248.607928516413,4263.500869717303,4245.019739602483,4263.240373126293,462.0613013095185
2026-08-03 04:36:20.889982,4263.240373126293,4266.113717297165,4252.022646889939,4255.636783139269,669.9169062093234
2026-08-03 04:41:20.889982,4255.636783139269,4270.421359949005,4255.505909794446,4269.829785952487,56.286006809780076
2026-08-03 04:46:20.889982,4269.829785952487,4273.819406196248,4266.87695829662,4267.507389933539,983.7555558626927
2026-08-03 04:51:20.889982,4267.507389933539,4282.727599959589,4263.994335421817,4279.262884785379,799.0916490485914
2026-08-03 04:56:20.889982,4279.262884785379,4282.295620646343,4267.106106798559,4267.666290112005,443.07489914926424
2026-08-03 05:01:20.889982,4267.666290112005,4275.949256214957,4263.871965271351,4273.097396889658,105.58219467123638
2026-08-03 05:06:20.889982,4273.097396889658,4274.915735053351,4265.467582107272,4267.232154524715,557.6056736610979
2026-08-03 05:11:20.889982,4267.232154524715,4269.121933743251,4255.246107839734,4255.596223787019,211.2148905852486
2026-08-03 05:16:20.889982,4255.596223787019,4261.680522512371,4251.897332473283,4257.882382557208,588.9707075114976
2026-08-03 05:21:20.889982,4257.882382557208,4271.172154035053,4255.3907415684525,4266.914160618892,582.3131438328564
2026-08-03 05:26:20.889982,4266.914160618892,4270.119430849805,4259.272246983236,4260.135656797927,311.719366199595
2026-08-03 05:31:20.889982,4260.135656797927,4262.979420118384,4245.047579891434,4247.807519972359,724.1934047228756
2026-08-03 05:36:20.889982,4247.807519972359,4251.635681217532,4243.923285594762,4247.452037838406,661.1149405612347
2026-08-03 05:41:20.889982,4247.452037838406,4251.438129127495,4243.443987998707,4247.134040215897,695.1646674577127
2026-08-03 05:46:20.889982,4247.134040215897,4255.913246581792,4246.863398705961,4252.219369575671,501.7715407337791
2026-08-03 05:51:20.889982,4252.219369575671,4264.333278090988,4249.636238179966,4260.728863581644,216.89518661725867
2026-08-03 05:56:20.889982,4260.728863581644,4262.349834238273,4260.407844310663,4260.648633267821,695.5744544422275
2026-08-03 06:01:20.889982,4260.648633267821,4279.815327610867,4259.250280927958,4276.9169731413085,445.92572017284175
2026-08-03 06:06:20.889982,4276.9169731413085,4281.265112852918,4274.001277217794,4279.263375014462,222.04397136146616
2026-08-03 06:11:20.889982,4279.263375014462,4283.165098439813,4273.196984241367,4276.727152711185,770.4078731948653
2026-08-03 06:16:20.889982,4276.727152711185,4278.654233688156,4261.737922200303,4263.391193498746,919.8815041005018
2026-08-03 06:21:20.889982,4263.391193498746,4264.413468325713,4259.991151854829,4261.57827760764,491.7503742041594
2026-08-03 06:26:20.889982,4261.57827760764,4262.05151047953,4255.001983324102,4259.138055750928,931.8242309206584
2026-08-03 06:31:20.889982,4259.138055750928,4270.202149345532,4258.593713022132,4267.75281156047,518.2629457222699
2026-08-03 06:36:20.889982,4267.75281156047,4273.636593853088,4265.418183717249,4272.129360942186,423.90881916672976
2026-08-03 06:41:20.889982,4272.129360942186,4274.405917316504,4262.339295982482,4262.490628758935,373.9083091629045
2026-08-03 06:46:20.889982,4262.490628758935,4268.440517379078,4261.31684249726,4264.3857644084965,827.4164815985484
2026-08-03 06:51:20.889982,4264.3857644084965,4270.613098540294,4264.059777664955,4270.543981199799,343.97122372244564
2026-08-03 06:56:20.889982,4270.543981199799,4286.528957245213,4269.955562073784,4284.043377112519,647.0538619949975
2026-08-03 07:01:20.889982,4284.043377112519,4292.262614051452,4282.417040863307,4292.083527755347,388.16723298815833
2026-08-03 07:06:20.889982,4292.083527755347,4301.7268990624,4291.603501971239,4299.0496177964915,407.9386474851274
2026-08-03 07:11:20.889982,4299.0496177964915,4301.343560814014,4297.253643940813,4299.996252310019,706.0499387939134
2026-08-03 07:16:20.889982,4299.996252310019,4304.4536641306195,4297.820136443221,4303.767384962562,423.9926307421293
2026-08-03 07:21:20.889982,4303.767384962562,4315.335162848484,4303.567180175194,4314.967466835787,419.0409241159414
2026-08-03 07:26:20.889982,4314.967466835787,4317.210539533172,4302.844443337098,4303.9113699366935,726.5609394349615
2026-08-03 07:31:20.889982,4303.9113699366935,4304.3218503529,4299.511231054847,4301.334620943661,819.4794586443246
2026-08-03 07:36:20.889982,4301.334620943661,4305.270947489584,4292.012594633045,4295.123090332514,628.9379606568466
2026-08-03 07:41:20.889982,4295.123090332514,4302.317382645455,4291.3781124266125,4298.8112038105555,369.04604487521016
2026-08-03 07:46:20.889982,4298.8112038105555,4314.024036277158,4295.530150889063,4309.832173944018,397.8783001404841
2026-08-03 07:51:20.889982,4309.832173944018,4312.454309980875,4303.546814812074,4305.120017084124,515.9830527480075
2026-08-03 07:56:20.889982,4305.120017084124,4305.902013017797,4282.074170828833,4285.016519732289,564.1860123851316
2026-08-03 08:01:20.889982,4285.016519732289,4289.27989685913,4279.912210715522,4281.913400129858,302.4268179720456
2026-08-03 08:06:20.889982,4281.913400129858,4293.27708628405,4279.793457133929,4290.172377049218,644.6075879159728
2026-08-03 08:11:20.889982,4290.172377049218,4297.072656194063,4288.412095239775,4295.217408234833,517.1026659279198
2026-08-03 08:16:20.889982,4295.217408234833,4301.496747585498,4293.641511600983,4299.327200959894,156.85833627237412
2026-08-03 08:21:20.889982,4299.327200959894,4302.546422469756,4293.592969901491,4297.3500228149105,314.2147035078539
2026-08-03 08:26:20.889982,4297.3500228149105,4301.144090007565,4285.823745287018,4286.799844096233,399.1742652696673
2026-08-03 08:31:20.889982,4286.799844096233,4295.494119839635,4285.335682328766,4291.649192108195,485.428462231789
2026-08-03 08:36:20.889982,4291.649192108195,4292.976632100887,4281.808650565518,4284.922744125295,877.8557591007992
2026-08-03 08:41:20.889982,4284.922744125295,4305.422892431014,4284.695787169224,4304.111445426269,547.6342612279257
2026-08-03 08:46:20.889982,4304.111445426269,4311.066315004672,4301.006177078285,4309.456225569806,331.84562202027496
2026-08-03 08:51:20.889982,4309.456225569806,4310.865238569541,4302.174861066227,4304.885040428447,544.1261608614326
2026-08-03 08:56:20.889982,4304.885040428447,4307.726778748951,4296.899250172129,4300.054354904702,429.5824505092238
2026-08-03 09:01:20.889982,4300.054354904702,4303.912064673281,4297.825154810377,4299.685045919277,564.9516479067083
2026-08-03 09:06:20.889982,4299.685045919277,4300.400651430465,4296.684997024045,4298.0557575314815,616.113537407123
2026-08-03 09:11:20.889982,4298.0557575314815,4309.959522269392,4294.987412191484,4308.097703509846,741.8461294447876
2026-08-03 09:16:20.889982,4308.097703509846,4310.191751218451,4306.737269224646,4310.13519308326,495.1427008659948
2026-08-03 09:21:20.889982,4310.13519308326,4313.496420036776,4301.375798313256,4304.263346536444,827.7921055199666
2026-08-03 09:26:20.889982,4304.263346536444,4324.161986241711,4300.769099197224,4321.000137715077,681.6045325072382
2026-08-03 09:31:20.889982,4321.000137715077,4325.243479484238,4318.052424160183,4321.858445577727,358.5120910375624
2026-08-03 09:36:20.889982,4321.858445577727,4330.8453319804175,4317.607472833009,4328.942062679596,941.9711331496928
2026-08-03 09:41:20.889982,4328.942062679596,4331.40554757273,4323.234902490642,4324.111699201111,565.3989026540196
2026-08-03 09:46:20.889982,4324.111699201111,4328.953093852674,4321.112657671122,4327.685891790702,332.97509920555297
2026-08-03 09:51:20.889982,4327.685891790702,4334.817435680244,4326.912447208959,4330.812561954742,830.5826102460844
2026-08-03 09:56:20.889982,4330.812561954742,4331.16918919295,4311.10376221001,4314.907487129343,915.555517039689
2026-08-03 10:01:20.889982,4314.907487129343,4336.73297570303,4313.714935822952,4332.767289215458,493.3949472560879
2026-08-03 10:06:20.889982,4332.767289215458,4346.039359088872,4329.906848255167,4344.400278882695,399.26994792488074
2026-08-03 10:11:20.889982,4344.400278882695,4345.833626957255,4337.576531850454,4341.384615171602,465.5250085092676
2026-08-03 10:16:20.889982,4341.384615171602,4341.851655696483,4332.0930585243605,4332.257607290057,642.94634550354
2026-08-03 10:21:20.889982,4332.257607290057,4336.607590185387,4331.018201336577,4335.703655776633,755.5713310061028
2026-08-03 10:26:20.889982,4335.703655776633,4337.378929369567,4335.418841541991,4336.889179257756,614.0974661727147
2026-08-03 10:31:20.889982,4336.889179257756,4343.6889363498785,4336.176729996689,4340.409289610893,520.344641694354
2026-08-03 10:36:20.889982,4340.409289610893,4346.475599293705,4338.812020461771,4342.506885851128,799.6023540608855
2026-08-03 10:41:20.889982,4342.506885851128,4350.255886498117,4341.528075615659,4347.340534678724,437.43270538969557
2026-08-03 10:46:20.889982,4347.340534678724,4361.426540754952,4344.842078065445,4360.378642487916,706.1838676733814
2026-08-03 10:51:20.889982,4360.378642487916,4368.219943024137,4357.026691980236,4365.772303669287,442.38744032974427
2026-08-03 10:56:20.889982,4365.772303669287,4369.080744010639,4354.130265013166,4357.052486806064,586.2045916021787
2026-08-03 11:01:20.889982,4357.052486806064,4371.341533433352,4353.17191989617,4369.379111720302,477.2874870419097
2026-08-03 11:06:20.889982,4369.379111720302,4386.9074836504815,4365.052559119618,4384.177988737391,488.8295634694378
2026-08-03 11:11:20.889982,4384.177988737391,4415.960199894325,4383.983726638275,4412.344857691614,424.522696507558
2026-08-03 11:16:20.889982,4412.344857691614,4413.759428568927,4400.363866976488,4402.8817681421815,768.970806236139
2026-08-03 11:21:20.889982,4402.8817681421815,4408.639979724277,4400.458701609842,4405.461573398806,353.414792378293
2026-08-03 11:26:20.889982,4405.461573398806,4408.924840766643,4386.353064673185,4387.593242705236,351.9535494902583
2026-08-03 11:31:20.889982,4387.593242705236,4393.697087890894,4387.356678227771,4392.889182630478,924.1987131690219
2026-08-03 11:36:20.889982,4392.889182630478,4395.40768637726,4385.492356333211,4388.514285166454,695.5695129308663
2026-08-03 11:41:20.889982,4388.514285166454,4407.306475431948,4385.821562206062,4405.869502340094,50.0
2026-08-03 11:46:20.889982,4405.869502340094,4406.099300292838,4399.052168877539,4399.489008863225,386.9482521579193
2026-08-03 11:51:20.889982,4399.489008863225,4402.576371270693,4383.475471093671,4385.089489689492,137.6021324875892
2026-08-03 11:56:20.889982,4385.089489689492,4388.033349493354,4377.752387237744,4381.396487232496,309.861861316949
2026-08-03 12:01:20.889982,4381.396487232496,4385.132164184989,4363.8048475588585,4364.556282937589,50.0
2026-08-03 12:06:20.889982,4364.556282937589,4373.680599259639,4361.353018444743,4371.554775243695,472.6020844612115
2026-08-03 12:11:20.889982,4371.554775243695,4374.938273815252,4350.555680333024,4353.972137690232,271.6116361677377
2026-08-03 12:16:20.889982,4353.972137690232,4355.648985654259,4353.133846458327,4354.6553955405125,511.9810513592877
2026-08-03 12:21:20.889982,4354.6553955405125,4357.224696518916,4333.816205104976,4337.030316677025,174.97574822349503
2026-08-03 12:26:20.889982,4337.030316677025,4338.414434431147,4334.232506735535,4334.686370751934,516.582370634408
2026-08-03 12:31:20.889982,4334.686370751934,4352.509195777749,4333.387274646908,4349.3917849480285,417.01674437593454
2026-08-03 12:36:20.889982,4349.3917849480285,4353.6895605523205,4348.749277447175,4352.965389371309,800.3905930377191
2026-08-03 12:41:20.889982,4352.965389371309,4354.336179732476,4343.313215529277,4345.888928574141,782.2713723491249
2026-08-03 12:46:20.889982,4345.888928574141,4347.609941619909,4345.799134462057,4346.052306743692,657.0691206020566
2026-08-03 12:51:20.889982,4346.052306743692,4347.064783148231,4344.789764436087,4346.643556725046,434.6772438677575
2026-08-03 12:56:20.889982,4346.643556725046,4354.059806798161,4346.215346815714,4351.1893077091945,897.0760790520587
2026-08-03 13:01:20.889982,4351.1893077091945,4353.62883181544,4339.224311284132,4339.7445853429,189.39294443203585
2026-08-03 13:06:20.889982,4339.7445853429,4346.244863712454,4338.9973311127815,4345.325326271096,219.2882740872675
2026-08-03 13:11:20.889982,4345.325326271096,4345.617456563892,4319.416359240974,4322.3180602350385,483.24338002218707
2026-08-03 13:16:20.889982,4322.3180602350385,4324.321037757082,4313.720161331349,4317.308075062543,950.8076217842238
2026-08-03 13:21:20.889982,4317.308075062543,4317.735017284549,4312.9010975659585,4313.525406751106,459.5322186259825
2026-08-03 13:26:20.889982,4313.525406751106,4320.748253157144,4310.221824358278,4319.424532114293,463.3509513581436
2026-08-03 13:31:20.889982,4319.424532114293,4321.3729186852215,4317.660398329748,4320.05202466219,211.61792877763816
2026-08-03 13:36:20.889982,4320.05202466219,4321.354967759418,4308.010046343477,4308.355681126823,689.1859170540756
2026-08-03 13:41:20.889982,4308.355681126823,4312.40309531307,4297.9477575046985,4300.306643376453,690.6352508658708
2026-08-03 13:46:20.889982,4300.306643376453,4305.8355856660755,4297.475505999215,4302.445975935859,657.815040279982
2026-08-03 13:51:20.889982,4302.445975935859,4304.658527189416,4301.810048445308,4302.195861870007,374.1558654305275
2026-08-03 13:56:20.889982,4302.195861870007,4304.961027468755,4296.977752194476,4297.645478902224,358.6586463253989
2026-08-03 14:01:20.889982,4297.645478902224,4299.426350856541,4291.242555542314,4293.943932107371,241.3755499190059
2026-08-03 14:06:20.889982,4293.943932107371,4303.720586765177,4291.002386531918,4300.356723024052,516.7745003521867
2026-08-03 14:11:20.889982,4300.356723024052,4303.244556750458,4295.695778500345,4296.336113926124,283.91853414429966
2026-08-03 14:16:20.889982,4296.336113926124,4297.823198472895,4295.824469316722,4296.008820818591,264.51669895014226
2026-08-03 14:21:20.889982,4296.008820818591,4318.22959306225,4291.916503040263,4315.124960362101,415.2618566178648
2026-08-03 14:26:20.889982,4315.124960362101,4316.264629699053,4302.908622285037,4303.2860063063745,402.1687649631568
2026-08-03 14:31:20.889982,4303.2860063063745,4305.332520362686,4284.132869988879,4287.806225963778,392.404294235609
2026-08-03 14:36:20.889982,4287.806225963778,4297.331437629346,4287.60565460796,4294.960730136605,593.2889193680522
2026-08-03 14:41:20.889982,4294.960730136605,4299.145191150134,4286.009581931228,4289.564128860387,515.8095604300559
2026-08-03 14:46:20.889982,4289.564128860387,4290.128610092877,4283.311511998453,4287.263501876022,442.36879389777647
2026-08-03 14:51:20.889982,4287.263501876022,4289.195721326482,4279.406668549871,4280.998763387629,536.6025856622964
2026-08-03 14:56:20.889982,4280.998763387629,4282.972532125472,4275.631529233008,4279.202831914286,301.69459177907356
2026-08-03 15:01:20.889982,4279.202831914286,4296.166341570884,4278.949295768991,4293.334974403187,521.0557247819356
2026-08-03 15:06:20.889982,4293.334974403187,4304.776487804105,4292.700487614263,4300.658158752607,530.1204985689268
2026-08-03 15:11:20.889982,4300.658158752607,4311.723931886999,4297.92235299294,4308.511643685788,199.39062812850386
2026-08-03 15:16:20.889982,4308.511643685788,4309.319610463884,4296.021309137176,4296.754903022318,699.1387508740725
